ISO-10303-21;
HEADER;
FILE_DESCRIPTION (( 'STEP AP214' ),
    '1' );
FILE_NAME ('NPTC152LFBN-RC.STEP',
    '2024-10-30T11:33:15',
    ( '' ),
    ( '' ),
    'SwSTEP 2.0',
    'SolidWorks 2021',
    '' );
FILE_SCHEMA (( 'AUTOMOTIVE_DESIGN' ));
ENDSEC;

DATA;
#1 = ORIENTED_EDGE ( 'NONE', *, *, #4081, .F. ) ;
#2 = CARTESIAN_POINT ( 'NONE',  ( -0.3809999999999993947, 7.239000000000000767, 1.650999999999999801 ) ) ;
#3 = CARTESIAN_POINT ( 'NONE',  ( -7.239000000000000767, 7.239000000000000767, -0.8890000000000001235 ) ) ;
#4 = LINE ( 'NONE', #12773, #9011 ) ;
#5 = ADVANCED_FACE ( 'NONE', ( #3920 ), #4778, .F. ) ;
#6 = DIRECTION ( 'NONE',  ( -0.000000000000000000, 1.000000000000000000, 1.733406087350420004E-16 ) ) ;
#7 = DIRECTION ( 'NONE',  ( 0.000000000000000000, -0.7071067811865499042, 0.7071067811865451302 ) ) ;
#8 = ORIENTED_EDGE ( 'NONE', *, *, #11347, .T. ) ;
#9 = DIRECTION ( 'NONE',  ( 0.000000000000000000, -1.000000000000000000, 0.000000000000000000 ) ) ;
#10 = CARTESIAN_POINT ( 'NONE',  ( 17.39900000000000091, 8.064500000000002444, -0.8890000000000001235 ) ) ;
#11 = ORIENTED_EDGE ( 'NONE', *, *, #3143, .T. ) ;
#12 = DIRECTION ( 'NONE',  ( 0.000000000000000000, 3.058038798877906014E-16, -1.000000000000000000 ) ) ;
#13 = ORIENTED_EDGE ( 'NONE', *, *, #11026, .T. ) ;
#14 = VECTOR ( 'NONE', #527, 999.9999999999998863 ) ;
#15 = DIRECTION ( 'NONE',  ( -0.000000000000000000, 0.2588190451025140781, 0.9659258262890700886 ) ) ;
#16 = DIRECTION ( 'NONE',  ( 0.000000000000000000, -1.733406087350420004E-16, 1.000000000000000000 ) ) ;
#17 = ADVANCED_FACE ( 'NONE', ( #3001 ), #66, .F. ) ;
#18 = FACE_OUTER_BOUND ( 'NONE', #1279, .T. ) ;
#19 = DIRECTION ( 'NONE',  ( 0.000000000000000000, 5.691349986800550837E-16, -1.000000000000000000 ) ) ;
#20 = DIRECTION ( 'NONE',  ( 0.000000000000000000, 0.000000000000000000, -1.000000000000000000 ) ) ;
#21 = CARTESIAN_POINT ( 'NONE',  ( -19.05000000000000071, -8.578981026812224210E-17, 2.158999999999999364 ) ) ;
#22 = CARTESIAN_POINT ( 'NONE',  ( 2.159000000000001140, 7.239000000000000767, 0.8889999999999997904 ) ) ;
#23 = ORIENTED_EDGE ( 'NONE', *, *, #931, .F. ) ;
#24 = ORIENTED_EDGE ( 'NONE', *, *, #2180, .F. ) ;
#25 = EDGE_LOOP ( 'NONE', ( #1203, #9814, #7010, #7202 ) ) ;
#26 = DIRECTION ( 'NONE',  ( 0.000000000000000000, 1.000000000000000000, 1.733406087350420004E-16 ) ) ;
#27 = ORIENTED_EDGE ( 'NONE', *, *, #7371, .F. ) ;
#28 = CARTESIAN_POINT ( 'NONE',  ( -7.746999999999998998, 7.810500000000001997, -1.396999999999998021 ) ) ;
#29 = VECTOR ( 'NONE', #11183, 1000.000000000000000 ) ;
#30 = PLANE ( 'NONE',  #1568 ) ;
#31 = ADVANCED_FACE ( 'NONE', ( #11918 ), #11854, .F. ) ;
#32 = CARTESIAN_POINT ( 'NONE',  ( -14.85899999999999999, 7.239000000000000767, -0.8890000000000001235 ) ) ;
#33 = EDGE_CURVE ( 'NONE', #2973, #11326, #6980, .T. ) ;
#34 = LINE ( 'NONE', #11888, #5323 ) ;
#35 = DIRECTION ( 'NONE',  ( 0.000000000000000000, -0.9659258262890701996, -0.2588190451025140226 ) ) ;
#36 = EDGE_LOOP ( 'NONE', ( #12695, #1771, #3345, #9211 ) ) ;
#37 = ORIENTED_EDGE ( 'NONE', *, *, #8037, .T. ) ;
#38 = ORIENTED_EDGE ( 'NONE', *, *, #5625, .T. ) ;
#39 = EDGE_CURVE ( 'NONE', #4558, #12157, #6789, .T. ) ;
#40 = FACE_OUTER_BOUND ( 'NONE', #3422, .T. ) ;
#41 = EDGE_CURVE ( 'NONE', #8465, #639, #5813, .T. ) ;
#42 = EDGE_CURVE ( 'NONE', #1998, #12506, #11665, .T. ) ;
#43 = AXIS2_PLACEMENT_3D ( 'NONE', #6036, #8120, #7265 ) ;
#44 = EDGE_CURVE ( 'NONE', #11132, #9399, #2933, .T. ) ;
#45 = CLOSED_SHELL ( 'NONE', ( #11448, #11736, #738, #4544, #690, #8308, #1955, #10917, #2432, #11104, #1406, #10226, #2234, #9367, #1206, #7779, #1524, #5442, #858, #5895, #2694, #9301, #5930, #6592, #12261, #4180, #5015, #3463 ) ) ;
#46 = EDGE_LOOP ( 'NONE', ( #3439, #3707, #3330, #11987 ) ) ;
#47 = DIRECTION ( 'NONE',  ( 0.000000000000000000, 1.607907343367028359E-16, -1.000000000000000000 ) ) ;
#48 = CARTESIAN_POINT ( 'NONE',  ( -1.270000000000000240, 6.505213034913026604E-16, -2.540000000000000924 ) ) ;
#49 = FACE_OUTER_BOUND ( 'NONE', #9350, .T. ) ;
#50 = CARTESIAN_POINT ( 'NONE',  ( 19.05000000000000071, 8.509000000000000341, -2.540000000000001812 ) ) ;
#51 = ADVANCED_FACE ( 'NONE', ( #9785 ), #860, .F. ) ;
#52 = FACE_OUTER_BOUND ( 'NONE', #11771, .T. ) ;
#53 = FACE_OUTER_BOUND ( 'NONE', #7637, .T. ) ;
#54 = COLOUR_RGB ( '',0.2509803921568627416, 0.2509803921568627416, 0.2509803921568627416 ) ;
#55 = VECTOR ( 'NONE', #12839, 1000.000000000000000 ) ;
#56 = DIRECTION ( 'NONE',  ( 0.000000000000000000, 0.000000000000000000, 1.000000000000000000 ) ) ;
#57 = ORIENTED_EDGE ( 'NONE', *, *, #3150, .F. ) ;
#58 = ORIENTED_EDGE ( 'NONE', *, *, #1627, .T. ) ;
#59 = ORIENTED_EDGE ( 'NONE', *, *, #12314, .T. ) ;
#60 = EDGE_CURVE ( 'NONE', #10650, #8424, #9246, .T. ) ;
#61 = DIRECTION ( 'NONE',  ( -1.000000000000000000, 0.000000000000000000, 0.000000000000000000 ) ) ;
#62 = DIRECTION ( 'NONE',  ( -0.3420201433256661594, 0.9396926207859093161, -2.197857363660188051E-16 ) ) ;
#63 = ORIENTED_EDGE ( 'NONE', *, *, #4101, .T. ) ;
#64 = COLOUR_RGB ( '',0.2509803921568627416, 0.2509803921568627416, 0.2509803921568627416 ) ;
#65 = VECTOR ( 'NONE', #9636, 1000.000000000000000 ) ;
#66 = PLANE ( 'NONE',  #4427 ) ;
#67 = PLANE ( 'NONE',  #149 ) ;
#68 = CARTESIAN_POINT ( 'NONE',  ( -12.31900000000000084, 7.239000000000000767, -1.651000000000000023 ) ) ;
#69 = CARTESIAN_POINT ( 'NONE',  ( 3.810000000000000941, 6.505213034913026604E-16, -2.540000000000000924 ) ) ;
#70 = CARTESIAN_POINT ( 'NONE',  ( -11.42999999999999972, 0.5080000000000000071, 2.022881810244992806 ) ) ;
#71 = CARTESIAN_POINT ( 'NONE',  ( -0.3810000000000000053, -2.692399999999994797, 1.066800000000000637 ) ) ;
#72 = EDGE_LOOP ( 'NONE', ( #5343, #6030, #7550, #8093 ) ) ;
#73 = EDGE_CURVE ( 'NONE', #7517, #11313, #12095, .T. ) ;
#74 = VECTOR ( 'NONE', #11541, 1000.000000000000000 ) ;
#75 = DIRECTION ( 'NONE',  ( 0.000000000000000000, 5.691349986800550837E-16, -1.000000000000000000 ) ) ;
#76 = CARTESIAN_POINT ( 'NONE',  ( -11.42999999999999972, 8.509000000000000341, 2.540000000000001812 ) ) ;
#77 = ORIENTED_EDGE ( 'NONE', *, *, #11554, .T. ) ;
#78 = ADVANCED_FACE ( 'NONE', ( #10156 ), #6058, .F. ) ;
#79 = PLANE ( 'NONE',  #1582 ) ;
#80 = EDGE_LOOP ( 'NONE', ( #1297, #10522, #3461, #1569 ) ) ;
#81 = DIRECTION ( 'NONE',  ( 0.000000000000000000, 0.000000000000000000, -1.000000000000000000 ) ) ;
#82 = DIRECTION ( 'NONE',  ( 0.000000000000000000, -1.000000000000000000, -3.058038798877906014E-16 ) ) ;
#83 = DIRECTION ( 'NONE',  ( 0.000000000000000000, -1.000000000000000000, 0.000000000000000000 ) ) ;
#84 = PLANE ( 'NONE',  #12801 ) ;
#85 = DIRECTION ( 'NONE',  ( -0.000000000000000000, 0.000000000000000000, -1.000000000000000000 ) ) ;
#86 = ORIENTED_EDGE ( 'NONE', *, *, #3410, .F. ) ;
#87 = CARTESIAN_POINT ( 'NONE',  ( 0.3810000000000000053, 0.5079999999999997851, 1.473200000000000953 ) ) ;
#88 = CARTESIAN_POINT ( 'NONE',  ( 3.810000000000000941, 6.505213034913026604E-16, -2.540000000000000924 ) ) ;
#89 = ORIENTED_EDGE ( 'NONE', *, *, #4495, .F. ) ;
#90 = ORIENTED_EDGE ( 'NONE', *, *, #11336, .T. ) ;
#91 = EDGE_CURVE ( 'NONE', #140, #8052, #2324, .T. ) ;
#92 = ORIENTED_EDGE ( 'NONE', *, *, #3072, .F. ) ;
#93 = CARTESIAN_POINT ( 'NONE',  ( 19.05000000000000071, 0.5080000000000006732, -2.022881810244994583 ) ) ;
#94 = ITEM_DEFINED_TRANSFORMATION ( 'NONE', 'NONE', #612,  #2067 ) ;
#95 = DIRECTION ( 'NONE',  ( -1.000000000000000000, 0.000000000000000000, 0.000000000000000000 ) ) ;
#96 = FACE_OUTER_BOUND ( 'NONE', #3676, .T. ) ;
#97 = CARTESIAN_POINT ( 'NONE',  ( -7.239000000000000767, 7.239000000000000767, -0.8890000000000001235 ) ) ;
#98 = EDGE_CURVE ( 'NONE', #626, #6960, #11255, .T. ) ;
#99 = CARTESIAN_POINT ( 'NONE',  ( -13.08099999999999952, 7.239000000000000767, 0.8889999999999997904 ) ) ;
#100 = ORIENTED_EDGE ( 'NONE', *, *, #12488, .T. ) ;
#101 = ORIENTED_EDGE ( 'NONE', *, *, #10879, .T. ) ;
#102 = EDGE_LOOP ( 'NONE', ( #8078, #4976, #2994, #4145 ) ) ;
#103 = VECTOR ( 'NONE', #3085, 1000.000000000000000 ) ;
#104 = EDGE_LOOP ( 'NONE', ( #4324, #7124, #9810, #7566 ) ) ;
#105 = CARTESIAN_POINT ( 'NONE',  ( -6.349999999999999645, 0.5080000000000000071, 2.022881810244992806 ) ) ;
#106 = CARTESIAN_POINT ( 'NONE',  ( 5.905500000000000860, 8.509000000000000341, -2.540000000000001812 ) ) ;
#107 = VECTOR ( 'NONE', #1001, 1000.000000000000000 ) ;
#108 = CARTESIAN_POINT ( 'NONE',  ( -5.460999999999998522, 7.239000000000000767, -1.651000000000000023 ) ) ;
#109 = EDGE_CURVE ( 'NONE', #10025, #3785, #10216, .T. ) ;
#110 = CARTESIAN_POINT ( 'NONE',  ( 6.350000000000001421, 0.000000000000000000, 2.539999999999999147 ) ) ;
#111 = PLANE ( 'NONE',  #7763 ) ;
#112 = EDGE_CURVE ( 'NONE', #2671, #3660, #3317, .T. ) ;
#113 = VECTOR ( 'NONE', #6021, 1000.000000000000000 ) ;
#114 = DIRECTION ( 'NONE',  ( -0.000000000000000000, 1.000000000000000000, 1.733406087350420004E-16 ) ) ;
#115 = ORIENTED_EDGE ( 'NONE', *, *, #12777, .T. ) ;
#116 = EDGE_LOOP ( 'NONE', ( #4933, #1733, #4250, #12002 ) ) ;
#117 = ORIENTED_EDGE ( 'NONE', *, *, #4350, .T. ) ;
#118 = LINE ( 'NONE', #4159, #12007 ) ;
#119 = ORIENTED_EDGE ( 'NONE', *, *, #11991, .T. ) ;
#120 = VECTOR ( 'NONE', #1079, 1000.000000000000114 ) ;
#121 = EDGE_CURVE ( 'NONE', #1483, #7422, #5086, .T. ) ;
#122 = EDGE_CURVE ( 'NONE', #4956, #4169, #11980, .T. ) ;
#123 = AXIS2_PLACEMENT_3D ( 'NONE', #97, #9094, #11100 ) ;
#124 = VECTOR ( 'NONE', #7751, 1000.000000000000000 ) ;
#125 = CARTESIAN_POINT ( 'NONE',  ( 17.39900000000000091, 7.239000000000000767, 0.8889999999999997904 ) ) ;
#126 = EDGE_CURVE ( 'NONE', #7303, #10604, #5204, .T. ) ;
#127 = DIRECTION ( 'NONE',  ( -0.000000000000000000, 0.000000000000000000, 1.000000000000000000 ) ) ;
#128 = DIRECTION ( 'NONE',  ( -1.000000000000000000, -0.000000000000000000, -0.000000000000000000 ) ) ;
#129 = DIRECTION ( 'NONE',  ( 0.5773502691896268413, 0.5773502691896247319, -0.5773502691896256200 ) ) ;
#130 = DIRECTION ( 'NONE',  ( -0.7071067811865462405, -0.7071067811865489050, 0.000000000000000000 ) ) ;
#131 = CARTESIAN_POINT ( 'NONE',  ( -2.920999999999999819, 8.064499999999998892, 1.650999999999999801 ) ) ;
#132 = FACE_OUTER_BOUND ( 'NONE', #218, .T. ) ;
#133 = ORIENTED_EDGE ( 'NONE', *, *, #7244, .F. ) ;
#134 = LINE ( 'NONE', #192, #6387 ) ;
#135 = VECTOR ( 'NONE', #5564, 1000.000000000000000 ) ;
#136 = CARTESIAN_POINT ( 'NONE',  ( 2.920999999999999819, 7.239000000000000767, 0.8889999999999997904 ) ) ;
#137 = ORIENTED_EDGE ( 'NONE', *, *, #9210, .F. ) ;
#138 = VECTOR ( 'NONE', #12851, 1000.000000000000000 ) ;
#139 = LINE ( 'NONE', #2528, #12808 ) ;
#140 = VERTEX_POINT ( 'NONE', #9177 ) ;
#141 = EDGE_CURVE ( 'NONE', #4396, #2196, #238, .T. ) ;
#142 = DIRECTION ( 'NONE',  ( 0.000000000000000000, 1.607907343367028359E-16, -1.000000000000000000 ) ) ;
#143 = PLANE ( 'NONE',  #9120 ) ;
#144 =( REPRESENTATION_RELATIONSHIP ('NONE','NONE', #12679, #10636 ) REPRESENTATION_RELATIONSHIP_WITH_TRANSFORMATION ( #12069 )SHAPE_REPRESENTATION_RELATIONSHIP( ) );
#145 = LINE ( 'NONE', #1245, #10310 ) ;
#146 = DIRECTION ( 'NONE',  ( 0.9396926207859093161, 0.3420201433256662149, 0.000000000000000000 ) ) ;
#147 = EDGE_CURVE ( 'NONE', #5863, #5544, #9321, .T. ) ;
#148 = ORIENTED_EDGE ( 'NONE', *, *, #1722, .F. ) ;
#149 = AXIS2_PLACEMENT_3D ( 'NONE', #10946, #8808, #11982 ) ;
#150 = LINE ( 'NONE', #9999, #9722 ) ;
#151 = DIRECTION ( 'NONE',  ( 0.000000000000000000, 1.733406087350420004E-16, -1.000000000000000000 ) ) ;
#152 = ORIENTED_EDGE ( 'NONE', *, *, #5909, .T. ) ;
#153 = ORIENTED_EDGE ( 'NONE', *, *, #7701, .T. ) ;
#154 = LINE ( 'NONE', #11039, #9707 ) ;
#155 = AXIS2_PLACEMENT_3D ( 'NONE', #2325, #11318, #3318 ) ;
#156 = ITEM_DEFINED_TRANSFORMATION ( 'NONE', 'NONE', #822,  #2067 ) ;
#157 = DIRECTION ( 'NONE',  ( 1.000000000000000000, 0.000000000000000000, -0.000000000000000000 ) ) ;
#158 = LINE ( 'NONE', #11229, #2954 ) ;
#159 = EDGE_CURVE ( 'NONE', #10397, #6266, #10285, .T. ) ;
#160 = DIRECTION ( 'NONE',  ( 1.000000000000000000, 0.000000000000000000, 0.000000000000000000 ) ) ;
#161 = FACE_OUTER_BOUND ( 'NONE', #5903, .T. ) ;
#162 = ORIENTED_EDGE ( 'NONE', *, *, #2036, .T. ) ;
#163 = VERTEX_POINT ( 'NONE', #1349 ) ;
#164 = VERTEX_POINT ( 'NONE', #8084 ) ;
#165 = VECTOR ( 'NONE', #3058, 1000.000000000000000 ) ;
#166 = VECTOR ( 'NONE', #5316, 999.9999999999998863 ) ;
#167 = VERTEX_POINT ( 'NONE', #125 ) ;
#168 = ADVANCED_FACE ( 'NONE', ( #7101 ), #375, .F. ) ;
#169 = CARTESIAN_POINT ( 'NONE',  ( -13.08099999999999952, 8.064500000000002444, -1.650999999999999801 ) ) ;
#170 = DIRECTION ( 'NONE',  ( 0.000000000000000000, 3.058038798877906014E-16, -1.000000000000000000 ) ) ;
#171 = CARTESIAN_POINT ( 'NONE',  ( 16.06550000000000011, 8.509000000000000341, -2.095500000000001695 ) ) ;
#172 = DIRECTION ( 'NONE',  ( 0.000000000000000000, 1.607907343367028359E-16, -1.000000000000000000 ) ) ;
#173 = LINE ( 'NONE', #12349, #8185 ) ;
#174 = VECTOR ( 'NONE', #8344, 1000.000000000000000 ) ;
#175 = FACE_OUTER_BOUND ( 'NONE', #8543, .T. ) ;
#176 = ORIENTED_EDGE ( 'NONE', *, *, #11992, .F. ) ;
#177 = VERTEX_POINT ( 'NONE', #8020 ) ;
#178 = EDGE_LOOP ( 'NONE', ( #12211, #787, #1774, #9409 ) ) ;
#179 = DIRECTION ( 'NONE',  ( -0.000000000000000000, 1.019346266292635338E-16, 1.000000000000000000 ) ) ;
#180 = PRESENTATION_LAYER_ASSIGNMENT (  '', '', ( #1035 ) ) ;
#181 = DIRECTION ( 'NONE',  ( 0.3420201433256661594, 0.9396926207859093161, 2.747321704575235311E-16 ) ) ;
#182 = FACE_OUTER_BOUND ( 'NONE', #3806, .T. ) ;
#183 = CARTESIAN_POINT ( 'NONE',  ( -13.97000000000000064, 0.5080000000000006732, -2.022881810244994583 ) ) ;
#184 = LINE ( 'NONE', #6182, #10116 ) ;
#185 = CARTESIAN_POINT ( 'NONE',  ( 5.080000000000000071, 7.239000000000000767, -2.201425730935033664E-16 ) ) ;
#186 = DIRECTION ( 'NONE',  ( 0.000000000000000000, -1.733406087350420004E-16, 1.000000000000000000 ) ) ;
#187 = LINE ( 'NONE', #10950, #1780 ) ;
#188 = EDGE_LOOP ( 'NONE', ( #219, #152, #12523, #1400 ) ) ;
#189 = EDGE_CURVE ( 'NONE', #8079, #10986, #7045, .T. ) ;
#190 = ORIENTED_EDGE ( 'NONE', *, *, #859, .F. ) ;
#191 = EDGE_CURVE ( 'NONE', #11408, #5030, #3247, .T. ) ;
#192 = CARTESIAN_POINT ( 'NONE',  ( 2.159000000000001140, 7.239000000000000767, -0.8890000000000001235 ) ) ;
#193 = CARTESIAN_POINT ( 'NONE',  ( 7.239000000000002544, 8.064500000000002444, -1.650999999999999801 ) ) ;
#194 = VERTEX_POINT ( 'NONE', #2267 ) ;
#195 = EDGE_CURVE ( 'NONE', #3456, #2696, #1284, .T. ) ;
#196 = EDGE_CURVE ( 'NONE', #3478, #8558, #759, .T. ) ;
#197 = LINE ( 'NONE', #439, #8867 ) ;
#198 = ORIENTED_EDGE ( 'NONE', *, *, #10545, .F. ) ;
#199 = DIRECTION ( 'NONE',  ( -1.000000000000000000, 0.000000000000000000, -0.000000000000000000 ) ) ;
#200 = CARTESIAN_POINT ( 'NONE',  ( 4.699000000000001620, 8.064500000000002444, -0.8890000000000000124 ) ) ;
#201 = DIRECTION ( 'NONE',  ( -0.000000000000000000, 1.000000000000000000, 1.733406087350420004E-16 ) ) ;
#202 = CARTESIAN_POINT ( 'NONE',  ( -13.08099999999999952, 7.239000000000000767, 1.650999999999999801 ) ) ;
#203 = CARTESIAN_POINT ( 'NONE',  ( 8.890000000000002345, 0.5080000000000006732, -2.022881810244994583 ) ) ;
#204 = ORIENTED_EDGE ( 'NONE', *, *, #357, .F. ) ;
#205 = DIRECTION ( 'NONE',  ( 0.000000000000000000, -1.733406087350420004E-16, 1.000000000000000000 ) ) ;
#206 = LINE ( 'NONE', #1132, #262 ) ;
#207 = ORIENTED_EDGE ( 'NONE', *, *, #2929, .F. ) ;
#208 = EDGE_CURVE ( 'NONE', #12378, #4991, #5399, .T. ) ;
#209 = PLANE ( 'NONE',  #8628 ) ;
#210 = VERTEX_POINT ( 'NONE', #4810 ) ;
#211 = LINE ( 'NONE', #11418, #3044 ) ;
#212 = CARTESIAN_POINT ( 'NONE',  ( 19.05000000000000071, 6.505213034913026604E-16, -2.540000000000000924 ) ) ;
#213 = CONTEXT_DEPENDENT_SHAPE_REPRESENTATION ( #3305, #8141 ) ;
#214 = DIRECTION ( 'NONE',  ( -0.000000000000000000, 1.000000000000000000, 1.733406087350420004E-16 ) ) ;
#215 = LINE ( 'NONE', #8247, #12091 ) ;
#216 = LINE ( 'NONE', #4200, #8451 ) ;
#217 = LINE ( 'NONE', #2366, #10673 ) ;
#218 = EDGE_LOOP ( 'NONE', ( #6561, #3236, #10215, #2406 ) ) ;
#219 = ORIENTED_EDGE ( 'NONE', *, *, #5997, .T. ) ;
#220 = ORIENTED_EDGE ( 'NONE', *, *, #1811, .T. ) ;
#221 = ORIENTED_EDGE ( 'NONE', *, *, #11628, .F. ) ;
#222 = VECTOR ( 'NONE', #1867, 1000.000000000000000 ) ;
#223 = DIRECTION ( 'NONE',  ( 0.000000000000000000, 0.000000000000000000, -1.000000000000000000 ) ) ;
#224 = DIRECTION ( 'NONE',  ( 0.000000000000000000, 1.000000000000000000, -1.019346266292635338E-16 ) ) ;
#225 = DIRECTION ( 'NONE',  ( 0.000000000000000000, -0.000000000000000000, -1.000000000000000000 ) ) ;
#226 = DIRECTION ( 'NONE',  ( 0.000000000000000000, 0.2588190451025140226, 0.9659258262890700886 ) ) ;
#227 = DIRECTION ( 'NONE',  ( -0.5773502691896258421, 0.5773502691896236216, -0.5773502691896278405 ) ) ;
#228 = LINE ( 'NONE', #4281, #5052 ) ;
#229 = LINE ( 'NONE', #2317, #5054 ) ;
#230 = ORIENTED_EDGE ( 'NONE', *, *, #10471, .F. ) ;
#231 = ORIENTED_EDGE ( 'NONE', *, *, #7748, .T. ) ;
#232 = ORIENTED_EDGE ( 'NONE', *, *, #4994, .T. ) ;
#233 = AXIS2_PLACEMENT_3D ( 'NONE', #6282, #11099, #3098 ) ;
#234 = DIRECTION ( 'NONE',  ( 1.000000000000000000, 0.000000000000000000, 0.000000000000000000 ) ) ;
#235 = VECTOR ( 'NONE', #12293, 1000.000000000000000 ) ;
#236 = ADVANCED_FACE ( 'NONE', ( #10787 ), #7493, .F. ) ;
#237 = ORIENTED_EDGE ( 'NONE', *, *, #7477, .T. ) ;
#238 = LINE ( 'NONE', #3120, #1500 ) ;
#239 = AXIS2_PLACEMENT_3D ( 'NONE', #2467, #5611, #8602 ) ;
#240 = LINE ( 'NONE', #7230, #9101 ) ;
#241 = AXIS2_PLACEMENT_3D ( 'NONE', #8493, #1514, #662 ) ;
#242 = LINE ( 'NONE', #9179, #9135 ) ;
#243 = DIRECTION ( 'NONE',  ( 0.000000000000000000, -1.000000000000000000, 0.000000000000000000 ) ) ;
#244 = DIRECTION ( 'NONE',  ( 0.000000000000000000, 0.000000000000000000, 1.000000000000000000 ) ) ;
#245 = PLANE ( 'NONE',  #2672 ) ;
#246 = CARTESIAN_POINT ( 'NONE',  ( 6.350000000000001421, 0.5080000000000000071, 2.022881810244992806 ) ) ;
#247 = ORIENTED_EDGE ( 'NONE', *, *, #6032, .T. ) ;
#248 = VERTEX_POINT ( 'NONE', #5841 ) ;
#249 = FILL_AREA_STYLE ('',( #10101 ) ) ;
#250 = CARTESIAN_POINT ( 'NONE',  ( -8.890000000000000568, -8.578981026812224210E-17, 2.158999999999999364 ) ) ;
#251 = ORIENTED_EDGE ( 'NONE', *, *, #11640, .T. ) ;
#252 = ORIENTED_EDGE ( 'NONE', *, *, #4588, .T. ) ;
#253 = VECTOR ( 'NONE', #1080, 1000.000000000000000 ) ;
#254 = VECTOR ( 'NONE', #3943, 1000.000000000000000 ) ;
#255 = PRODUCT_RELATED_PRODUCT_CATEGORY ( 'part', '', ( #9176 ) ) ;
#256 = VECTOR ( 'NONE', #5921, 1000.000000000000000 ) ;
#257 = ORIENTED_EDGE ( 'NONE', *, *, #6391, .F. ) ;
#258 = LINE ( 'NONE', #6394, #10977 ) ;
#259 = CARTESIAN_POINT ( 'NONE',  ( 19.05000000000000071, 4.336808689942017736E-16, -2.159000000000001140 ) ) ;
#260 = VECTOR ( 'NONE', #878, 999.9999999999998863 ) ;
#261 = PRESENTATION_STYLE_ASSIGNMENT (( #5418 ) ) ;
#262 = VECTOR ( 'NONE', #4187, 1000.000000000000000 ) ;
#263 = EDGE_CURVE ( 'NONE', #2556, #5311, #4497, .T. ) ;
#264 = CARTESIAN_POINT ( 'NONE',  ( -18.16100000000000136, 8.064499999999998892, 0.8889999999999999014 ) ) ;
#265 = EDGE_CURVE ( 'NONE', #9006, #10747, #8474, .T. ) ;
#266 = DIRECTION ( 'NONE',  ( -0.000000000000000000, 0.000000000000000000, 1.000000000000000000 ) ) ;
#267 = ORIENTED_EDGE ( 'NONE', *, *, #2343, .T. ) ;
#268 = DIRECTION ( 'NONE',  ( 1.000000000000000000, 0.000000000000000000, 0.000000000000000000 ) ) ;
#269 = EDGE_CURVE ( 'NONE', #969, #9659, #6825, .T. ) ;
#270 = DIRECTION ( 'NONE',  ( 0.000000000000000000, 0.9659258262890700886, -0.2588190451025140781 ) ) ;
#271 = ORIENTED_EDGE ( 'NONE', *, *, #3530, .T. ) ;
#272 = CARTESIAN_POINT ( 'NONE',  ( -11.43000000000000149, 0.000000000000000000, 2.539999999999999147 ) ) ;
#273 = VECTOR ( 'NONE', #9280, 1000.000000000000000 ) ;
#274 = LINE ( 'NONE', #10381, #2346 ) ;
#275 = EDGE_CURVE ( 'NONE', #5460, #6221, #9516, .T. ) ;
#276 = EDGE_LOOP ( 'NONE', ( #3386, #1216, #8054, #9132 ) ) ;
#277 = CARTESIAN_POINT ( 'NONE',  ( 15.62099999999999866, 8.064499999999998892, 0.8889999999999999014 ) ) ;
#278 = EDGE_CURVE ( 'NONE', #7185, #2542, #12738, .T. ) ;
#279 = CARTESIAN_POINT ( 'NONE',  ( -9.334500000000000242, 8.509000000000000341, -0.4444999999999983409 ) ) ;
#280 = CARTESIAN_POINT ( 'NONE',  ( 8.001000000000001222, 7.239000000000000767, 0.8889999999999997904 ) ) ;
#281 = CARTESIAN_POINT ( 'NONE',  ( -4.698999999999999844, 7.239000000000000767, 1.650999999999999801 ) ) ;
#282 = PRESENTATION_LAYER_ASSIGNMENT (  '', '', ( #9879 ) ) ;
#283 = FACE_OUTER_BOUND ( 'NONE', #7826, .T. ) ;
#284 = CARTESIAN_POINT ( 'NONE',  ( -13.97000000000000064, 8.509000000000000341, -2.540000000000001812 ) ) ;
#285 = ORIENTED_EDGE ( 'NONE', *, *, #8969, .T. ) ;
#286 = EDGE_LOOP ( 'NONE', ( #3218, #2692, #2849, #12179 ) ) ;
#287 = ORIENTED_EDGE ( 'NONE', *, *, #9148, .T. ) ;
#288 = PLANE ( 'NONE',  #9543 ) ;
#289 = AXIS2_PLACEMENT_3D ( 'NONE', #7597, #11559, #10589 ) ;
#290 = ORIENTED_EDGE ( 'NONE', *, *, #3147, .F. ) ;
#291 = DIRECTION ( 'NONE',  ( 0.000000000000000000, 0.000000000000000000, -1.000000000000000000 ) ) ;
#292 = CARTESIAN_POINT ( 'NONE',  ( -18.16100000000000136, 7.239000000000000767, 0.8889999999999997904 ) ) ;
#293 = EDGE_CURVE ( 'NONE', #10828, #10266, #9450, .T. ) ;
#294 =( NAMED_UNIT ( * ) SI_UNIT ( $, .STERADIAN. ) SOLID_ANGLE_UNIT ( ) );
#295 = DIRECTION ( 'NONE',  ( -1.000000000000000000, -0.000000000000000000, -0.000000000000000000 ) ) ;
#296 = CARTESIAN_POINT ( 'NONE',  ( -19.05000000000000071, -8.578981026812224210E-17, 2.158999999999999364 ) ) ;
#297 = DIRECTION ( 'NONE',  ( 0.000000000000000000, -0.000000000000000000, -1.000000000000000000 ) ) ;
#298 = CARTESIAN_POINT ( 'NONE',  ( -15.62099999999999866, 7.239000000000000767, -1.651000000000000023 ) ) ;
#299 = ORIENTED_EDGE ( 'NONE', *, *, #3646, .F. ) ;
#300 = EDGE_LOOP ( 'NONE', ( #6873, #1267, #6192, #414 ) ) ;
#301 = ORIENTED_EDGE ( 'NONE', *, *, #11586, .F. ) ;
#302 = EDGE_CURVE ( 'NONE', #12144, #8938, #12358, .T. ) ;
#303 = CARTESIAN_POINT ( 'NONE',  ( -11.42999999999999972, 0.5080000000000006732, -2.022881810244994583 ) ) ;
#304 = VECTOR ( 'NONE', #12401, 1000.000000000000000 ) ;
#305 = ORIENTED_EDGE ( 'NONE', *, *, #6116, .F. ) ;
#306 = DIRECTION ( 'NONE',  ( -0.000000000000000000, 1.000000000000000000, 1.733406087350420004E-16 ) ) ;
#308 = DIRECTION ( 'NONE',  ( 0.000000000000000000, -1.607907343367028359E-16, 1.000000000000000000 ) ) ;
#307 = AXIS2_PLACEMENT_3D ( 'NONE', #9666, #9791, #3858 ) ;
#309 = PLANE ( 'NONE',  #5812 ) ;
#310 = LINE ( 'NONE', #8280, #5127 ) ;
#311 = LINE ( 'NONE', #10220, #9841 ) ;
#312 = LINE ( 'NONE', #6121, #8993 ) ;
#313 = FACE_OUTER_BOUND ( 'NONE', #7222, .T. ) ;
#314 = EDGE_LOOP ( 'NONE', ( #12500, #8467, #7175, #5162 ) ) ;
#315 = ORIENTED_EDGE ( 'NONE', *, *, #1618, .T. ) ;
#316 = ADVANCED_FACE ( 'NONE', ( #11450 ), #826, .F. ) ;
#317 = CARTESIAN_POINT ( 'NONE',  ( -0.3809999999999993947, 7.239000000000000767, -0.8890000000000001235 ) ) ;
#318 = VECTOR ( 'NONE', #12491, 1000.000000000000000 ) ;
#319 = CARTESIAN_POINT ( 'NONE',  ( 5.461000000000000298, 8.064500000000002444, -0.8890000000000001235 ) ) ;
#320 = ORIENTED_EDGE ( 'NONE', *, *, #5535, .F. ) ;
#321 = VERTEX_POINT ( 'NONE', #3825 ) ;
#322 = AXIS2_PLACEMENT_3D ( 'NONE', #4265, #8249, #2173 ) ;
#323 = AXIS2_PLACEMENT_3D ( 'NONE', #10930, #3780, #8735 ) ;
#324 = ORIENTED_EDGE ( 'NONE', *, *, #11347, .F. ) ;
#325 = AXIS2_PLACEMENT_3D ( 'NONE', #5780, #10720, #8647 ) ;
#326 = CARTESIAN_POINT ( 'NONE',  ( 0.3809999999999993947, 7.239000000000000767, 1.650999999999999801 ) ) ;
#327 = CARTESIAN_POINT ( 'NONE',  ( 3.810000000000000941, 4.336808689942017736E-16, -2.159000000000001140 ) ) ;
#328 = CARTESIAN_POINT ( 'NONE',  ( 19.05000000000000071, 6.505213034913026604E-16, -2.540000000000000924 ) ) ;
#329 = AXIS2_PLACEMENT_3D ( 'NONE', #2955, #9806, #815 ) ;
#330 = CARTESIAN_POINT ( 'NONE',  ( -11.42999999999999972, 4.336808689942017736E-16, -2.159000000000001140 ) ) ;
#331 = VECTOR ( 'NONE', #95, 1000.000000000000000 ) ;
#332 = DIRECTION ( 'NONE',  ( -0.5773502691896258421, 0.5773502691896236216, -0.5773502691896278405 ) ) ;
#333 = ORIENTED_EDGE ( 'NONE', *, *, #11186, .T. ) ;
#334 = DIRECTION ( 'NONE',  ( -0.000000000000000000, 1.019346266292635338E-16, 1.000000000000000000 ) ) ;
#335 = CARTESIAN_POINT ( 'NONE',  ( -1.714499999999997248, 8.509000000000000341, -2.540000000000001812 ) ) ;
#336 = EDGE_LOOP ( 'NONE', ( #5128, #4882, #5899, #835 ) ) ;
#337 = PLANE ( 'NONE',  #10980 ) ;
#338 = AXIS2_PLACEMENT_3D ( 'NONE', #4297, #8143, #5335 ) ;
#339 = VECTOR ( 'NONE', #75, 1000.000000000000000 ) ;
#340 = CARTESIAN_POINT ( 'NONE',  ( 19.05000000000000071, 8.509000000000000341, 2.540000000000001812 ) ) ;
#341 = VERTEX_POINT ( 'NONE', #2529 ) ;
#342 = EDGE_CURVE ( 'NONE', #11758, #1376, #1425, .T. ) ;
#343 = LINE ( 'NONE', #7321, #5759 ) ;
#344 = SURFACE_STYLE_USAGE ( .BOTH. , #3283 ) ;
#345 = CARTESIAN_POINT ( 'NONE',  ( -10.28699999999999903, 7.810499999999998444, 1.143000000000000016 ) ) ;
#346 = DIRECTION ( 'NONE',  ( 0.5773502691896272854, -0.5773502691896250649, -0.5773502691896250649 ) ) ;
#347 = PLANE ( 'NONE',  #8053 ) ;
#348 = DIRECTION ( 'NONE',  ( 0.000000000000000000, -1.000000000000000000, -3.058038798877906014E-16 ) ) ;
#349 = ORIENTED_EDGE ( 'NONE', *, *, #3147, .T. ) ;
#350 = VERTEX_POINT ( 'NONE', #6511 ) ;
#351 = EDGE_CURVE ( 'NONE', #6256, #8947, #9386, .T. ) ;
#352 = ORIENTED_EDGE ( 'NONE', *, *, #7444, .F. ) ;
#353 = EDGE_CURVE ( 'NONE', #12797, #10492, #7802, .T. ) ;
#354 = DIRECTION ( 'NONE',  ( 0.000000000000000000, 1.733406087350420004E-16, -1.000000000000000000 ) ) ;
#355 = ORIENTED_EDGE ( 'NONE', *, *, #1026, .F. ) ;
#356 = AXIS2_PLACEMENT_3D ( 'NONE', #319, #5410, #4509 ) ;
#357 = EDGE_CURVE ( 'NONE', #8357, #5685, #5781, .T. ) ;
#358 = EDGE_CURVE ( 'NONE', #8968, #9927, #11385, .T. ) ;
#359 = ORIENTED_EDGE ( 'NONE', *, *, #1724, .F. ) ;
#360 = VECTOR ( 'NONE', #10186, 999.9999999999998863 ) ;
#361 = DIRECTION ( 'NONE',  ( -0.000000000000000000, 0.000000000000000000, -1.000000000000000000 ) ) ;
#362 = FACE_OUTER_BOUND ( 'NONE', #11645, .T. ) ;
#363 = DIRECTION ( 'NONE',  ( 0.000000000000000000, 0.000000000000000000, 1.000000000000000000 ) ) ;
#364 = DIRECTION ( 'NONE',  ( -1.000000000000000000, 0.000000000000000000, -0.000000000000000000 ) ) ;
#365 = CARTESIAN_POINT ( 'NONE',  ( 13.97000000000000064, 0.5080000000000006732, -2.022881810244994583 ) ) ;
#366 = DIRECTION ( 'NONE',  ( -1.000000000000000000, -0.000000000000000000, -0.000000000000000000 ) ) ;
#367 = DIRECTION ( 'NONE',  ( 1.000000000000000000, 0.000000000000000000, 0.000000000000000000 ) ) ;
#368 = ORIENTED_EDGE ( 'NONE', *, *, #9911, .F. ) ;
#369 = ORIENTED_EDGE ( 'NONE', *, *, #5609, .F. ) ;
#370 = ORIENTED_EDGE ( 'NONE', *, *, #2428, .T. ) ;
#371 = DIRECTION ( 'NONE',  ( 0.000000000000000000, 0.000000000000000000, -1.000000000000000000 ) ) ;
#372 = VECTOR ( 'NONE', #4179, 1000.000000000000000 ) ;
#373 = ADVANCED_FACE ( 'NONE', ( #2391 ), #10353, .F. ) ;
#374 = EDGE_LOOP ( 'NONE', ( #6922, #4542, #12574, #2637 ) ) ;
#375 = PLANE ( 'NONE',  #8157 ) ;
#376 = PLANE ( 'NONE',  #155 ) ;
#377 = VECTOR ( 'NONE', #8809, 1000.000000000000000 ) ;
#378 = DIRECTION ( 'NONE',  ( -1.000000000000000000, 0.000000000000000000, -0.000000000000000000 ) ) ;
#379 = DIRECTION ( 'NONE',  ( 0.000000000000000000, -1.000000000000000000, -3.058038798877906014E-16 ) ) ;
#380 = DIRECTION ( 'NONE',  ( 0.000000000000000000, 0.9659258262890701996, 0.2588190451025140226 ) ) ;
#381 = LINE ( 'NONE', #5274, #2135 ) ;
#382 = FACE_OUTER_BOUND ( 'NONE', #12407, .T. ) ;
#383 = CARTESIAN_POINT ( 'NONE',  ( 10.54100000000000215, 7.239000000000000767, 1.650999999999999801 ) ) ;
#384 = ORIENTED_EDGE ( 'NONE', *, *, #7621, .F. ) ;
#385 = VERTEX_POINT ( 'NONE', #10721 ) ;
#386 = LINE ( 'NONE', #8354, #3075 ) ;
#387 = ORIENTED_EDGE ( 'NONE', *, *, #11747, .T. ) ;
#388 = ORIENTED_EDGE ( 'NONE', *, *, #1627, .F. ) ;
#389 = AXIS2_PLACEMENT_3D ( 'NONE', #2186, #8264, #9047 ) ;
#390 = ORIENTED_EDGE ( 'NONE', *, *, #7717, .T. ) ;
#391 = ADVANCED_FACE ( 'NONE', ( #1801 ), #2904, .F. ) ;
#392 = CARTESIAN_POINT ( 'NONE',  ( 7.239000000000002544, 8.064500000000002444, -0.8890000000000000124 ) ) ;
#393 = PLANE ( 'NONE',  #7672 ) ;
#394 = CARTESIAN_POINT ( 'NONE',  ( 2.920999999999999819, 7.239000000000000767, -0.8890000000000001235 ) ) ;
#395 = DIRECTION ( 'NONE',  ( -0.5773502691896272854, -0.5773502691896250649, -0.5773502691896250649 ) ) ;
#396 = AXIS2_PLACEMENT_3D ( 'NONE', #915, #6049, #1099 ) ;
#397 = DIRECTION ( 'NONE',  ( -0.000000000000000000, -0.7071067811865482389, -0.7071067811865469066 ) ) ;
#398 = CARTESIAN_POINT ( 'NONE',  ( 10.16000000000000014, 7.239000000000000767, -2.201425730935033664E-16 ) ) ;
#399 = VERTEX_POINT ( 'NONE', #11824 ) ;
#400 = DIRECTION ( 'NONE',  ( -1.000000000000000000, -0.000000000000000000, -0.000000000000000000 ) ) ;
#401 = LINE ( 'NONE', #6401, #7989 ) ;
#402 = ORIENTED_EDGE ( 'NONE', *, *, #7610, .T. ) ;
#403 = CARTESIAN_POINT ( 'NONE',  ( -13.52550000000000274, 8.509000000000000341, 2.095500000000002139 ) ) ;
#404 = LINE ( 'NONE', #1456, #3397 ) ;
#405 = ORIENTED_EDGE ( 'NONE', *, *, #8563, .T. ) ;
#406 = EDGE_CURVE ( 'NONE', #8743, #2157, #6883, .T. ) ;
#407 = PLANE ( 'NONE',  #547 ) ;
#408 = CARTESIAN_POINT ( 'NONE',  ( -6.349999999999999645, 0.5080000000000006732, -2.022881810244994583 ) ) ;
#409 = PLANE ( 'NONE',  #12159 ) ;
#410 = LINE ( 'NONE', #9484, #9194 ) ;
#411 = CARTESIAN_POINT ( 'NONE',  ( 3.810000000000000941, 8.509000000000000341, 2.095500000000002139 ) ) ;
#412 = LINE ( 'NONE', #1534, #7559 ) ;
#413 = VERTEX_POINT ( 'NONE', #1926 ) ;
#414 = ORIENTED_EDGE ( 'NONE', *, *, #3414, .F. ) ;
#415 = VERTEX_POINT ( 'NONE', #5905 ) ;
#416 = LINE ( 'NONE', #2082, #3919 ) ;
#417 = VERTEX_POINT ( 'NONE', #894 ) ;
#418 = EDGE_CURVE ( 'NONE', #2496, #12156, #4873, .T. ) ;
#419 = ORIENTED_EDGE ( 'NONE', *, *, #764, .F. ) ;
#420 = CARTESIAN_POINT ( 'NONE',  ( -1.270000000000000240, 8.509000000000000341, 2.540000000000001812 ) ) ;
#421 = ADVANCED_FACE ( 'NONE', ( #8751 ), #5626, .F. ) ;
#422 = CARTESIAN_POINT ( 'NONE',  ( 8.890000000000002345, -8.578981026812224210E-17, 2.158999999999999364 ) ) ;
#423 = EDGE_CURVE ( 'NONE', #4829, #11547, #798, .T. ) ;
#424 = CARTESIAN_POINT ( 'NONE',  ( -7.620000000000000107, 0.000000000000000000, 0.000000000000000000 ) ) ;
#425 = LINE ( 'NONE', #1413, #3246 ) ;
#426 = DIRECTION ( 'NONE',  ( 0.5773502691896268413, 0.5773502691896247319, -0.5773502691896256200 ) ) ;
#427 = ORIENTED_EDGE ( 'NONE', *, *, #6486, .F. ) ;
#428 = EDGE_CURVE ( 'NONE', #3237, #8488, #11469, .T. ) ;
#429 = CARTESIAN_POINT ( 'NONE',  ( 13.97000000000000064, 4.336808689942017736E-16, -2.159000000000001140 ) ) ;
#430 = EDGE_CURVE ( 'NONE', #5382, #2785, #12578, .T. ) ;
#431 = DIRECTION ( 'NONE',  ( 0.000000000000000000, 0.000000000000000000, -1.000000000000000000 ) ) ;
#432 = VERTEX_POINT ( 'NONE', #7576 ) ;
#433 = VERTEX_POINT ( 'NONE', #11611 ) ;
#434 = EDGE_LOOP ( 'NONE', ( #6502, #4610, #3444, #320 ) ) ;
#435 = PLANE ( 'NONE',  #4746 ) ;
#436 = EDGE_CURVE ( 'NONE', #8518, #1844, #5559, .T. ) ;
#437 = ORIENTED_EDGE ( 'NONE', *, *, #11095, .T. ) ;
#438 = PRODUCT_DEFINITION_SHAPE ( 'NONE', 'NONE',  #12882 ) ;
#439 = CARTESIAN_POINT ( 'NONE',  ( 0.3810000000000000053, 0.5079999999999998961, -1.066800000000001303 ) ) ;
#440 = ADVANCED_FACE ( 'NONE', ( #4520 ), #3668, .F. ) ;
#441 = DIRECTION ( 'NONE',  ( 0.000000000000000000, 0.000000000000000000, -1.000000000000000000 ) ) ;
#442 = DIRECTION ( 'NONE',  ( 0.000000000000000000, 1.000000000000000000, -1.019346266292635338E-16 ) ) ;
#443 = EDGE_CURVE ( 'NONE', #8996, #415, #7510, .T. ) ;
#444 = LINE ( 'NONE', #7427, #9839 ) ;
#445 = CARTESIAN_POINT ( 'NONE',  ( -13.97000000000000064, 0.5080000000000006732, -2.022881810244994583 ) ) ;
#446 = LINE ( 'NONE', #3452, #12816 ) ;
#447 = FACE_OUTER_BOUND ( 'NONE', #8128, .T. ) ;
#448 = EDGE_CURVE ( 'NONE', #5681, #10604, #2740, .T. ) ;
#449 = CARTESIAN_POINT ( 'NONE',  ( 8.001000000000001222, 8.064499999999998892, 1.650999999999999801 ) ) ;
#450 = AXIS2_PLACEMENT_3D ( 'NONE', #3998, #146, #6265 ) ;
#451 = DIRECTION ( 'NONE',  ( 0.000000000000000000, 1.000000000000000000, -2.251701056906096594E-16 ) ) ;
#452 = ORIENTED_EDGE ( 'NONE', *, *, #1002, .T. ) ;
#453 = ORIENTED_EDGE ( 'NONE', *, *, #2599, .F. ) ;
#454 = DIRECTION ( 'NONE',  ( -1.000000000000000000, 0.000000000000000000, 0.000000000000000000 ) ) ;
#455 = CARTESIAN_POINT ( 'NONE',  ( 12.31900000000000084, 8.064499999999998892, 1.651000000000000023 ) ) ;
#456 = ORIENTED_EDGE ( 'NONE', *, *, #1720, .F. ) ;
#457 = ORIENTED_EDGE ( 'NONE', *, *, #5095, .F. ) ;
#458 = CLOSED_SHELL ( 'NONE', ( #11036, #4360, #5962, #5040, #9705, #4393, #5786, #3015, #3469, #12768, #10088, #10064, #7366, #2255, #9849, #11038, #4291, #3264, #882, #4343, #9541, #4022, #609, #8661, #4971, #11690, #3914, #8340 ) ) ;
#459 = ORIENTED_EDGE ( 'NONE', *, *, #2741, .T. ) ;
#460 = PLANE ( 'NONE',  #11803 ) ;
#461 = CARTESIAN_POINT ( 'NONE',  ( 9.779000000000003467, 8.064499999999998892, 0.8889999999999999014 ) ) ;
#462 = EDGE_CURVE ( 'NONE', #11476, #751, #6732, .T. ) ;
#463 = CARTESIAN_POINT ( 'NONE',  ( -0.8254999999999999005, 8.509000000000000341, -0.4444999999999983409 ) ) ;
#464 = DIRECTION ( 'NONE',  ( -0.3420201433256661594, -0.9396926207859093161, -2.197857363660188051E-16 ) ) ;
#465 = CARTESIAN_POINT ( 'NONE',  ( 11.87449999999999939, 8.509000000000000341, -2.540000000000001812 ) ) ;
#466 = ORIENTED_EDGE ( 'NONE', *, *, #9563, .F. ) ;
#467 = VECTOR ( 'NONE', #10585, 1000.000000000000000 ) ;
#468 = CARTESIAN_POINT ( 'NONE',  ( -3.809999999999999165, 6.505213034913026604E-16, -2.540000000000000924 ) ) ;
#469 = FACE_OUTER_BOUND ( 'NONE', #374, .T. ) ;
#470 = VECTOR ( 'NONE', #11323, 1000.000000000000000 ) ;
#471 = ORIENTED_EDGE ( 'NONE', *, *, #7748, .F. ) ;
#472 = EDGE_CURVE ( 'NONE', #3427, #12668, #4781, .T. ) ;
#473 = LINE ( 'NONE', #8503, #9330 ) ;
#474 = CARTESIAN_POINT ( 'NONE',  ( -17.39900000000000091, 7.239000000000000767, -1.651000000000000023 ) ) ;
#475 = VERTEX_POINT ( 'NONE', #597 ) ;
#476 = AXIS2_PLACEMENT_3D ( 'NONE', #11475, #2554, #3340 ) ;
#477 = LINE ( 'NONE', #4258, #1591 ) ;
#478 = CARTESIAN_POINT ( 'NONE',  ( -9.779000000000001691, 7.239000000000000767, -1.651000000000000023 ) ) ;
#479 = DIRECTION ( 'NONE',  ( 0.000000000000000000, -1.733406087350420004E-16, 1.000000000000000000 ) ) ;
#480 = DIRECTION ( 'NONE',  ( -1.000000000000000000, -0.000000000000000000, -0.000000000000000000 ) ) ;
#481 = LINE ( 'NONE', #8444, #7977 ) ;
#482 = VERTEX_POINT ( 'NONE', #12511 ) ;
#483 = ORIENTED_EDGE ( 'NONE', *, *, #2799, .T. ) ;
#484 = VERTEX_POINT ( 'NONE', #2613 ) ;
#485 = ADVANCED_FACE ( 'NONE', ( #1764 ), #10626, .F. ) ;
#486 = DIRECTION ( 'NONE',  ( 0.000000000000000000, 0.000000000000000000, 1.000000000000000000 ) ) ;
#487 = ORIENTED_EDGE ( 'NONE', *, *, #8018, .F. ) ;
#488 = ORIENTED_EDGE ( 'NONE', *, *, #6978, .T. ) ;
#489 = LINE ( 'NONE', #4347, #537 ) ;
#490 = CARTESIAN_POINT ( 'NONE',  ( 7.747000000000000774, 7.810499999999998444, 1.397000000000000242 ) ) ;
#491 = DIRECTION ( 'NONE',  ( 0.000000000000000000, 0.000000000000000000, 1.000000000000000000 ) ) ;
#492 = FACE_OUTER_BOUND ( 'NONE', #10173, .T. ) ;
#493 = DIRECTION ( 'NONE',  ( 0.000000000000000000, -0.000000000000000000, -1.000000000000000000 ) ) ;
#494 = EDGE_LOOP ( 'NONE', ( #4359, #5328, #7740, #9945 ) ) ;
#495 = CARTESIAN_POINT ( 'NONE',  ( -0.3809999999999993947, 7.239000000000000767, 1.650999999999999801 ) ) ;
#496 = LINE ( 'NONE', #12554, #9216 ) ;
#497 = VERTEX_POINT ( 'NONE', #1650 ) ;
#498 = ORIENTED_EDGE ( 'NONE', *, *, #4624, .T. ) ;
#499 = EDGE_LOOP ( 'NONE', ( #12719, #4688, #8217, #5778 ) ) ;
#500 = CARTESIAN_POINT ( 'NONE',  ( 14.85899999999999999, 8.064499999999998892, 1.651000000000000023 ) ) ;
#501 = VECTOR ( 'NONE', #4733, 1000.000000000000000 ) ;
#502 = ORIENTED_EDGE ( 'NONE', *, *, #1937, .T. ) ;
#503 = PLANE ( 'NONE',  #11560 ) ;
#504 = ADVANCED_FACE ( 'NONE', ( #3795 ), #9600, .F. ) ;
#505 = CARTESIAN_POINT ( 'NONE',  ( 19.30400000000000205, 0.000000000000000000, 2.539999999999999147 ) ) ;
#506 = DIRECTION ( 'NONE',  ( 0.000000000000000000, 2.251701056906096594E-16, 1.000000000000000000 ) ) ;
#507 = VECTOR ( 'NONE', #2830, 999.9999999999998863 ) ;
#508 = EDGE_CURVE ( 'NONE', #4726, #3576, #1709, .T. ) ;
#509 = LINE ( 'NONE', #3584, #3597 ) ;
#510 = LINE ( 'NONE', #12494, #1214 ) ;
#511 = CARTESIAN_POINT ( 'NONE',  ( -13.97000000000000064, 8.509000000000000341, -2.540000000000001812 ) ) ;
#512 = PLANE ( 'NONE',  #8594 ) ;
#513 = DIRECTION ( 'NONE',  ( -1.000000000000000000, -0.000000000000000000, -0.000000000000000000 ) ) ;
#514 = EDGE_LOOP ( 'NONE', ( #4607, #7112, #5036, #7999 ) ) ;
#515 = ORIENTED_EDGE ( 'NONE', *, *, #8083, .T. ) ;
#516 = PLANE ( 'NONE',  #356 ) ;
#517 = ORIENTED_EDGE ( 'NONE', *, *, #6209, .T. ) ;
#518 = ORIENTED_EDGE ( 'NONE', *, *, #3960, .F. ) ;
#519 = EDGE_CURVE ( 'NONE', #981, #6079, #2485, .T. ) ;
#520 = EDGE_CURVE ( 'NONE', #167, #8883, #728, .T. ) ;
#521 = VECTOR ( 'NONE', #5042, 1000.000000000000000 ) ;
#522 = EDGE_CURVE ( 'NONE', #12668, #5382, #8685, .T. ) ;
#523 = ORIENTED_EDGE ( 'NONE', *, *, #7312, .T. ) ;
#524 = DIRECTION ( 'NONE',  ( -1.000000000000000000, 0.000000000000000000, 0.000000000000000000 ) ) ;
#525 = PLANE ( 'NONE',  #5380 ) ;
#526 = DIRECTION ( 'NONE',  ( 0.000000000000000000, -0.9659258262890701996, -0.2588190451025140226 ) ) ;
#527 = DIRECTION ( 'NONE',  ( 0.000000000000000000, -0.9659258262890701996, -0.2588190451025140226 ) ) ;
#528 = VECTOR ( 'NONE', #3964, 1000.000000000000000 ) ;
#529 = CARTESIAN_POINT ( 'NONE',  ( 14.85899999999999999, 7.239000000000000767, 1.650999999999999801 ) ) ;
#530 = VERTEX_POINT ( 'NONE', #4107 ) ;
#531 = PLANE ( 'NONE',  #8462 ) ;
#532 = VECTOR ( 'NONE', #4304, 1000.000000000000000 ) ;
#533 = PLANE ( 'NONE',  #8615 ) ;
#534 = ORIENTED_EDGE ( 'NONE', *, *, #3306, .T. ) ;
#535 = CARTESIAN_POINT ( 'NONE',  ( -8.890000000000000568, 0.5080000000000000071, 2.022881810244992806 ) ) ;
#536 = EDGE_CURVE ( 'NONE', #1218, #5428, #6792, .T. ) ;
#537 = VECTOR ( 'NONE', #4479, 1000.000000000000000 ) ;
#538 = LINE ( 'NONE', #9550, #4914 ) ;
#539 = ORIENTED_EDGE ( 'NONE', *, *, #10443, .T. ) ;
#540 = VECTOR ( 'NONE', #12530, 1000.000000000000000 ) ;
#541 = DIRECTION ( 'NONE',  ( 0.000000000000000000, 1.000000000000000000, 1.733406087350420004E-16 ) ) ;
#542 = VECTOR ( 'NONE', #3184, 1000.000000000000000 ) ;
#543 = EDGE_CURVE ( 'NONE', #5514, #8645, #9788, .T. ) ;
#544 = LINE ( 'NONE', #10190, #3419 ) ;
#545 = DIRECTION ( 'NONE',  ( 0.000000000000000000, -1.000000000000000000, 0.000000000000000000 ) ) ;
#546 = DIRECTION ( 'NONE',  ( -0.000000000000000000, 1.000000000000000000, 1.733406087350420004E-16 ) ) ;
#547 = AXIS2_PLACEMENT_3D ( 'NONE', #5178, #4398, #9217 ) ;
#548 = CARTESIAN_POINT ( 'NONE',  ( 4.699000000000001620, 8.064500000000002444, -1.650999999999999801 ) ) ;
#549 = CARTESIAN_POINT ( 'NONE',  ( -13.97000000000000064, 0.000000000000000000, 2.539999999999999147 ) ) ;
#550 = ORIENTED_EDGE ( 'NONE', *, *, #472, .T. ) ;
#551 = ORIENTED_EDGE ( 'NONE', *, *, #12061, .T. ) ;
#552 = ORIENTED_EDGE ( 'NONE', *, *, #12146, .F. ) ;
#553 = DIRECTION ( 'NONE',  ( 0.000000000000000000, 0.000000000000000000, 1.000000000000000000 ) ) ;
#554 = ORIENTED_EDGE ( 'NONE', *, *, #11942, .T. ) ;
#555 = VECTOR ( 'NONE', #11133, 1000.000000000000000 ) ;
#556 = ORIENTED_EDGE ( 'NONE', *, *, #1088, .F. ) ;
#557 = VECTOR ( 'NONE', #4121, 1000.000000000000000 ) ;
#558 = PLANE ( 'NONE',  #4930 ) ;
#559 = ADVANCED_FACE ( 'NONE', ( #11795 ), #1962, .F. ) ;
#560 = CARTESIAN_POINT ( 'NONE',  ( 10.54100000000000215, 8.064499999999998892, 1.650999999999999801 ) ) ;
#561 = EDGE_CURVE ( 'NONE', #8904, #2824, #4, .T. ) ;
#562 = STYLED_ITEM ( 'NONE', ( #8080 ), #10835 ) ;
#563 = CARTESIAN_POINT ( 'NONE',  ( -5.460999999999998522, 7.239000000000000767, -0.8890000000000001235 ) ) ;
#564 = FACE_OUTER_BOUND ( 'NONE', #12124, .T. ) ;
#565 = ORIENTED_EDGE ( 'NONE', *, *, #7107, .T. ) ;
#566 = DIRECTION ( 'NONE',  ( -1.000000000000000000, 0.000000000000000000, 0.000000000000000000 ) ) ;
#567 = CARTESIAN_POINT ( 'NONE',  ( -5.460999999999998522, 7.239000000000000767, 1.650999999999999801 ) ) ;
#568 = ORIENTED_EDGE ( 'NONE', *, *, #5317, .F. ) ;
#569 = ORIENTED_EDGE ( 'NONE', *, *, #10989, .T. ) ;
#570 = ORIENTED_EDGE ( 'NONE', *, *, #11193, .F. ) ;
#571 = VECTOR ( 'NONE', #2327, 1000.000000000000000 ) ;
#572 = CARTESIAN_POINT ( 'NONE',  ( -4.698999999999999844, 8.064499999999998892, 1.651000000000000023 ) ) ;
#573 = EDGE_CURVE ( 'NONE', #4574, #11433, #1895, .T. ) ;
#574 = AXIS2_PLACEMENT_3D ( 'NONE', #10672, #3778, #910 ) ;
#575 = ORIENTED_EDGE ( 'NONE', *, *, #11663, .T. ) ;
#576 = DIRECTION ( 'NONE',  ( 0.000000000000000000, 1.733406087350420004E-16, -1.000000000000000000 ) ) ;
#577 = CARTESIAN_POINT ( 'NONE',  ( 18.16100000000000136, 7.239000000000000767, 1.650999999999999801 ) ) ;
#578 = EDGE_CURVE ( 'NONE', #9562, #1327, #6985, .T. ) ;
#579 = FILL_AREA_STYLE_COLOUR ( '', #8796 ) ;
#580 = DIRECTION ( 'NONE',  ( -1.000000000000000000, -0.000000000000000000, -0.000000000000000000 ) ) ;
#581 = DIRECTION ( 'NONE',  ( 0.000000000000000000, 0.000000000000000000, 1.000000000000000000 ) ) ;
#582 = CARTESIAN_POINT ( 'NONE',  ( 14.85899999999999999, 7.239000000000000767, -1.651000000000000023 ) ) ;
#583 = CARTESIAN_POINT ( 'NONE',  ( -0.3809999999999993947, 8.064500000000002444, -0.8890000000000001235 ) ) ;
#584 = VECTOR ( 'NONE', #7214, 1000.000000000000114 ) ;
#585 = ORIENTED_EDGE ( 'NONE', *, *, #7940, .T. ) ;
#586 = ORIENTED_EDGE ( 'NONE', *, *, #1794, .T. ) ;
#587 =( NAMED_UNIT ( * ) PLANE_ANGLE_UNIT ( ) SI_UNIT ( $, .RADIAN. ) );
#588 = DIRECTION ( 'NONE',  ( 0.000000000000000000, -0.9659258262890700886, 0.2588190451025140781 ) ) ;
#589 = VERTEX_POINT ( 'NONE', #7964 ) ;
#590 = ORIENTED_EDGE ( 'NONE', *, *, #9610, .F. ) ;
#591 = VECTOR ( 'NONE', #6060, 1000.000000000000000 ) ;
#592 = PRODUCT_DEFINITION ( 'UNKNOWN', '', #1868, #2043 ) ;
#593 = VERTEX_POINT ( 'NONE', #11011 ) ;
#594 = DIRECTION ( 'NONE',  ( 1.000000000000000000, 0.000000000000000000, 0.000000000000000000 ) ) ;
#595 = DIRECTION ( 'NONE',  ( 0.000000000000000000, -0.000000000000000000, -1.000000000000000000 ) ) ;
#596 = EDGE_CURVE ( 'NONE', #3327, #9546, #1115, .T. ) ;
#597 = CARTESIAN_POINT ( 'NONE',  ( -8.445500000000002672, 8.509000000000000341, 2.095500000000002139 ) ) ;
#598 = ADVANCED_FACE ( 'NONE', ( #1838 ), #2024, .F. ) ;
#599 = CARTESIAN_POINT ( 'NONE',  ( -8.890000000000000568, 0.5080000000000006732, -2.022881810244994583 ) ) ;
#600 = CARTESIAN_POINT ( 'NONE',  ( 2.666999999999999371, 7.810499999999998444, 1.143000000000000016 ) ) ;
#601 = VERTEX_POINT ( 'NONE', #5816 ) ;
#602 = ADVANCED_FACE ( 'NONE', ( #4045 ), #8025, .F. ) ;
#603 = DIRECTION ( 'NONE',  ( 1.000000000000000000, 0.000000000000000000, 0.000000000000000000 ) ) ;
#604 = AXIS2_PLACEMENT_3D ( 'NONE', #5012, #8985, #225 ) ;
#605 = CARTESIAN_POINT ( 'NONE',  ( 19.05000000000000071, 4.336808689942017736E-16, -2.159000000000001140 ) ) ;
#606 = EDGE_CURVE ( 'NONE', #12286, #8903, #2090, .T. ) ;
#607 = ORIENTED_EDGE ( 'NONE', *, *, #10235, .F. ) ;
#608 = DIRECTION ( 'NONE',  ( -0.000000000000000000, 1.019346266292635338E-16, 1.000000000000000000 ) ) ;
#609 = ADVANCED_FACE ( 'NONE', ( #4902 ), #7050, .F. ) ;
#610 = FACE_OUTER_BOUND ( 'NONE', #1626, .T. ) ;
#611 = ORIENTED_EDGE ( 'NONE', *, *, #7100, .F. ) ;
#612 = AXIS2_PLACEMENT_3D ( 'NONE', #7869, #3700, #9819 ) ;
#613 = DIRECTION ( 'NONE',  ( -0.000000000000000000, 0.000000000000000000, 1.000000000000000000 ) ) ;
#614 = UNCERTAINTY_MEASURE_WITH_UNIT (LENGTH_MEASURE( 1.000000000000000082E-05 ), #11041, 'distance_accuracy_value', 'NONE');
#615 = DIRECTION ( 'NONE',  ( 0.000000000000000000, -2.251701056906096594E-16, -1.000000000000000000 ) ) ;
#616 = LINE ( 'NONE', #345, #12377 ) ;
#617 = DIRECTION ( 'NONE',  ( -0.000000000000000000, 0.000000000000000000, -1.000000000000000000 ) ) ;
#618 = EDGE_CURVE ( 'NONE', #1551, #9353, #926, .T. ) ;
#619 = CARTESIAN_POINT ( 'NONE',  ( 19.30400000000000205, 6.505213034913026604E-16, -2.540000000000000924 ) ) ;
#620 = DIRECTION ( 'NONE',  ( 1.000000000000000000, 0.000000000000000000, 0.000000000000000000 ) ) ;
#621 = VERTEX_POINT ( 'NONE', #11858 ) ;
#622 = ORIENTED_EDGE ( 'NONE', *, *, #2283, .T. ) ;
#623 = ORIENTED_EDGE ( 'NONE', *, *, #73, .F. ) ;
#624 = DIRECTION ( 'NONE',  ( 0.000000000000000000, 0.9659258262890700886, -0.2588190451025140781 ) ) ;
#625 = EDGE_LOOP ( 'NONE', ( #9151, #4655, #2290, #10317 ) ) ;
#626 = VERTEX_POINT ( 'NONE', #2073 ) ;
#627 = ORIENTED_EDGE ( 'NONE', *, *, #1225, .T. ) ;
#628 = CARTESIAN_POINT ( 'NONE',  ( 2.920999999999999819, 7.239000000000000767, 1.650999999999999801 ) ) ;
#629 = LINE ( 'NONE', #9801, #3921 ) ;
#630 = CARTESIAN_POINT ( 'NONE',  ( 0.000000000000000000, 0.000000000000000000, 0.000000000000000000 ) ) ;
#631 = CARTESIAN_POINT ( 'NONE',  ( -0.3810000000000000053, 0.5079999999999998961, -1.066800000000001303 ) ) ;
#632 = DIRECTION ( 'NONE',  ( 1.000000000000000000, 0.000000000000000000, 0.000000000000000000 ) ) ;
#633 = VERTEX_POINT ( 'NONE', #2936 ) ;
#634 = CARTESIAN_POINT ( 'NONE',  ( -2.159000000000001140, 7.239000000000000767, -1.651000000000000023 ) ) ;
#635 = ADVANCED_FACE ( 'NONE', ( #11921 ), #11732, .F. ) ;
#636 = PLANE ( 'NONE',  #1736 ) ;
#637 = EDGE_LOOP ( 'NONE', ( #623, #6969, #10489, #8769, #9508, #7631, #12879, #453 ) ) ;
#638 = ORIENTED_EDGE ( 'NONE', *, *, #2510, .T. ) ;
#639 = VERTEX_POINT ( 'NONE', #9918 ) ;
#640 = PLANE ( 'NONE',  #1829 ) ;
#641 = EDGE_CURVE ( 'NONE', #10002, #12767, #992, .T. ) ;
#642 = EDGE_LOOP ( 'NONE', ( #7936, #38, #10382, #10493 ) ) ;
#643 = DIRECTION ( 'NONE',  ( -0.5773502691896272854, -0.5773502691896250649, -0.5773502691896250649 ) ) ;
#644 = DIRECTION ( 'NONE',  ( 1.000000000000000000, 0.000000000000000000, 0.000000000000000000 ) ) ;
#645 = FACE_OUTER_BOUND ( 'NONE', #10733, .T. ) ;
#646 = LINE ( 'NONE', #5474, #10171 ) ;
#647 = PLANE ( 'NONE',  #8466 ) ;
#648 = CARTESIAN_POINT ( 'NONE',  ( 11.43000000000000327, 8.509000000000000341, 2.540000000000001812 ) ) ;
#649 = PLANE ( 'NONE',  #823 ) ;
#650 = ORIENTED_EDGE ( 'NONE', *, *, #2352, .T. ) ;
#651 = ORIENTED_EDGE ( 'NONE', *, *, #3072, .T. ) ;
#652 = AXIS2_PLACEMENT_3D ( 'NONE', #10566, #11471, #6673 ) ;
#653 = FILL_AREA_STYLE_COLOUR ( '', #1614 ) ;
#654 = CARTESIAN_POINT ( 'NONE',  ( -4.698999999999999844, 7.239000000000000767, -0.8890000000000001235 ) ) ;
#655 = EDGE_LOOP ( 'NONE', ( #4837, #5944, #8682, #6896 ) ) ;
#656 = VERTEX_POINT ( 'NONE', #3005 ) ;
#657 = EDGE_CURVE ( 'NONE', #1986, #4223, #10948, .T. ) ;
#658 = ORIENTED_EDGE ( 'NONE', *, *, #4222, .T. ) ;
#659 = VECTOR ( 'NONE', #10597, 1000.000000000000000 ) ;
#660 = DIRECTION ( 'NONE',  ( -0.000000000000000000, 1.000000000000000000, 1.733406087350420004E-16 ) ) ;
#661 = DIRECTION ( 'NONE',  ( -0.5773502691896268413, 0.5773502691896247319, -0.5773502691896256200 ) ) ;
#662 = DIRECTION ( 'NONE',  ( 0.000000000000000000, 0.000000000000000000, 1.000000000000000000 ) ) ;
#663 = LINE ( 'NONE', #7711, #8772 ) ;
#664 = ADVANCED_FACE ( 'NONE', ( #5026 ), #10162, .F. ) ;
#665 = DIRECTION ( 'NONE',  ( 0.000000000000000000, 1.000000000000000000, 5.691349986800550837E-16 ) ) ;
#666 = ORIENTED_EDGE ( 'NONE', *, *, #11663, .F. ) ;
#667 = CARTESIAN_POINT ( 'NONE',  ( 3.810000000000000941, 4.336808689942017736E-16, -2.159000000000001140 ) ) ;
#668 = CARTESIAN_POINT ( 'NONE',  ( -8.890000000000000568, 0.5080000000000006732, -2.022881810244994583 ) ) ;
#669 = VERTEX_POINT ( 'NONE', #11201 ) ;
#670 = VECTOR ( 'NONE', #7019, 1000.000000000000000 ) ;
#671 = VECTOR ( 'NONE', #6307, 1000.000000000000000 ) ;
#672 = LINE ( 'NONE', #4595, #4271 ) ;
#673 = ORIENTED_EDGE ( 'NONE', *, *, #7623, .T. ) ;
#674 = CARTESIAN_POINT ( 'NONE',  ( -5.905500000000002636, 8.509000000000000341, 2.095500000000002139 ) ) ;
#675 = ADVANCED_FACE ( 'NONE', ( #2331 ), #1171, .F. ) ;
#676 = EDGE_CURVE ( 'NONE', #8531, #12225, #8346, .T. ) ;
#677 = VECTOR ( 'NONE', #56, 1000.000000000000000 ) ;
#678 = ADVANCED_FACE ( 'NONE', ( #11071 ), #12042, .F. ) ;
#679 = AXIS2_PLACEMENT_3D ( 'NONE', #1754, #4571, #8541 ) ;
#680 = DIRECTION ( 'NONE',  ( 0.000000000000000000, -1.000000000000000000, -2.338910953479677683E-16 ) ) ;
#681 = CARTESIAN_POINT ( 'NONE',  ( -8.000999999999999446, 7.239000000000000767, -1.651000000000000023 ) ) ;
#682 = VERTEX_POINT ( 'NONE', #3185 ) ;
#683 = CARTESIAN_POINT ( 'NONE',  ( 9.779000000000003467, 7.239000000000000767, -0.8890000000000001235 ) ) ;
#684 = CARTESIAN_POINT ( 'NONE',  ( 13.97000000000000064, 4.336808689942017736E-16, -2.159000000000001140 ) ) ;
#685 = ORIENTED_EDGE ( 'NONE', *, *, #6523, .F. ) ;
#686 = ORIENTED_EDGE ( 'NONE', *, *, #2747, .T. ) ;
#687 = EDGE_LOOP ( 'NONE', ( #11462, #12609, #7189, #7614 ) ) ;
#688 = DIRECTION ( 'NONE',  ( -0.000000000000000000, 1.000000000000000000, 5.691349986800550837E-16 ) ) ;
#689 = EDGE_CURVE ( 'NONE', #3408, #1483, #381, .T. ) ;
#690 = ADVANCED_FACE ( 'NONE', ( #4369 ), #9125, .F. ) ;
#691 = AXIS2_PLACEMENT_3D ( 'NONE', #1819, #8118, #9032 ) ;
#692 = VECTOR ( 'NONE', #9441, 1000.000000000000000 ) ;
#693 = VERTEX_POINT ( 'NONE', #7166 ) ;
#694 = ADVANCED_FACE ( 'NONE', ( #6313, #11128, #12299 ), #9391, .F. ) ;
#695 = FACE_OUTER_BOUND ( 'NONE', #4060, .T. ) ;
#696 = APPLICATION_PROTOCOL_DEFINITION ( 'draft international standard', 'automotive_design', 1998, #3747 ) ;
#697 = CARTESIAN_POINT ( 'NONE',  ( -14.41450000000000031, 8.509000000000000341, -0.4444999999999983409 ) ) ;
#698 = FACE_OUTER_BOUND ( 'NONE', #12684, .T. ) ;
#699 = ORIENTED_EDGE ( 'NONE', *, *, #618, .F. ) ;
#700 = AXIS2_PLACEMENT_3D ( 'NONE', #3675, #5756, #870 ) ;
#701 = CARTESIAN_POINT ( 'NONE',  ( -3.365500000000000380, 8.509000000000000341, -2.540000000000001812 ) ) ;
#702 = FACE_OUTER_BOUND ( 'NONE', #2407, .T. ) ;
#703 = EDGE_LOOP ( 'NONE', ( #4672, #10663, #9479, #8 ) ) ;
#704 = VERTEX_POINT ( 'NONE', #4165 ) ;
#705 = VERTEX_POINT ( 'NONE', #8213 ) ;
#706 = DIRECTION ( 'NONE',  ( -1.000000000000000000, 0.000000000000000000, 0.000000000000000000 ) ) ;
#707 = ORIENTED_EDGE ( 'NONE', *, *, #5203, .F. ) ;
#708 = EDGE_CURVE ( 'NONE', #2176, #11303, #8146, .T. ) ;
#709 = DIRECTION ( 'NONE',  ( -0.000000000000000000, 0.000000000000000000, 1.000000000000000000 ) ) ;
#710 = DIRECTION ( 'NONE',  ( -1.000000000000000000, 0.000000000000000000, -0.000000000000000000 ) ) ;
#711 = LINE ( 'NONE', #8667, #12310 ) ;
#712 = CARTESIAN_POINT ( 'NONE',  ( -2.920999999999999819, 8.064499999999998892, 0.8889999999999999014 ) ) ;
#713 = CARTESIAN_POINT ( 'NONE',  ( -0.3810000000000000053, 0.5079999999999998961, 1.066800000000001303 ) ) ;
#714 = DIRECTION ( 'NONE',  ( 0.000000000000000000, 1.000000000000000000, -1.019346266292635338E-16 ) ) ;
#715 = ADVANCED_FACE ( 'NONE', ( #447 ), #6248, .F. ) ;
#716 = CARTESIAN_POINT ( 'NONE',  ( 2.159000000000001140, 8.064499999999998892, 1.650999999999999801 ) ) ;
#717 = AXIS2_PLACEMENT_3D ( 'NONE', #3146, #10251, #4191 ) ;
#718 = DIRECTION ( 'NONE',  ( 0.000000000000000000, 0.000000000000000000, 1.000000000000000000 ) ) ;
#719 = ORIENTED_EDGE ( 'NONE', *, *, #9192, .T. ) ;
#720 = ORIENTED_EDGE ( 'NONE', *, *, #112, .F. ) ;
#721 = CARTESIAN_POINT ( 'NONE',  ( 16.51000000000000156, -8.578981026812224210E-17, 2.158999999999999364 ) ) ;
#722 = CARTESIAN_POINT ( 'NONE',  ( 11.87449999999999584, 8.509000000000000341, -2.540000000000001812 ) ) ;
#723 = ORIENTED_EDGE ( 'NONE', *, *, #2929, .T. ) ;
#724 = EDGE_LOOP ( 'NONE', ( #11756, #11265, #5123, #2177, #11050, #10135, #3918, #12550 ) ) ;
#725 = ORIENTED_EDGE ( 'NONE', *, *, #12703, .F. ) ;
#726 = CARTESIAN_POINT ( 'NONE',  ( -8.890000000000000568, 8.509000000000000341, -0.4444999999999982854 ) ) ;
#727 = CARTESIAN_POINT ( 'NONE',  ( -10.03300000000000125, 7.810499999999998444, 1.143000000000000016 ) ) ;
#728 = LINE ( 'NONE', #5489, #1510 ) ;
#729 = EDGE_CURVE ( 'NONE', #3456, #11816, #2206, .T. ) ;
#730 = DIRECTION ( 'NONE',  ( -1.000000000000000000, 0.000000000000000000, 0.000000000000000000 ) ) ;
#731 = CARTESIAN_POINT ( 'NONE',  ( -14.85899999999999999, 7.239000000000000767, -1.651000000000000023 ) ) ;
#732 = ORIENTED_EDGE ( 'NONE', *, *, #3948, .F. ) ;
#733 = CARTESIAN_POINT ( 'NONE',  ( 15.62099999999999866, 7.239000000000000767, 0.8889999999999997904 ) ) ;
#734 = AXIS2_PLACEMENT_3D ( 'NONE', #820, #3884, #26 ) ;
#735 = PLANE ( 'NONE',  #2142 ) ;
#736 = VERTEX_POINT ( 'NONE', #7295 ) ;
#737 = VECTOR ( 'NONE', #4349, 1000.000000000000000 ) ;
#738 = ADVANCED_FACE ( 'NONE', ( #12166 ), #1431, .F. ) ;
#739 = CARTESIAN_POINT ( 'NONE',  ( 8.001000000000001222, 8.064499999999998892, 1.651000000000000023 ) ) ;
#740 = ORIENTED_EDGE ( 'NONE', *, *, #4598, .F. ) ;
#741 = VECTOR ( 'NONE', #8982, 1000.000000000000000 ) ;
#742 = LINE ( 'NONE', #11807, #10541 ) ;
#743 = CARTESIAN_POINT ( 'NONE',  ( -4.254499999999995730, 8.509000000000000341, 2.095500000000002139 ) ) ;
#744 = AXIS2_PLACEMENT_3D ( 'NONE', #8313, #6281, #9555 ) ;
#745 = CARTESIAN_POINT ( 'NONE',  ( 0.3809999999999998388, -2.692399999999995241, -1.473200000000000065 ) ) ;
#746 = DIRECTION ( 'NONE',  ( -1.000000000000000000, 0.000000000000000000, 0.000000000000000000 ) ) ;
#747 = DIRECTION ( 'NONE',  ( 0.000000000000000000, -1.000000000000000000, 0.000000000000000000 ) ) ;
#748 = DIRECTION ( 'NONE',  ( 0.000000000000000000, 0.9659258262890700886, -0.2588190451025140781 ) ) ;
#749 = VERTEX_POINT ( 'NONE', #7233 ) ;
#750 = ORIENTED_EDGE ( 'NONE', *, *, #5967, .F. ) ;
#751 = VERTEX_POINT ( 'NONE', #2272 ) ;
#752 = DIRECTION ( 'NONE',  ( 0.7071067811865462405, -0.7071067811865489050, 0.000000000000000000 ) ) ;
#753 = AXIS2_PLACEMENT_3D ( 'NONE', #758, #11695, #8714 ) ;
#754 = EDGE_CURVE ( 'NONE', #12067, #5714, #311, .T. ) ;
#755 = AXIS2_PLACEMENT_3D ( 'NONE', #2778, #1869, #11828 ) ;
#756 = VECTOR ( 'NONE', #11260, 1000.000000000000000 ) ;
#757 = ORIENTED_EDGE ( 'NONE', *, *, #1388, .T. ) ;
#758 = CARTESIAN_POINT ( 'NONE',  ( 0.3810000000000000053, -2.692399999999994797, 0.000000000000000000 ) ) ;
#759 = LINE ( 'NONE', #7355, #5049 ) ;
#760 = DIRECTION ( 'NONE',  ( 1.000000000000000000, 0.000000000000000000, 0.000000000000000000 ) ) ;
#761 = CARTESIAN_POINT ( 'NONE',  ( 15.62099999999999866, 7.239000000000000767, 1.650999999999999801 ) ) ;
#762 = EDGE_CURVE ( 'NONE', #5265, #5867, #4300, .T. ) ;
#763 = CARTESIAN_POINT ( 'NONE',  ( -11.43000000000000149, 0.000000000000000000, 2.539999999999999147 ) ) ;
#764 = EDGE_CURVE ( 'NONE', #10492, #8321, #12236, .T. ) ;
#765 = LINE ( 'NONE', #1743, #2408 ) ;
#766 = VECTOR ( 'NONE', #10389, 1000.000000000000000 ) ;
#767 = DIRECTION ( 'NONE',  ( 0.000000000000000000, 0.000000000000000000, 1.000000000000000000 ) ) ;
#768 = ORIENTED_EDGE ( 'NONE', *, *, #11664, .T. ) ;
#769 = ORIENTED_EDGE ( 'NONE', *, *, #4430, .T. ) ;
#770 = ORIENTED_EDGE ( 'NONE', *, *, #3993, .F. ) ;
#771 = CARTESIAN_POINT ( 'NONE',  ( 3.810000000000000941, 8.509000000000000341, -2.540000000000001812 ) ) ;
#772 = ADVANCED_FACE ( 'NONE', ( #2727 ), #10550, .F. ) ;
#773 = EDGE_CURVE ( 'NONE', #5114, #11704, #9456, .T. ) ;
#774 = ORIENTED_EDGE ( 'NONE', *, *, #5470, .T. ) ;
#775 = AXIS2_PLACEMENT_3D ( 'NONE', #4847, #3929, #8625 ) ;
#776 = CARTESIAN_POINT ( 'NONE',  ( 2.920999999999999819, 8.064500000000002444, -1.650999999999999801 ) ) ;
#777 = PLANE ( 'NONE',  #12438 ) ;
#778 = PRESENTATION_STYLE_ASSIGNMENT (( #7077 ) ) ;
#779 = DIRECTION ( 'NONE',  ( -1.000000000000000000, -0.000000000000000000, -0.000000000000000000 ) ) ;
#780 = CARTESIAN_POINT ( 'NONE',  ( 11.42999999999999972, -8.578981026812224210E-17, 2.158999999999999364 ) ) ;
#781 = DIRECTION ( 'NONE',  ( 1.000000000000000000, 0.000000000000000000, 0.000000000000000000 ) ) ;
#782 = AXIS2_PLACEMENT_3D ( 'NONE', #6515, #6446, #4568 ) ;
#783 = CARTESIAN_POINT ( 'NONE',  ( 13.97000000000000064, 0.000000000000000000, 2.539999999999999147 ) ) ;
#784 = VECTOR ( 'NONE', #7307, 1000.000000000000000 ) ;
#785 = DIRECTION ( 'NONE',  ( -1.000000000000000000, -0.000000000000000000, -0.000000000000000000 ) ) ;
#786 = ORIENTED_EDGE ( 'NONE', *, *, #10395, .F. ) ;
#787 = ORIENTED_EDGE ( 'NONE', *, *, #11692, .T. ) ;
#788 = ADVANCED_FACE ( 'NONE', ( #6590 ), #6519, .F. ) ;
#789 = DIRECTION ( 'NONE',  ( -1.000000000000000000, -0.000000000000000000, -0.000000000000000000 ) ) ;
#790 = VECTOR ( 'NONE', #2783, 1000.000000000000000 ) ;
#791 = DIRECTION ( 'NONE',  ( 0.000000000000000000, -1.733406087350420004E-16, 1.000000000000000000 ) ) ;
#792 = VERTEX_POINT ( 'NONE', #8671 ) ;
#793 = VECTOR ( 'NONE', #919, 1000.000000000000000 ) ;
#794 = ORIENTED_EDGE ( 'NONE', *, *, #9685, .F. ) ;
#795 = VECTOR ( 'NONE', #11585, 1000.000000000000000 ) ;
#796 = DIRECTION ( 'NONE',  ( 0.000000000000000000, 0.000000000000000000, -1.000000000000000000 ) ) ;
#797 = DIRECTION ( 'NONE',  ( -0.000000000000000000, 1.000000000000000000, 1.733406087350420004E-16 ) ) ;
#798 = LINE ( 'NONE', #5748, #4011 ) ;
#799 = CARTESIAN_POINT ( 'NONE',  ( 12.31900000000000084, 7.239000000000000767, 1.650999999999999801 ) ) ;
#800 = PLANE ( 'NONE',  #7187 ) ;
#801 = ORIENTED_EDGE ( 'NONE', *, *, #4027, .F. ) ;
#802 = LINE ( 'NONE', #667, #3886 ) ;
#803 = DIRECTION ( 'NONE',  ( -1.000000000000000000, 0.000000000000000000, 0.000000000000000000 ) ) ;
#804 = ORIENTED_EDGE ( 'NONE', *, *, #10228, .T. ) ;
#805 = VECTOR ( 'NONE', #8194, 1000.000000000000000 ) ;
#806 = VECTOR ( 'NONE', #8282, 1000.000000000000000 ) ;
#807 = EDGE_CURVE ( 'NONE', #12341, #11047, #4440, .T. ) ;
#808 = PLANE ( 'NONE',  #1994 ) ;
#809 = ORIENTED_EDGE ( 'NONE', *, *, #4761, .T. ) ;
#810 = PLANE ( 'NONE',  #7641 ) ;
#811 = FACE_OUTER_BOUND ( 'NONE', #985, .T. ) ;
#812 = VECTOR ( 'NONE', #6587, 1000.000000000000000 ) ;
#813 = DIRECTION ( 'NONE',  ( 0.000000000000000000, 5.691349986800550837E-16, -1.000000000000000000 ) ) ;
#814 = LINE ( 'NONE', #11810, #8156 ) ;
#815 = DIRECTION ( 'NONE',  ( -0.000000000000000000, 0.000000000000000000, -1.000000000000000000 ) ) ;
#816 = LINE ( 'NONE', #4988, #254 ) ;
#817 = EDGE_LOOP ( 'NONE', ( #980, #4541, #5350, #12535 ) ) ;
#818 = VERTEX_POINT ( 'NONE', #2598 ) ;
#819 = ORIENTED_EDGE ( 'NONE', *, *, #278, .F. ) ;
#820 = CARTESIAN_POINT ( 'NONE',  ( -18.16100000000000136, 7.239000000000000767, -1.651000000000000023 ) ) ;
#821 = ADVANCED_FACE ( 'NONE', ( #12631 ), #512, .F. ) ;
#822 = AXIS2_PLACEMENT_3D ( 'NONE', #9630, #2647, #760 ) ;
#823 = AXIS2_PLACEMENT_3D ( 'NONE', #783, #4769, #3454 ) ;
#824 = VERTEX_POINT ( 'NONE', #11655 ) ;
#825 = DIRECTION ( 'NONE',  ( -1.000000000000000000, -0.000000000000000000, -0.000000000000000000 ) ) ;
#826 = PLANE ( 'NONE',  #1915 ) ;
#827 = ITEM_DEFINED_TRANSFORMATION ( 'NONE', 'NONE', #10383,  #2067 ) ;
#828 = PLANE ( 'NONE',  #5302 ) ;
#829 = FACE_OUTER_BOUND ( 'NONE', #10831, .T. ) ;
#830 = LINE ( 'NONE', #6701, #8666 ) ;
#831 = ADVANCED_FACE ( 'NONE', ( #2667 ), #9650, .F. ) ;
#832 = CARTESIAN_POINT ( 'NONE',  ( -11.42999999999999972, 6.505213034913026604E-16, -2.540000000000000924 ) ) ;
#833 = ORIENTED_EDGE ( 'NONE', *, *, #5871, .F. ) ;
#834 = EDGE_LOOP ( 'NONE', ( #11754, #4219, #3623, #5508 ) ) ;
#835 = ORIENTED_EDGE ( 'NONE', *, *, #7455, .T. ) ;
#836 = DIRECTION ( 'NONE',  ( -1.000000000000000000, -0.000000000000000000, -0.000000000000000000 ) ) ;
#837 = PRODUCT_DEFINITION ( 'UNKNOWN', '', #9149, #8825 ) ;
#838 = EDGE_CURVE ( 'NONE', #10231, #6721, #10613, .T. ) ;
#839 = ORIENTED_EDGE ( 'NONE', *, *, #952, .T. ) ;
#840 = CARTESIAN_POINT ( 'NONE',  ( 15.62099999999999866, 8.064499999999998892, 1.651000000000000023 ) ) ;
#842 = DIRECTION ( 'NONE',  ( -0.5773502691896259531, -0.5773502691896237327, -0.5773502691896276184 ) ) ;
#841 = ADVANCED_BREP_SHAPE_REPRESENTATION ( '', ( #10642, #6267, #2067 ), #3104 ) ;
#843 = EDGE_CURVE ( 'NONE', #5437, #8318, #9589, .T. ) ;
#844 = AXIS2_PLACEMENT_3D ( 'NONE', #3996, #9871, #2161 ) ;
#845 = DIRECTION ( 'NONE',  ( 0.5773502691896272854, -0.5773502691896250649, -0.5773502691896250649 ) ) ;
#846 = EDGE_CURVE ( 'NONE', #7613, #2707, #10485, .T. ) ;
#847 = DIRECTION ( 'NONE',  ( 1.000000000000000000, 0.000000000000000000, 0.000000000000000000 ) ) ;
#848 = CARTESIAN_POINT ( 'NONE',  ( -3.809999999999999165, 0.5080000000000006732, -2.022881810244994583 ) ) ;
#849 = LINE ( 'NONE', #11720, #2977 ) ;
#850 = DIRECTION ( 'NONE',  ( 0.000000000000000000, -1.000000000000000000, 1.019346266292635338E-16 ) ) ;
#851 = ADVANCED_FACE ( 'NONE', ( #8412 ), #4503, .F. ) ;
#852 = PLANE ( 'NONE',  #1509 ) ;
#853 = ORIENTED_EDGE ( 'NONE', *, *, #6244, .F. ) ;
#854 = ORIENTED_EDGE ( 'NONE', *, *, #9866, .F. ) ;
#855 = DIRECTION ( 'NONE',  ( 0.000000000000000000, 0.000000000000000000, 1.000000000000000000 ) ) ;
#856 = CARTESIAN_POINT ( 'NONE',  ( -6.349999999999999645, 8.509000000000000341, -2.540000000000001812 ) ) ;
#857 = ORIENTED_EDGE ( 'NONE', *, *, #4452, .F. ) ;
#858 = ADVANCED_FACE ( 'NONE', ( #4634 ), #12496, .F. ) ;
#859 = EDGE_CURVE ( 'NONE', #2490, #11633, #6658, .T. ) ;
#860 = PLANE ( 'NONE',  #7324 ) ;
#861 = EDGE_CURVE ( 'NONE', #4005, #705, #3587, .T. ) ;
#862 = DIRECTION ( 'NONE',  ( 1.000000000000000000, 0.000000000000000000, 0.000000000000000000 ) ) ;
#863 = PLANE ( 'NONE',  #10581 ) ;
#864 = DIRECTION ( 'NONE',  ( 0.000000000000000000, 0.9659258262890700886, -0.2588190451025140781 ) ) ;
#865 = CARTESIAN_POINT ( 'NONE',  ( -4.698999999999999844, 8.064499999999998892, 1.650999999999999801 ) ) ;
#866 = AXIS2_PLACEMENT_3D ( 'NONE', #3796, #7772, #11733 ) ;
#867 = FACE_OUTER_BOUND ( 'NONE', #3387, .T. ) ;
#868 = ORIENTED_EDGE ( 'NONE', *, *, #11880, .F. ) ;
#869 = CARTESIAN_POINT ( 'NONE',  ( 4.699000000000001620, 7.239000000000000767, -1.651000000000000023 ) ) ;
#870 = DIRECTION ( 'NONE',  ( 0.000000000000000000, -0.9659258262890700886, 0.2588190451025140781 ) ) ;
#871 = ORIENTED_EDGE ( 'NONE', *, *, #11143, .F. ) ;
#872 = VECTOR ( 'NONE', #9900, 1000.000000000000000 ) ;
#873 = CARTESIAN_POINT ( 'NONE',  ( 0.3810000000000000053, 0.5079999999999997851, 1.473200000000000953 ) ) ;
#874 = ORIENTED_EDGE ( 'NONE', *, *, #9615, .F. ) ;
#875 = ADVANCED_FACE ( 'NONE', ( #7564 ), #1497, .F. ) ;
#876 = DIRECTION ( 'NONE',  ( 0.000000000000000000, 0.000000000000000000, -1.000000000000000000 ) ) ;
#877 = PLANE ( 'NONE',  #6413 ) ;
#878 = DIRECTION ( 'NONE',  ( 0.5773502691896272854, -0.5773502691896250649, -0.5773502691896250649 ) ) ;
#879 = CARTESIAN_POINT ( 'NONE',  ( 8.001000000000001222, 8.064500000000002444, -1.650999999999999801 ) ) ;
#880 = DIRECTION ( 'NONE',  ( 0.000000000000000000, -0.000000000000000000, -1.000000000000000000 ) ) ;
#881 = ORIENTED_EDGE ( 'NONE', *, *, #10062, .T. ) ;
#882 = ADVANCED_FACE ( 'NONE', ( #11524 ), #3653, .F. ) ;
#883 = AXIS2_PLACEMENT_3D ( 'NONE', #9743, #3941, #3811 ) ;
#884 = CARTESIAN_POINT ( 'NONE',  ( 2.159000000000001140, 7.239000000000000767, -1.651000000000000023 ) ) ;
#885 = FACE_OUTER_BOUND ( 'NONE', #5361, .T. ) ;
#886 = VECTOR ( 'NONE', #9816, 1000.000000000000000 ) ;
#887 = ORIENTED_EDGE ( 'NONE', *, *, #10074, .F. ) ;
#888 = ORIENTED_EDGE ( 'NONE', *, *, #4066, .T. ) ;
#889 = ORIENTED_EDGE ( 'NONE', *, *, #10790, .T. ) ;
#890 = CARTESIAN_POINT ( 'NONE',  ( 2.159000000000001140, 8.064499999999998892, 0.8889999999999999014 ) ) ;
#891 = ORIENTED_EDGE ( 'NONE', *, *, #7210, .F. ) ;
#892 = CARTESIAN_POINT ( 'NONE',  ( 5.461000000000000298, 8.064499999999998892, 1.650999999999999801 ) ) ;
#893 = AXIS2_PLACEMENT_3D ( 'NONE', #6183, #2397, #10358 ) ;
#894 = CARTESIAN_POINT ( 'NONE',  ( -8.890000000000000568, 0.5080000000000000071, 2.022881810244992806 ) ) ;
#895 = CARTESIAN_POINT ( 'NONE',  ( -10.54100000000000037, 7.239000000000000767, -0.8890000000000001235 ) ) ;
#896 = CARTESIAN_POINT ( 'NONE',  ( 6.350000000000001421, 8.509000000000000341, -2.540000000000001812 ) ) ;
#897 = EDGE_CURVE ( 'NONE', #10212, #589, #2988, .T. ) ;
#898 = VECTOR ( 'NONE', #12552, 1000.000000000000000 ) ;
#899 = PLANE ( 'NONE',  #5953 ) ;
#900 = FACE_OUTER_BOUND ( 'NONE', #3101, .T. ) ;
#901 = ORIENTED_EDGE ( 'NONE', *, *, #7131, .F. ) ;
#902 = ORIENTED_EDGE ( 'NONE', *, *, #5163, .T. ) ;
#903 = VERTEX_POINT ( 'NONE', #11783 ) ;
#904 = VECTOR ( 'NONE', #11231, 1000.000000000000000 ) ;
#905 = LINE ( 'NONE', #11223, #11393 ) ;
#906 = VECTOR ( 'NONE', #1822, 999.9999999999998863 ) ;
#907 = ORIENTED_EDGE ( 'NONE', *, *, #578, .T. ) ;
#908 = ADVANCED_FACE ( 'NONE', ( #5802 ), #10995, .F. ) ;
#909 = PLANE ( 'NONE',  #2815 ) ;
#910 = DIRECTION ( 'NONE',  ( 0.000000000000000000, -1.000000000000000000, -1.733406087350420004E-16 ) ) ;
#911 = VECTOR ( 'NONE', #2108, 1000.000000000000000 ) ;
#912 = LINE ( 'NONE', #6902, #2901 ) ;
#913 = DIRECTION ( 'NONE',  ( -1.000000000000000000, 0.000000000000000000, 0.000000000000000000 ) ) ;
#914 = LINE ( 'NONE', #12760, #10458 ) ;
#915 = CARTESIAN_POINT ( 'NONE',  ( -1.270000000000000240, 0.000000000000000000, 2.539999999999999147 ) ) ;
#916 = LINE ( 'NONE', #9052, #677 ) ;
#917 = ORIENTED_EDGE ( 'NONE', *, *, #6641, .F. ) ;
#918 = ORIENTED_EDGE ( 'NONE', *, *, #3378, .F. ) ;
#919 = DIRECTION ( 'NONE',  ( 0.000000000000000000, 5.691349986800550837E-16, -1.000000000000000000 ) ) ;
#920 = EDGE_LOOP ( 'NONE', ( #11463, #4964, #8383, #2795 ) ) ;
#921 = AXIS2_PLACEMENT_3D ( 'NONE', #3073, #10103, #6125 ) ;
#922 = EDGE_CURVE ( 'NONE', #8502, #6140, #9775, .T. ) ;
#923 = EDGE_LOOP ( 'NONE', ( #9402, #11188, #4671, #4341 ) ) ;
#924 = CARTESIAN_POINT ( 'NONE',  ( 19.05000000000000071, 8.509000000000000341, -2.540000000000001812 ) ) ;
#925 = CARTESIAN_POINT ( 'NONE',  ( 12.31900000000000084, 8.064500000000002444, -0.8890000000000000124 ) ) ;
#926 = LINE ( 'NONE', #3924, #12098 ) ;
#927 = PLANE ( 'NONE',  #8139 ) ;
#928 = DIRECTION ( 'NONE',  ( -0.000000000000000000, 1.000000000000000000, 1.733406087350420004E-16 ) ) ;
#929 = EDGE_CURVE ( 'NONE', #8822, #9861, #3781, .T. ) ;
#930 = ORIENTED_EDGE ( 'NONE', *, *, #7781, .T. ) ;
#931 = EDGE_CURVE ( 'NONE', #6039, #11408, #11962, .T. ) ;
#932 = PRESENTATION_STYLE_ASSIGNMENT (( #5880 ) ) ;
#933 = PLANE ( 'NONE',  #10466 ) ;
#934 = ORIENTED_EDGE ( 'NONE', *, *, #10905, .F. ) ;
#935 = EDGE_CURVE ( 'NONE', #3902, #6039, #3908, .T. ) ;
#936 = CARTESIAN_POINT ( 'NONE',  ( -9.779000000000001691, 8.064499999999998892, 1.651000000000000023 ) ) ;
#937 = EDGE_LOOP ( 'NONE', ( #2444, #5622, #5852, #9294 ) ) ;
#938 = CARTESIAN_POINT ( 'NONE',  ( -6.349999999999999645, 0.5080000000000000071, 2.022881810244992806 ) ) ;
#939 = DIRECTION ( 'NONE',  ( 0.000000000000000000, 0.000000000000000000, 1.000000000000000000 ) ) ;
#940 = CARTESIAN_POINT ( 'NONE',  ( 3.810000000000000941, 8.509000000000000341, -0.4444999999999982854 ) ) ;
#941 = FACE_OUTER_BOUND ( 'NONE', #6456, .T. ) ;
#942 = CARTESIAN_POINT ( 'NONE',  ( -15.62099999999999866, 8.064500000000002444, -0.8890000000000001235 ) ) ;
#943 = ORIENTED_EDGE ( 'NONE', *, *, #9148, .F. ) ;
#944 = LINE ( 'NONE', #2825, #2834 ) ;
#945 = AXIS2_PLACEMENT_3D ( 'NONE', #2648, #9308, #5450 ) ;
#946 = DIRECTION ( 'NONE',  ( 0.000000000000000000, 0.000000000000000000, -1.000000000000000000 ) ) ;
#947 = ORIENTED_EDGE ( 'NONE', *, *, #6981, .T. ) ;
#948 = ORIENTED_EDGE ( 'NONE', *, *, #8893, .F. ) ;
#949 = ORIENTED_EDGE ( 'NONE', *, *, #11908, .F. ) ;
#950 = ADVANCED_FACE ( 'NONE', ( #2011 ), #4826, .T. ) ;
#951 = DIRECTION ( 'NONE',  ( -0.000000000000000000, -0.7071067811865482389, -0.7071067811865469066 ) ) ;
#952 = EDGE_CURVE ( 'NONE', #8698, #5870, #12692, .T. ) ;
#953 = EDGE_LOOP ( 'NONE', ( #10971, #7350, #1787, #12309 ) ) ;
#954 = VECTOR ( 'NONE', #4845, 1000.000000000000000 ) ;
#955 = DIRECTION ( 'NONE',  ( 1.000000000000000000, 0.000000000000000000, 0.000000000000000000 ) ) ;
#956 = CARTESIAN_POINT ( 'NONE',  ( 12.31900000000000084, 8.064500000000002444, -0.8890000000000001235 ) ) ;
#957 = FACE_BOUND ( 'NONE', #9443, .T. ) ;
#958 = VECTOR ( 'NONE', #3805, 1000.000000000000000 ) ;
#959 = FACE_OUTER_BOUND ( 'NONE', #3176, .T. ) ;
#960 = FACE_OUTER_BOUND ( 'NONE', #276, .T. ) ;
#961 = EDGE_LOOP ( 'NONE', ( #2621, #5710, #3898, #9026 ) ) ;
#962 = ORIENTED_EDGE ( 'NONE', *, *, #11180, .T. ) ;
#963 = ORIENTED_EDGE ( 'NONE', *, *, #9531, .T. ) ;
#964 = CARTESIAN_POINT ( 'NONE',  ( -18.16100000000000136, 8.064499999999998892, 1.651000000000000023 ) ) ;
#965 = VECTOR ( 'NONE', #6953, 1000.000000000000000 ) ;
#966 = VECTOR ( 'NONE', #7496, 999.9999999999998863 ) ;
#967 = EDGE_CURVE ( 'NONE', #10855, #6630, #849, .T. ) ;
#968 = EDGE_CURVE ( 'NONE', #11636, #8947, #1946, .T. ) ;
#969 = VERTEX_POINT ( 'NONE', #8928 ) ;
#970 = VECTOR ( 'NONE', #11435, 1000.000000000000000 ) ;
#971 = DIRECTION ( 'NONE',  ( -0.000000000000000000, 0.000000000000000000, -1.000000000000000000 ) ) ;
#972 = DIRECTION ( 'NONE',  ( -1.000000000000000000, -0.000000000000000000, -0.000000000000000000 ) ) ;
#973 = VECTOR ( 'NONE', #9083, 1000.000000000000000 ) ;
#974 = DIRECTION ( 'NONE',  ( 1.000000000000000000, 0.000000000000000000, -0.000000000000000000 ) ) ;
#976 = CARTESIAN_POINT ( 'NONE',  ( 7.239000000000002544, 8.064499999999998892, 1.650999999999999801 ) ) ;
#975 = AXIS2_PLACEMENT_3D ( 'NONE', #10143, #1211, #10021 ) ;
#977 = PLANE ( 'NONE',  #4860 ) ;
#978 = DIRECTION ( 'NONE',  ( -0.000000000000000000, 1.000000000000000000, 1.733406087350420004E-16 ) ) ;
#979 = CARTESIAN_POINT ( 'NONE',  ( 3.810000000000000941, 8.509000000000000341, -2.540000000000001812 ) ) ;
#980 = ORIENTED_EDGE ( 'NONE', *, *, #11184, .T. ) ;
#981 = VERTEX_POINT ( 'NONE', #5859 ) ;
#982 = ORIENTED_EDGE ( 'NONE', *, *, #9201, .F. ) ;
#983 = EDGE_CURVE ( 'NONE', #482, #10368, #8736, .T. ) ;
#984 = FACE_OUTER_BOUND ( 'NONE', #80, .T. ) ;
#985 = EDGE_LOOP ( 'NONE', ( #3558, #1264, #4866, #11190 ) ) ;
#986 = AXIS2_PLACEMENT_3D ( 'NONE', #2029, #9, #3191 ) ;
#987 = EDGE_CURVE ( 'NONE', #3692, #5437, #6904, .T. ) ;
#988 = ORIENTED_EDGE ( 'NONE', *, *, #5214, .F. ) ;
#989 = VECTOR ( 'NONE', #2040, 1000.000000000000000 ) ;
#990 = DIRECTION ( 'NONE',  ( -0.5773502691896272854, -0.5773502691896250649, -0.5773502691896250649 ) ) ;
#991 = DIRECTION ( 'NONE',  ( 1.000000000000000000, 0.000000000000000000, 0.000000000000000000 ) ) ;
#992 = LINE ( 'NONE', #4969, #10045 ) ;
#993 = FACE_OUTER_BOUND ( 'NONE', #5978, .T. ) ;
#994 = MECHANICAL_DESIGN_GEOMETRIC_PRESENTATION_REPRESENTATION (  '', ( #562 ), #7028 ) ;
#995 = DIRECTION ( 'NONE',  ( 0.000000000000000000, 0.000000000000000000, 1.000000000000000000 ) ) ;
#996 = VERTEX_POINT ( 'NONE', #7752 ) ;
#997 = CARTESIAN_POINT ( 'NONE',  ( 0.1961031209927689978, -3.200400000000000134, 1.473199999999999843 ) ) ;
#998 = CARTESIAN_POINT ( 'NONE',  ( -13.97000000000000064, 8.509000000000000341, -2.540000000000001812 ) ) ;
#999 = ORIENTED_EDGE ( 'NONE', *, *, #8140, .T. ) ;
#1000 = VECTOR ( 'NONE', #6542, 1000.000000000000000 ) ;
#1001 = DIRECTION ( 'NONE',  ( -1.000000000000000000, -0.000000000000000000, -0.000000000000000000 ) ) ;
#1002 = EDGE_CURVE ( 'NONE', #7682, #163, #914, .T. ) ;
#1003 = ORIENTED_EDGE ( 'NONE', *, *, #6073, .T. ) ;
#1004 = ADVANCED_FACE ( 'NONE', ( #52 ), #977, .F. ) ;
#1005 = LINE ( 'NONE', #10963, #989 ) ;
#1006 = DIRECTION ( 'NONE',  ( 0.5773502691896268413, 0.5773502691896247319, -0.5773502691896256200 ) ) ;
#1007 = VECTOR ( 'NONE', #1363, 1000.000000000000000 ) ;
#1008 = EDGE_CURVE ( 'NONE', #1031, #6908, #11845, .T. ) ;
#1009 = CARTESIAN_POINT ( 'NONE',  ( 2.159000000000001140, 7.239000000000000767, 1.650999999999999801 ) ) ;
#1010 = EDGE_CURVE ( 'NONE', #6223, #12850, #8008, .T. ) ;
#1011 = CARTESIAN_POINT ( 'NONE',  ( -18.16100000000000136, 8.064500000000002444, -0.8890000000000001235 ) ) ;
#1012 = ADVANCED_FACE ( 'NONE', ( #3968 ), #7819, .F. ) ;
#1013 = LINE ( 'NONE', #1189, #3792 ) ;
#1014 = CARTESIAN_POINT ( 'NONE',  ( -9.779000000000001691, 7.239000000000000767, 0.8889999999999997904 ) ) ;
#1015 = VECTOR ( 'NONE', #9994, 1000.000000000000114 ) ;
#1016 = EDGE_CURVE ( 'NONE', #10237, #3331, #2314, .T. ) ;
#1017 = CARTESIAN_POINT ( 'NONE',  ( -0.3809999999999993947, 8.064500000000002444, -0.8890000000000000124 ) ) ;
#1018 = ORIENTED_EDGE ( 'NONE', *, *, #11582, .F. ) ;
#1019 = ORIENTED_EDGE ( 'NONE', *, *, #8868, .T. ) ;
#1020 = ORIENTED_EDGE ( 'NONE', *, *, #8720, .F. ) ;
#1021 = CARTESIAN_POINT ( 'NONE',  ( -13.08099999999999952, 7.239000000000000767, -0.8890000000000001235 ) ) ;
#1022 = EDGE_CURVE ( 'NONE', #11968, #8502, #10206, .T. ) ;
#1023 = EDGE_LOOP ( 'NONE', ( #11297, #7147, #9909, #3279 ) ) ;
#1024 = VECTOR ( 'NONE', #10947, 1000.000000000000000 ) ;
#1025 = DIRECTION ( 'NONE',  ( 0.000000000000000000, 0.000000000000000000, 1.000000000000000000 ) ) ;
#1026 = EDGE_CURVE ( 'NONE', #8741, #4127, #2378, .T. ) ;
#1027 = LINE ( 'NONE', #5971, #12585 ) ;
#1028 = LINE ( 'NONE', #10791, #11466 ) ;
#1029 = DIRECTION ( 'NONE',  ( -1.000000000000000000, -0.000000000000000000, -0.000000000000000000 ) ) ;
#1030 = CARTESIAN_POINT ( 'NONE',  ( 19.05000000000000071, 0.000000000000000000, 0.000000000000000000 ) ) ;
#1031 = VERTEX_POINT ( 'NONE', #11055 ) ;
#1032 = EDGE_LOOP ( 'NONE', ( #6854, #6287, #457, #3543 ) ) ;
#1033 = ORIENTED_EDGE ( 'NONE', *, *, #12055, .F. ) ;
#1034 = CARTESIAN_POINT ( 'NONE',  ( 10.03300000000000303, 7.810500000000001997, -1.396999999999998021 ) ) ;
#1035 = STYLED_ITEM ( 'NONE', ( #11112 ), #2085 ) ;
#1036 = ORIENTED_EDGE ( 'NONE', *, *, #4374, .F. ) ;
#1037 = FACE_OUTER_BOUND ( 'NONE', #7116, .T. ) ;
#1038 = CARTESIAN_POINT ( 'NONE',  ( 19.30400000000000205, 8.509000000000000341, -2.540000000000001812 ) ) ;
#1039 = EDGE_CURVE ( 'NONE', #6864, #4080, #10080, .T. ) ;
#1040 = FACE_OUTER_BOUND ( 'NONE', #2781, .T. ) ;
#1041 = CARTESIAN_POINT ( 'NONE',  ( -5.460999999999998522, 8.064499999999998892, 0.8889999999999999014 ) ) ;
#1042 = DIRECTION ( 'NONE',  ( 0.000000000000000000, 1.000000000000000000, 1.733406087350420004E-16 ) ) ;
#1043 = DIRECTION ( 'NONE',  ( -0.000000000000000000, 1.000000000000000000, 1.733406087350420004E-16 ) ) ;
#1044 = LINE ( 'NONE', #8989, #6505 ) ;
#1045 = VERTEX_POINT ( 'NONE', #9049 ) ;
#1046 = ORIENTED_EDGE ( 'NONE', *, *, #12314, .F. ) ;
#1047 = ORIENTED_EDGE ( 'NONE', *, *, #462, .F. ) ;
#1048 = FACE_OUTER_BOUND ( 'NONE', #5004, .T. ) ;
#1049 = DIRECTION ( 'NONE',  ( 0.000000000000000000, -0.000000000000000000, -1.000000000000000000 ) ) ;
#1050 = ORIENTED_EDGE ( 'NONE', *, *, #8360, .F. ) ;
#1051 = ORIENTED_EDGE ( 'NONE', *, *, #1567, .F. ) ;
#1052 = LINE ( 'NONE', #10033, #3063 ) ;
#1053 = LINE ( 'NONE', #5088, #5604 ) ;
#1054 = DIRECTION ( 'NONE',  ( -0.000000000000000000, 0.2588190451025140781, 0.9659258262890700886 ) ) ;
#1055 = CARTESIAN_POINT ( 'NONE',  ( -8.000999999999999446, 8.064499999999998892, 1.651000000000000023 ) ) ;
#1056 = CARTESIAN_POINT ( 'NONE',  ( 11.42999999999999972, 0.000000000000000000, 2.539999999999999147 ) ) ;
#1057 = VERTEX_POINT ( 'NONE', #3302 ) ;
#1058 = EDGE_CURVE ( 'NONE', #1316, #1283, #7278, .T. ) ;
#1059 = FACE_OUTER_BOUND ( 'NONE', #4510, .T. ) ;
#1060 = DIRECTION ( 'NONE',  ( 0.000000000000000000, 0.9659258262890700886, -0.2588190451025140781 ) ) ;
#1061 = ORIENTED_EDGE ( 'NONE', *, *, #3293, .F. ) ;
#1062 = CARTESIAN_POINT ( 'NONE',  ( 10.28700000000000081, 7.810500000000001997, -1.396999999999998021 ) ) ;
#1063 = ORIENTED_EDGE ( 'NONE', *, *, #8815, .T. ) ;
#1064 = ADVANCED_FACE ( 'NONE', ( #2132 ), #5321, .F. ) ;
#1065 = DIRECTION ( 'NONE',  ( 0.000000000000000000, 1.733406087350420004E-16, -1.000000000000000000 ) ) ;
#1066 = CARTESIAN_POINT ( 'NONE',  ( 17.39900000000000091, 7.239000000000000767, -1.651000000000000023 ) ) ;
#1067 = PLANE ( 'NONE',  #844 ) ;
#1068 = DIRECTION ( 'NONE',  ( 0.000000000000000000, 5.691349986800550837E-16, -1.000000000000000000 ) ) ;
#1069 = DIRECTION ( 'NONE',  ( 0.000000000000000000, 0.000000000000000000, -1.000000000000000000 ) ) ;
#1070 = ORIENTED_EDGE ( 'NONE', *, *, #8565, .T. ) ;
#1071 = DIRECTION ( 'NONE',  ( -1.000000000000000000, 0.000000000000000000, 0.000000000000000000 ) ) ;
#1072 = FACE_OUTER_BOUND ( 'NONE', #6481, .T. ) ;
#1073 = VERTEX_POINT ( 'NONE', #10145 ) ;
#1074 = VERTEX_POINT ( 'NONE', #10022 ) ;
#1075 = AXIS2_PLACEMENT_3D ( 'NONE', #12043, #3982, #10888 ) ;
#1076 = EDGE_CURVE ( 'NONE', #3291, #321, #11244, .T. ) ;
#1077 = VERTEX_POINT ( 'NONE', #3111 ) ;
#1078 = EDGE_CURVE ( 'NONE', #10501, #2127, #1155, .T. ) ;
#1079 = DIRECTION ( 'NONE',  ( -0.5773502691896268413, 0.5773502691896247319, -0.5773502691896256200 ) ) ;
#1080 = DIRECTION ( 'NONE',  ( -0.000000000000000000, 1.000000000000000000, 1.733406087350420004E-16 ) ) ;
#1081 = VECTOR ( 'NONE', #6872, 1000.000000000000000 ) ;
#1082 = FACE_BOUND ( 'NONE', #1638, .T. ) ;
#1083 = CARTESIAN_POINT ( 'NONE',  ( -15.62099999999999866, 7.239000000000000767, -1.651000000000000023 ) ) ;
#1084 = LINE ( 'NONE', #10983, #12602 ) ;
#1085 = DIRECTION ( 'NONE',  ( 0.000000000000000000, 0.000000000000000000, 1.000000000000000000 ) ) ;
#1086 = VERTEX_POINT ( 'NONE', #365 ) ;
#1087 = VERTEX_POINT ( 'NONE', #8133 ) ;
#1088 = EDGE_CURVE ( 'NONE', #11596, #12811, #7154, .T. ) ;
#1089 = ORIENTED_EDGE ( 'NONE', *, *, #10989, .F. ) ;
#1090 = EDGE_CURVE ( 'NONE', #11892, #12089, #4351, .T. ) ;
#1091 = AXIS2_PLACEMENT_3D ( 'NONE', #10615, #7756, #1698 ) ;
#1092 = CLOSED_SHELL ( 'NONE', ( #2589, #6797, #10574, #2586, #4853, #10558, #3868, #6294, #1927, #1644, #11434, #1655, #4181, #9267, #3789, #9274, #10268, #559, #12217, #9057, #2941, #373, #2909, #908, #1307, #12121, #4791, #7150 ) ) ;
#1093 = VERTEX_POINT ( 'NONE', #7093 ) ;
#1094 = DIRECTION ( 'NONE',  ( 1.000000000000000000, 0.000000000000000000, 0.000000000000000000 ) ) ;
#1095 = DIRECTION ( 'NONE',  ( -0.000000000000000000, 0.000000000000000000, 1.000000000000000000 ) ) ;
#1096 = CARTESIAN_POINT ( 'NONE',  ( -17.90700000000000003, 7.810499999999998444, 1.143000000000000016 ) ) ;
#1097 = FACE_OUTER_BOUND ( 'NONE', #2099, .T. ) ;
#1098 = CARTESIAN_POINT ( 'NONE',  ( 7.493000000000002991, 7.810500000000001997, -1.396999999999998021 ) ) ;
#1099 = DIRECTION ( 'NONE',  ( 0.000000000000000000, 2.251701056906096594E-16, 1.000000000000000000 ) ) ;
#1100 = VECTOR ( 'NONE', #3158, 1000.000000000000000 ) ;
#1101 = AXIS2_PLACEMENT_3D ( 'NONE', #12449, #11668, #3534 ) ;
#1102 = PLANE ( 'NONE',  #4426 ) ;
#1103 = EDGE_LOOP ( 'NONE', ( #12106, #4391, #3643, #1671 ) ) ;
#1104 = ORIENTED_EDGE ( 'NONE', *, *, #3470, .T. ) ;
#1105 = ORIENTED_EDGE ( 'NONE', *, *, #12573, .T. ) ;
#1106 = PRESENTATION_STYLE_ASSIGNMENT (( #10028 ) ) ;
#1107 = ORIENTED_EDGE ( 'NONE', *, *, #10250, .T. ) ;
#1108 = EDGE_CURVE ( 'NONE', #8922, #3992, #12085, .T. ) ;
#1109 = AXIS2_PLACEMENT_3D ( 'NONE', #1030, #2779, #10919 ) ;
#1110 = DIRECTION ( 'NONE',  ( -1.000000000000000000, -0.000000000000000000, -0.000000000000000000 ) ) ;
#1111 = EDGE_CURVE ( 'NONE', #10747, #3883, #8330, .T. ) ;
#1112 = DIRECTION ( 'NONE',  ( 0.000000000000000000, 0.000000000000000000, -1.000000000000000000 ) ) ;
#1113 = DIRECTION ( 'NONE',  ( 0.000000000000000000, 0.000000000000000000, 1.000000000000000000 ) ) ;
#1114 = CARTESIAN_POINT ( 'NONE',  ( 7.620000000000000107, 7.239000000000000767, -2.201425730935033664E-16 ) ) ;
#1115 = LINE ( 'NONE', #69, #6728 ) ;
#1116 = DIRECTION ( 'NONE',  ( 1.000000000000000000, 0.000000000000000000, 0.000000000000000000 ) ) ;
#1117 = LINE ( 'NONE', #1056, #9072 ) ;
#1118 = ORIENTED_EDGE ( 'NONE', *, *, #561, .T. ) ;
#1119 = AXIS2_PLACEMENT_3D ( 'NONE', #4323, #8110, #3144 ) ;
#1120 = PLANE ( 'NONE',  #5085 ) ;
#1121 = ORIENTED_EDGE ( 'NONE', *, *, #861, .T. ) ;
#1122 = DIRECTION ( 'NONE',  ( 0.000000000000000000, 0.9659258262890701996, 0.2588190451025140226 ) ) ;
#1123 = ORIENTED_EDGE ( 'NONE', *, *, #2211, .F. ) ;
#1124 = EDGE_CURVE ( 'NONE', #639, #1483, #2256, .T. ) ;
#1125 = CARTESIAN_POINT ( 'NONE',  ( 3.810000000000000941, 8.509000000000000341, 2.540000000000001812 ) ) ;
#1126 = LINE ( 'NONE', #259, #3089 ) ;
#1127 = PLANE ( 'NONE',  #2295 ) ;
#1128 = CARTESIAN_POINT ( 'NONE',  ( -6.349999999999999645, 4.336808689942017736E-16, -2.159000000000001140 ) ) ;
#1129 = CARTESIAN_POINT ( 'NONE',  ( 3.810000000000000941, 4.336808689942017736E-16, -2.159000000000001140 ) ) ;
#1130 = ORIENTED_EDGE ( 'NONE', *, *, #7848, .T. ) ;
#1131 = PLANE ( 'NONE',  #2627 ) ;
#1132 = CARTESIAN_POINT ( 'NONE',  ( 11.42999999999999972, 0.5080000000000000071, 2.022881810244992806 ) ) ;
#1133 = EDGE_LOOP ( 'NONE', ( #868, #720, #2559, #11399 ) ) ;
#1134 = EDGE_CURVE ( 'NONE', #2765, #9731, #7343, .T. ) ;
#1135 = VERTEX_POINT ( 'NONE', #9168 ) ;
#1136 = LINE ( 'NONE', #3095, #3670 ) ;
#1137 =( LENGTH_UNIT ( ) NAMED_UNIT ( * ) SI_UNIT ( .MILLI., .METRE. ) );
#1138 = DIRECTION ( 'NONE',  ( 0.000000000000000000, -1.000000000000000000, 0.000000000000000000 ) ) ;
#1139 = DIRECTION ( 'NONE',  ( 0.000000000000000000, -1.000000000000000000, -1.733406087350420004E-16 ) ) ;
#1140 = FACE_OUTER_BOUND ( 'NONE', #6571, .T. ) ;
#1141 = CARTESIAN_POINT ( 'NONE',  ( -4.698999999999999844, 7.239000000000000767, 0.8889999999999997904 ) ) ;
#1142 = ORIENTED_EDGE ( 'NONE', *, *, #3033, .T. ) ;
#1143 = ORIENTED_EDGE ( 'NONE', *, *, #4998, .F. ) ;
#1144 = EDGE_LOOP ( 'NONE', ( #2978, #12715, #5176, #8460 ) ) ;
#1145 = EDGE_CURVE ( 'NONE', #4855, #12683, #4213, .T. ) ;
#1146 = VECTOR ( 'NONE', #1068, 1000.000000000000000 ) ;
#1147 = ORIENTED_EDGE ( 'NONE', *, *, #39, .F. ) ;
#1148 = FACE_OUTER_BOUND ( 'NONE', #8464, .T. ) ;
#1149 = EDGE_CURVE ( 'NONE', #11279, #4005, #8198, .T. ) ;
#1150 = CARTESIAN_POINT ( 'NONE',  ( 19.05000000000000071, 8.509000000000000341, 2.540000000000001812 ) ) ;
#1151 = EDGE_CURVE ( 'NONE', #9889, #7585, #9236, .T. ) ;
#1152 = VECTOR ( 'NONE', #6652, 1000.000000000000000 ) ;
#1153 = CARTESIAN_POINT ( 'NONE',  ( 15.62099999999999866, 7.239000000000000767, 1.650999999999999801 ) ) ;
#1154 = CARTESIAN_POINT ( 'NONE',  ( -13.97000000000000064, -8.578981026812224210E-17, 2.158999999999999364 ) ) ;
#1155 = LINE ( 'NONE', #9108, #1940 ) ;
#1156 = LINE ( 'NONE', #6170, #8597 ) ;
#1157 = VECTOR ( 'NONE', #160, 1000.000000000000000 ) ;
#1158 = EDGE_CURVE ( 'NONE', #7099, #1218, #8266, .T. ) ;
#1159 = PLANE ( 'NONE',  #12526 ) ;
#1160 = EDGE_LOOP ( 'NONE', ( #3295, #6357, #7332, #7529 ) ) ;
#1161 = ORIENTED_EDGE ( 'NONE', *, *, #11544, .F. ) ;
#1162 = EDGE_LOOP ( 'NONE', ( #7858, #5925, #2304, #4311 ) ) ;
#1163 = EDGE_CURVE ( 'NONE', #4192, #1986, #7545, .T. ) ;
#1164 = AXIS2_PLACEMENT_3D ( 'NONE', #4872, #2903, #2965 ) ;
#1165 = VECTOR ( 'NONE', #3204, 1000.000000000000000 ) ;
#1166 = AXIS2_PLACEMENT_3D ( 'NONE', #8345, #10612, #1634 ) ;
#1167 = DIRECTION ( 'NONE',  ( 0.000000000000000000, 1.607907343367028359E-16, -1.000000000000000000 ) ) ;
#1168 = CARTESIAN_POINT ( 'NONE',  ( 8.001000000000001222, 7.239000000000000767, 1.650999999999999801 ) ) ;
#1169 = DIRECTION ( 'NONE',  ( -1.000000000000000000, -0.000000000000000000, -0.000000000000000000 ) ) ;
#1170 = CARTESIAN_POINT ( 'NONE',  ( -8.000999999999999446, 8.064500000000002444, -0.8890000000000000124 ) ) ;
#1171 = PLANE ( 'NONE',  #2545 ) ;
#1172 = VECTOR ( 'NONE', #12837, 1000.000000000000000 ) ;
#1173 = EDGE_CURVE ( 'NONE', #7024, #3514, #2452, .T. ) ;
#1174 = CARTESIAN_POINT ( 'NONE',  ( -8.890000000000000568, 4.336808689942017736E-16, -2.159000000000001140 ) ) ;
#1175 = VECTOR ( 'NONE', #6276, 999.9999999999998863 ) ;
#1176 = FACE_OUTER_BOUND ( 'NONE', #655, .T. ) ;
#1177 = VERTEX_POINT ( 'NONE', #5519 ) ;
#1178 = ORIENTED_EDGE ( 'NONE', *, *, #4007, .F. ) ;
#1179 = DIRECTION ( 'NONE',  ( -1.000000000000000000, 0.000000000000000000, 0.000000000000000000 ) ) ;
#1180 = VECTOR ( 'NONE', #10167, 1000.000000000000000 ) ;
#1181 = CARTESIAN_POINT ( 'NONE',  ( 6.350000000000001421, -8.578981026812224210E-17, 2.158999999999999364 ) ) ;
#1182 = VERTEX_POINT ( 'NONE', #4483 ) ;
#1183 = PLANE ( 'NONE',  #10725 ) ;
#1184 = ORIENTED_EDGE ( 'NONE', *, *, #1486, .T. ) ;
#1185 = PLANE ( 'NONE',  #5358 ) ;
#1186 = CARTESIAN_POINT ( 'NONE',  ( 13.97000000000000064, 0.000000000000000000, 2.539999999999999147 ) ) ;
#1187 =( LENGTH_UNIT ( ) NAMED_UNIT ( * ) SI_UNIT ( .MILLI., .METRE. ) );
#1188 = CARTESIAN_POINT ( 'NONE',  ( -6.794499999999996653, 8.509000000000000341, 0.4444999999999970086 ) ) ;
#1189 = CARTESIAN_POINT ( 'NONE',  ( -11.42999999999999972, -8.578981026812224210E-17, 2.158999999999999364 ) ) ;
#1190 = ORIENTED_EDGE ( 'NONE', *, *, #5455, .F. ) ;
#1191 = FACE_OUTER_BOUND ( 'NONE', #7192, .T. ) ;
#1192 = LINE ( 'NONE', #4249, #911 ) ;
#1193 = ORIENTED_EDGE ( 'NONE', *, *, #9848, .F. ) ;
#1194 = VECTOR ( 'NONE', #61, 1000.000000000000000 ) ;
#1195 = LINE ( 'NONE', #5175, #8209 ) ;
#1196 = ORIENTED_EDGE ( 'NONE', *, *, #1445, .F. ) ;
#1197 = FACE_OUTER_BOUND ( 'NONE', #11447, .T. ) ;
#1198 = VECTOR ( 'NONE', #644, 1000.000000000000000 ) ;
#1199 = CARTESIAN_POINT ( 'NONE',  ( -8.000999999999999446, 7.239000000000000767, 1.650999999999999801 ) ) ;
#1200 = DIRECTION ( 'NONE',  ( 0.000000000000000000, 0.000000000000000000, -1.000000000000000000 ) ) ;
#1201 = CARTESIAN_POINT ( 'NONE',  ( -6.349999999999999645, 6.505213034913026604E-16, -2.540000000000000924 ) ) ;
#1202 = CARTESIAN_POINT ( 'NONE',  ( 19.30400000000000205, 8.509000000000000341, -2.540000000000001812 ) ) ;
#1203 = ORIENTED_EDGE ( 'NONE', *, *, #7292, .T. ) ;
#1204 = EDGE_LOOP ( 'NONE', ( #9973, #6069, #8641, #6704 ) ) ;
#1205 = VERTEX_POINT ( 'NONE', #11438 ) ;
#1206 = ADVANCED_FACE ( 'NONE', ( #698 ), #4418, .F. ) ;
#1207 = VECTOR ( 'NONE', #12025, 1000.000000000000000 ) ;
#1208 = ORIENTED_EDGE ( 'NONE', *, *, #1332, .F. ) ;
#1209 = CARTESIAN_POINT ( 'NONE',  ( 0.3810000000000000053, -3.200400000000000134, 1.066800000000000415 ) ) ;
#1210 = CARTESIAN_POINT ( 'NONE',  ( -19.30400000000000205, -8.578981026812224210E-17, 2.158999999999999364 ) ) ;
#1211 = DIRECTION ( 'NONE',  ( -0.7071067811865462405, -0.7071067811865489050, 0.000000000000000000 ) ) ;
#1212 = DIRECTION ( 'NONE',  ( 0.000000000000000000, 0.000000000000000000, -1.000000000000000000 ) ) ;
#1213 = CARTESIAN_POINT ( 'NONE',  ( 5.461000000000000298, 7.239000000000000767, -1.651000000000000023 ) ) ;
#1214 = VECTOR ( 'NONE', #5336, 1000.000000000000000 ) ;
#1215 = CARTESIAN_POINT ( 'NONE',  ( -13.52549999999999919, 8.509000000000000341, -2.095500000000001695 ) ) ;
#1216 = ORIENTED_EDGE ( 'NONE', *, *, #773, .F. ) ;
#1217 = ORIENTED_EDGE ( 'NONE', *, *, #6681, .F. ) ;
#1218 = VERTEX_POINT ( 'NONE', #12608 ) ;
#1219 = CARTESIAN_POINT ( 'NONE',  ( -12.57300000000000040, 7.810499999999998444, 1.143000000000000016 ) ) ;
#1220 =( GEOMETRIC_REPRESENTATION_CONTEXT ( 3 ) GLOBAL_UNCERTAINTY_ASSIGNED_CONTEXT ( ( #2950 ) ) GLOBAL_UNIT_ASSIGNED_CONTEXT ( ( #1336, #5449, #11242 ) ) REPRESENTATION_CONTEXT ( 'NONE', 'WORKASPACE' ) );
#1221 = EDGE_CURVE ( 'NONE', #7053, #11155, #6432, .T. ) ;
#1222 = VECTOR ( 'NONE', #6520, 1000.000000000000000 ) ;
#1223 = EDGE_CURVE ( 'NONE', #1057, #530, #9374, .T. ) ;
#1224 = CARTESIAN_POINT ( 'NONE',  ( -6.349999999999999645, 8.509000000000000341, -2.540000000000001812 ) ) ;
#1225 = EDGE_CURVE ( 'NONE', #5030, #669, #3702, .T. ) ;
#1226 = CARTESIAN_POINT ( 'NONE',  ( 4.699000000000001620, 7.239000000000000767, 1.650999999999999801 ) ) ;
#1227 = CARTESIAN_POINT ( 'NONE',  ( 8.890000000000002345, 0.5080000000000000071, 2.022881810244992806 ) ) ;
#1228 = DIRECTION ( 'NONE',  ( 0.000000000000000000, 0.000000000000000000, 1.000000000000000000 ) ) ;
#1229 = CARTESIAN_POINT ( 'NONE',  ( 19.05000000000000071, 0.5080000000000000071, 2.022881810244992806 ) ) ;
#1230 = CARTESIAN_POINT ( 'NONE',  ( -10.54100000000000037, 7.239000000000000767, 1.650999999999999801 ) ) ;
#1231 = DIRECTION ( 'NONE',  ( -0.000000000000000000, 1.019346266292635338E-16, 1.000000000000000000 ) ) ;
#1232 = ORIENTED_EDGE ( 'NONE', *, *, #4693, .F. ) ;
#1233 = ORIENTED_EDGE ( 'NONE', *, *, #11272, .T. ) ;
#1234 = DIRECTION ( 'NONE',  ( 0.000000000000000000, 0.000000000000000000, 1.000000000000000000 ) ) ;
#1235 = VERTEX_POINT ( 'NONE', #7605 ) ;
#1236 = VECTOR ( 'NONE', #1043, 1000.000000000000000 ) ;
#1237 = ORIENTED_EDGE ( 'NONE', *, *, #6177, .F. ) ;
#1238 = EDGE_CURVE ( 'NONE', #2569, #2932, #4554, .T. ) ;
#1239 = EDGE_CURVE ( 'NONE', #4506, #1859, #10463, .T. ) ;
#1240 = CARTESIAN_POINT ( 'NONE',  ( -8.000999999999999446, 7.239000000000000767, -0.8890000000000001235 ) ) ;
#1241 = VERTEX_POINT ( 'NONE', #7480 ) ;
#1242 = LINE ( 'NONE', #5223, #7864 ) ;
#1243 = FACE_BOUND ( 'NONE', #8783, .T. ) ;
#1244 = LINE ( 'NONE', #6263, #11240 ) ;
#1245 = CARTESIAN_POINT ( 'NONE',  ( -12.31900000000000084, 7.239000000000000767, 1.650999999999999801 ) ) ;
#1246 = FACE_OUTER_BOUND ( 'NONE', #10698, .T. ) ;
#1247 = ORIENTED_EDGE ( 'NONE', *, *, #4428, .T. ) ;
#1248 = LINE ( 'NONE', #9207, #1594 ) ;
#1249 = CARTESIAN_POINT ( 'NONE',  ( 14.85899999999999999, 8.064499999999998892, 0.8889999999999999014 ) ) ;
#1250 = ORIENTED_EDGE ( 'NONE', *, *, #263, .F. ) ;
#1251 = DIRECTION ( 'NONE',  ( 0.000000000000000000, -0.9659258262890701996, -0.2588190451025140226 ) ) ;
#1252 = EDGE_CURVE ( 'NONE', #10695, #5806, #5656, .T. ) ;
#1253 = DIRECTION ( 'NONE',  ( 1.000000000000000000, 0.000000000000000000, 0.000000000000000000 ) ) ;
#1254 = ORIENTED_EDGE ( 'NONE', *, *, #9448, .T. ) ;
#1255 = DIRECTION ( 'NONE',  ( 1.000000000000000000, 0.000000000000000000, 0.000000000000000000 ) ) ;
#1256 = ADVANCED_FACE ( 'NONE', ( #9501 ), #1616, .F. ) ;
#1257 = LINE ( 'NONE', #7322, #2576 ) ;
#1258 = LINE ( 'NONE', #1199, #7639 ) ;
#1259 = CARTESIAN_POINT ( 'NONE',  ( 10.54100000000000215, 8.064500000000002444, -0.8890000000000001235 ) ) ;
#1260 = LINE ( 'NONE', #2302, #1157 ) ;
#1261 = CARTESIAN_POINT ( 'NONE',  ( -8.890000000000000568, 4.336808689942017736E-16, -2.159000000000001140 ) ) ;
#1262 = ORIENTED_EDGE ( 'NONE', *, *, #3355, .T. ) ;
#1263 = ORIENTED_EDGE ( 'NONE', *, *, #6508, .F. ) ;
#1264 = ORIENTED_EDGE ( 'NONE', *, *, #7909, .T. ) ;
#1265 = PLANE ( 'NONE',  #7457 ) ;
#1266 = PRODUCT_DEFINITION_SHAPE ( 'NONE', 'NONE',  #12895 ) ;
#1267 = ORIENTED_EDGE ( 'NONE', *, *, #11511, .F. ) ;
#1268 = VECTOR ( 'NONE', #781, 1000.000000000000000 ) ;
#1269 = LINE ( 'NONE', #12148, #6150 ) ;
#1270 = DIRECTION ( 'NONE',  ( 0.000000000000000000, 0.000000000000000000, 1.000000000000000000 ) ) ;
#1271 = ADVANCED_FACE ( 'NONE', ( #11507 ), #1414, .F. ) ;
#1272 = DIRECTION ( 'NONE',  ( -0.5773502691896268413, 0.5773502691896247319, -0.5773502691896256200 ) ) ;
#1273 = CARTESIAN_POINT ( 'NONE',  ( -9.779000000000001691, 8.064500000000002444, -0.8890000000000001235 ) ) ;
#1274 = DIRECTION ( 'NONE',  ( 0.000000000000000000, -0.9659258262890700886, 0.2588190451025140226 ) ) ;
#1275 = LINE ( 'NONE', #7094, #7340 ) ;
#1276 = CARTESIAN_POINT ( 'NONE',  ( 17.39900000000000091, 7.239000000000000767, 1.650999999999999801 ) ) ;
#1277 = ORIENTED_EDGE ( 'NONE', *, *, #2007, .T. ) ;
#1278 = ORIENTED_EDGE ( 'NONE', *, *, #7788, .T. ) ;
#1279 = EDGE_LOOP ( 'NONE', ( #10940, #9561, #8082, #6321 ) ) ;
#1280 = VECTOR ( 'NONE', #12187, 1000.000000000000000 ) ;
#1281 = DIRECTION ( 'NONE',  ( 1.000000000000000000, 0.000000000000000000, 0.000000000000000000 ) ) ;
#1282 = CLOSED_SHELL ( 'NONE', ( #1424, #2640, #3803, #5459, #6098, #788, #9287, #11799, #7195, #2582, #10338, #9153, #11040, #10428, #1488, #4917, #3663, #6576, #8980, #664, #3678, #3950, #5099, #8880, #4137, #4715, #5190, #12868 ) ) ;
#1283 = VERTEX_POINT ( 'NONE', #7677 ) ;
#1284 = LINE ( 'NONE', #5270, #6491 ) ;
#1285 = AXIS2_PLACEMENT_3D ( 'NONE', #398, #11407, #1450 ) ;
#1286 = CARTESIAN_POINT ( 'NONE',  ( -11.42999999999999972, 0.5080000000000006732, -2.022881810244994583 ) ) ;
#1287 = VECTOR ( 'NONE', #714, 1000.000000000000000 ) ;
#1288 = LINE ( 'NONE', #2204, #9348 ) ;
#1289 = DIRECTION ( 'NONE',  ( -1.000000000000000000, 0.000000000000000000, 0.000000000000000000 ) ) ;
#1290 = DIRECTION ( 'NONE',  ( -1.000000000000000000, 0.000000000000000000, 0.000000000000000000 ) ) ;
#1291 = CARTESIAN_POINT ( 'NONE',  ( -0.1961031209927686925, -3.200400000000000134, 1.066800000000000415 ) ) ;
#1292 = LINE ( 'NONE', #4371, #2001 ) ;
#1293 = EDGE_LOOP ( 'NONE', ( #5280, #12304, #8535, #4424 ) ) ;
#1294 = VERTEX_POINT ( 'NONE', #12346 ) ;
#1295 = CARTESIAN_POINT ( 'NONE',  ( -2.920999999999999819, 7.239000000000000767, 1.650999999999999801 ) ) ;
#1296 = CARTESIAN_POINT ( 'NONE',  ( -15.62099999999999866, 7.239000000000000767, 1.650999999999999801 ) ) ;
#1297 = ORIENTED_EDGE ( 'NONE', *, *, #5082, .T. ) ;
#1298 = ORIENTED_EDGE ( 'NONE', *, *, #8896, .F. ) ;
#1299 = COLOUR_RGB ( '',0.7921568627450980005, 0.8196078431372548767, 0.9333333333333333481 ) ;
#1300 = VECTOR ( 'NONE', #10450, 1000.000000000000000 ) ;
#1301 = ADVANCED_FACE ( 'NONE', ( #8459 ), #6363, .F. ) ;
#1302 = VECTOR ( 'NONE', #10852, 1000.000000000000000 ) ;
#1303 = VERTEX_POINT ( 'NONE', #2649 ) ;
#1304 = LINE ( 'NONE', #3135, #3271 ) ;
#1305 = FACE_BOUND ( 'NONE', #1293, .T. ) ;
#1306 = EDGE_CURVE ( 'NONE', #12248, #10476, #12418, .T. ) ;
#1307 = ADVANCED_FACE ( 'NONE', ( #564 ), #8526, .F. ) ;
#1308 = LINE ( 'NONE', #2486, #4821 ) ;
#1309 = AXIS2_PLACEMENT_3D ( 'NONE', #6335, #12457, #2492 ) ;
#1310 = PLANE ( 'NONE',  #3864 ) ;
#1311 = DIRECTION ( 'NONE',  ( 0.000000000000000000, 0.2588190451025140226, -0.9659258262890701996 ) ) ;
#1312 = ORIENTED_EDGE ( 'NONE', *, *, #6029, .F. ) ;
#1313 = DIRECTION ( 'NONE',  ( 0.000000000000000000, 1.000000000000000000, -1.019346266292635338E-16 ) ) ;
#1314 = LINE ( 'NONE', #335, #7354 ) ;
#1315 = EDGE_CURVE ( 'NONE', #9162, #2066, #9574, .T. ) ;
#1316 = VERTEX_POINT ( 'NONE', #11700 ) ;
#1317 = LINE ( 'NONE', #6959, #9745 ) ;
#1318 = DIRECTION ( 'NONE',  ( -1.000000000000000000, 0.000000000000000000, 0.000000000000000000 ) ) ;
#1319 = ORIENTED_EDGE ( 'NONE', *, *, #5375, .T. ) ;
#1320 = LINE ( 'NONE', #7389, #9279 ) ;
#1321 = LINE ( 'NONE', #4602, #3213 ) ;
#1322 = CARTESIAN_POINT ( 'NONE',  ( -15.62099999999999866, 8.064499999999998892, 1.650999999999999801 ) ) ;
#1323 = EDGE_CURVE ( 'NONE', #7567, #5886, #9695, .T. ) ;
#1324 = COLOUR_RGB ( '',0.2509803921568627416, 0.2509803921568627416, 0.2509803921568627416 ) ;
#1325 = LINE ( 'NONE', #9223, #12389 ) ;
#1326 = LINE ( 'NONE', #12270, #12750 ) ;
#1327 = VERTEX_POINT ( 'NONE', #5719 ) ;
#1328 = VERTEX_POINT ( 'NONE', #9954 ) ;
#1329 = ORIENTED_EDGE ( 'NONE', *, *, #7813, .T. ) ;
#1330 = FACE_OUTER_BOUND ( 'NONE', #2730, .T. ) ;
#1331 = ORIENTED_EDGE ( 'NONE', *, *, #6899, .T. ) ;
#1332 = EDGE_CURVE ( 'NONE', #4156, #4493, #1993, .T. ) ;
#1333 = VERTEX_POINT ( 'NONE', #7995 ) ;
#1334 = FACE_OUTER_BOUND ( 'NONE', #10968, .T. ) ;
#1335 = PLANE ( 'NONE',  #6635 ) ;
#1336 =( LENGTH_UNIT ( ) NAMED_UNIT ( * ) SI_UNIT ( .MILLI., .METRE. ) );
#1337 = LINE ( 'NONE', #8132, #1368 ) ;
#1338 = CARTESIAN_POINT ( 'NONE',  ( 9.779000000000003467, 7.239000000000000767, -0.8890000000000001235 ) ) ;
#1339 = DIRECTION ( 'NONE',  ( 0.000000000000000000, 2.251701056906096594E-16, 1.000000000000000000 ) ) ;
#1340 = DIRECTION ( 'NONE',  ( -1.000000000000000000, -0.000000000000000000, -0.000000000000000000 ) ) ;
#1341 = ORIENTED_EDGE ( 'NONE', *, *, #2110, .F. ) ;
#1342 = VERTEX_POINT ( 'NONE', #5785 ) ;
#1343 = ORIENTED_EDGE ( 'NONE', *, *, #9193, .F. ) ;
#1344 = DIRECTION ( 'NONE',  ( 0.000000000000000000, -1.607907343367028359E-16, 1.000000000000000000 ) ) ;
#1345 = VECTOR ( 'NONE', #5655, 1000.000000000000000 ) ;
#1346 = EDGE_CURVE ( 'NONE', #1031, #8963, #8972, .T. ) ;
#1347 = ORIENTED_EDGE ( 'NONE', *, *, #5329, .T. ) ;
#1348 = VECTOR ( 'NONE', #4978, 1000.000000000000000 ) ;
#1349 = CARTESIAN_POINT ( 'NONE',  ( -1.270000000000000240, 4.336808689942017736E-16, -2.159000000000001140 ) ) ;
#1350 = CARTESIAN_POINT ( 'NONE',  ( -19.30400000000000205, -8.578981026812224210E-17, 2.158999999999999364 ) ) ;
#1351 = VECTOR ( 'NONE', #11015, 1000.000000000000000 ) ;
#1353 = PLANE ( 'NONE',  #338 ) ;
#1352 = VECTOR ( 'NONE', #11924, 1000.000000000000000 ) ;
#1354 = DIRECTION ( 'NONE',  ( 0.000000000000000000, 5.691349986800550837E-16, -1.000000000000000000 ) ) ;
#1355 = CARTESIAN_POINT ( 'NONE',  ( -0.3809999999999993947, 7.239000000000000767, -1.651000000000000023 ) ) ;
#1356 = DIRECTION ( 'NONE',  ( -1.000000000000000000, 0.000000000000000000, -0.000000000000000000 ) ) ;
#1357 = DIRECTION ( 'NONE',  ( -1.000000000000000000, -0.000000000000000000, 0.000000000000000000 ) ) ;
#1358 = CARTESIAN_POINT ( 'NONE',  ( 12.31900000000000084, 7.239000000000000767, -0.8890000000000001235 ) ) ;
#1359 = EDGE_LOOP ( 'NONE', ( #12396, #8064, #10896, #11059 ) ) ;
#1360 = ORIENTED_EDGE ( 'NONE', *, *, #5635, .F. ) ;
#1361 = DIRECTION ( 'NONE',  ( -0.7071067811865462405, -0.7071067811865489050, 0.000000000000000000 ) ) ;
#1362 = VECTOR ( 'NONE', #12605, 1000.000000000000000 ) ;
#1363 = DIRECTION ( 'NONE',  ( -1.000000000000000000, -0.000000000000000000, 0.000000000000000000 ) ) ;
#1364 = EDGE_LOOP ( 'NONE', ( #3209, #6453, #5308, #9768 ) ) ;
#1365 = VERTEX_POINT ( 'NONE', #4936 ) ;
#1366 = EDGE_CURVE ( 'NONE', #11172, #8558, #8914, .T. ) ;
#1367 = VECTOR ( 'NONE', #7592, 1000.000000000000000 ) ;
#1368 = VECTOR ( 'NONE', #295, 1000.000000000000000 ) ;
#1369 = VERTEX_POINT ( 'NONE', #8718 ) ;
#1370 = CARTESIAN_POINT ( 'NONE',  ( 12.31900000000000084, 7.239000000000000767, -1.651000000000000023 ) ) ;
#1371 = DIRECTION ( 'NONE',  ( -0.000000000000000000, -0.7071067811865482389, -0.7071067811865469066 ) ) ;
#1372 = DIRECTION ( 'NONE',  ( -0.000000000000000000, 1.000000000000000000, 1.733406087350420004E-16 ) ) ;
#1373 = PRESENTATION_LAYER_ASSIGNMENT (  '', '', ( #7423 ) ) ;
#1374 = DIRECTION ( 'NONE',  ( 0.000000000000000000, 0.2588190451025139671, -0.9659258262890700886 ) ) ;
#1375 = DIRECTION ( 'NONE',  ( 0.000000000000000000, -2.251701056906096594E-16, -1.000000000000000000 ) ) ;
#1376 = VERTEX_POINT ( 'NONE', #6700 ) ;
#1377 =( LENGTH_UNIT ( ) NAMED_UNIT ( * ) SI_UNIT ( .MILLI., .METRE. ) );
#1378 = LINE ( 'NONE', #4460, #6947 ) ;
#1379 = EDGE_CURVE ( 'NONE', #3775, #4223, #1028, .T. ) ;
#1380 = ORIENTED_EDGE ( 'NONE', *, *, #8577, .F. ) ;
#1381 = CARTESIAN_POINT ( 'NONE',  ( 9.779000000000003467, 8.064500000000002444, -0.8890000000000001235 ) ) ;
#1382 = VECTOR ( 'NONE', #9324, 1000.000000000000000 ) ;
#1383 = ADVANCED_FACE ( 'NONE', ( #3767 ), #7737, .F. ) ;
#1384 = EDGE_CURVE ( 'NONE', #11132, #12287, #11765, .T. ) ;
#1385 = AXIS2_PLACEMENT_3D ( 'NONE', #9656, #11529, #6595 ) ;
#1386 = CARTESIAN_POINT ( 'NONE',  ( 1.270000000000000240, 8.509000000000000341, -2.540000000000001812 ) ) ;
#1387 = VERTEX_POINT ( 'NONE', #5001 ) ;
#1388 = EDGE_CURVE ( 'NONE', #5806, #3091, #10724, .T. ) ;
#1389 = DIRECTION ( 'NONE',  ( 0.000000000000000000, -1.000000000000000000, -3.058038798877906014E-16 ) ) ;
#1390 = ADVANCED_FACE ( 'NONE', ( #829 ), #2713, .F. ) ;
#1391 = SURFACE_STYLE_FILL_AREA ( #10258 ) ;
#1392 = VECTOR ( 'NONE', #6199, 1000.000000000000000 ) ;
#1393 = EDGE_CURVE ( 'NONE', #3612, #9578, #12742, .T. ) ;
#1394 = LINE ( 'NONE', #10259, #12793 ) ;
#1395 = FACE_OUTER_BOUND ( 'NONE', #4358, .T. ) ;
#1396 = DIRECTION ( 'NONE',  ( -0.000000000000000000, 0.000000000000000000, -1.000000000000000000 ) ) ;
#1397 = VECTOR ( 'NONE', #10282, 1000.000000000000000 ) ;
#1398 = FACE_OUTER_BOUND ( 'NONE', #1658, .T. ) ;
#1399 = VERTEX_POINT ( 'NONE', #3827 ) ;
#1400 = ORIENTED_EDGE ( 'NONE', *, *, #11752, .T. ) ;
#1401 = VERTEX_POINT ( 'NONE', #11887 ) ;
#1402 = DIRECTION ( 'NONE',  ( 0.000000000000000000, 1.000000000000000000, 1.733406087350420004E-16 ) ) ;
#1403 = ORIENTED_EDGE ( 'NONE', *, *, #12624, .F. ) ;
#1404 = EDGE_CURVE ( 'NONE', #10150, #10426, #5908, .T. ) ;
#1405 = VECTOR ( 'NONE', #6785, 1000.000000000000000 ) ;
#1406 = ADVANCED_FACE ( 'NONE', ( #12870 ), #6829, .F. ) ;
#1407 = VECTOR ( 'NONE', #5686, 1000.000000000000000 ) ;
#1408 = ORIENTED_EDGE ( 'NONE', *, *, #6651, .F. ) ;
#1409 = EDGE_CURVE ( 'NONE', #5513, #11636, #8842, .T. ) ;
#1410 = VECTOR ( 'NONE', #11386, 1000.000000000000000 ) ;
#1411 = DIRECTION ( 'NONE',  ( 0.5773502691896259531, -0.5773502691896237327, -0.5773502691896276184 ) ) ;
#1412 = DIRECTION ( 'NONE',  ( 0.000000000000000000, 0.000000000000000000, 1.000000000000000000 ) ) ;
#1413 = CARTESIAN_POINT ( 'NONE',  ( 4.699000000000001620, 7.239000000000000767, -0.8890000000000001235 ) ) ;
#1414 = PLANE ( 'NONE',  #9618 ) ;
#1415 = ORIENTED_EDGE ( 'NONE', *, *, #9853, .T. ) ;
#1416 = LINE ( 'NONE', #7279, #4378 ) ;
#1417 = LINE ( 'NONE', #11187, #8797 ) ;
#1418 = ORIENTED_EDGE ( 'NONE', *, *, #109, .F. ) ;
#1419 = ORIENTED_EDGE ( 'NONE', *, *, #12542, .F. ) ;
#1420 = VERTEX_POINT ( 'NONE', #2908 ) ;
#1421 = LINE ( 'NONE', #1219, #8696 ) ;
#1422 = VECTOR ( 'NONE', #3228, 1000.000000000000000 ) ;
#1423 = ORIENTED_EDGE ( 'NONE', *, *, #8549, .F. ) ;
#1424 = ADVANCED_FACE ( 'NONE', ( #6886, #957, #2968 ), #6952, .F. ) ;
#1425 = LINE ( 'NONE', #11317, #2957 ) ;
#1426 = PLANE ( 'NONE',  #8705 ) ;
#1427 = VECTOR ( 'NONE', #3740, 1000.000000000000000 ) ;
#1428 = CARTESIAN_POINT ( 'NONE',  ( 11.42999999999999972, 0.5080000000000006732, -2.022881810244994583 ) ) ;
#1429 = CARTESIAN_POINT ( 'NONE',  ( -7.239000000000000767, 7.239000000000000767, -1.651000000000000023 ) ) ;
#1430 = LINE ( 'NONE', #1564, #11979 ) ;
#1431 = PLANE ( 'NONE',  #8171 ) ;
#1432 = EDGE_CURVE ( 'NONE', #10005, #589, #158, .T. ) ;
#1433 = LINE ( 'NONE', #10163, #2309 ) ;
#1434 = DIRECTION ( 'NONE',  ( -0.000000000000000000, 1.000000000000000000, 1.733406087350420004E-16 ) ) ;
#1435 = ORIENTED_EDGE ( 'NONE', *, *, #2999, .F. ) ;
#1436 = ORIENTED_EDGE ( 'NONE', *, *, #436, .F. ) ;
#1437 = PLANE ( 'NONE',  #5561 ) ;
#1438 = CARTESIAN_POINT ( 'NONE',  ( 11.43000000000000327, 6.505213034913026604E-16, -2.540000000000000924 ) ) ;
#1439 = VERTEX_POINT ( 'NONE', #1083 ) ;
#1440 = ORIENTED_EDGE ( 'NONE', *, *, #3190, .T. ) ;
#1441 = STYLED_ITEM ( 'NONE', ( #7276 ), #841 ) ;
#1442 = ORIENTED_EDGE ( 'NONE', *, *, #12647, .T. ) ;
#1443 = CARTESIAN_POINT ( 'NONE',  ( 19.05000000000000071, -8.578981026812224210E-17, 2.158999999999999364 ) ) ;
#1444 = DIRECTION ( 'NONE',  ( -1.000000000000000000, -0.000000000000000000, -0.000000000000000000 ) ) ;
#1445 = EDGE_CURVE ( 'NONE', #9652, #167, #5119, .T. ) ;
#1446 = CARTESIAN_POINT ( 'NONE',  ( 17.39900000000000091, 8.064499999999998892, 1.650999999999999801 ) ) ;
#1447 = VECTOR ( 'NONE', #3051, 1000.000000000000000 ) ;
#1448 = DIRECTION ( 'NONE',  ( 0.000000000000000000, 1.000000000000000000, -2.251701056906096594E-16 ) ) ;
#1449 = VECTOR ( 'NONE', #3324, 1000.000000000000000 ) ;
#1450 = DIRECTION ( 'NONE',  ( 0.000000000000000000, -0.000000000000000000, -1.000000000000000000 ) ) ;
#1451 = ORIENTED_EDGE ( 'NONE', *, *, #10174, .F. ) ;
#1452 = LINE ( 'NONE', #7580, #5763 ) ;
#1453 = LINE ( 'NONE', #4527, #3180 ) ;
#1454 = ORIENTED_EDGE ( 'NONE', *, *, #4754, .T. ) ;
#1455 = CARTESIAN_POINT ( 'NONE',  ( 19.05000000000000071, 6.505213034913026604E-16, -2.540000000000000924 ) ) ;
#1456 = CARTESIAN_POINT ( 'NONE',  ( 2.666999999999999371, 7.810499999999998444, 1.397000000000000242 ) ) ;
#1457 = ORIENTED_EDGE ( 'NONE', *, *, #6553, .T. ) ;
#1458 = DIRECTION ( 'NONE',  ( 0.000000000000000000, -0.7071067811865499042, 0.7071067811865451302 ) ) ;
#1459 = FACE_OUTER_BOUND ( 'NONE', #1160, .T. ) ;
#1460 = CARTESIAN_POINT ( 'NONE',  ( 17.39900000000000091, 7.239000000000000767, -0.8890000000000001235 ) ) ;
#1461 = CARTESIAN_POINT ( 'NONE',  ( -18.16100000000000136, 8.064500000000002444, -0.8890000000000000124 ) ) ;
#1462 = DIRECTION ( 'NONE',  ( 0.000000000000000000, 0.000000000000000000, -1.000000000000000000 ) ) ;
#1463 = DIRECTION ( 'NONE',  ( 0.000000000000000000, -1.607907343367028359E-16, 1.000000000000000000 ) ) ;
#1464 = ORIENTED_EDGE ( 'NONE', *, *, #11470, .T. ) ;
#1465 = ORIENTED_EDGE ( 'NONE', *, *, #12292, .F. ) ;
#1466 = ORIENTED_EDGE ( 'NONE', *, *, #8746, .F. ) ;
#1467 = CARTESIAN_POINT ( 'NONE',  ( -16.51000000000000156, 8.509000000000000341, 2.540000000000001812 ) ) ;
#1468 = ORIENTED_EDGE ( 'NONE', *, *, #6668, .T. ) ;
#1469 = AXIS2_PLACEMENT_3D ( 'NONE', #7065, #3937, #2951 ) ;
#1470 = ADVANCED_FACE ( 'NONE', ( #6149 ), #9221, .F. ) ;
#1471 = ADVANCED_FACE ( 'NONE', ( #2300 ), #10982, .F. ) ;
#1472 = ORIENTED_EDGE ( 'NONE', *, *, #5203, .T. ) ;
#1473 = LINE ( 'NONE', #7274, #4075 ) ;
#1474 = FACE_OUTER_BOUND ( 'NONE', #5526, .T. ) ;
#1475 = VECTOR ( 'NONE', #5750, 1000.000000000000000 ) ;
#1476 = CARTESIAN_POINT ( 'NONE',  ( -2.159000000000001140, 7.239000000000000767, 1.650999999999999801 ) ) ;
#1477 = ADVANCED_FACE ( 'NONE', ( #2060 ), #9289, .F. ) ;
#1478 = CARTESIAN_POINT ( 'NONE',  ( -5.460999999999998522, 8.064499999999998892, 1.650999999999999801 ) ) ;
#1479 = EDGE_LOOP ( 'NONE', ( #12328, #11802, #8801, #12355 ) ) ;
#1480 = CARTESIAN_POINT ( 'NONE',  ( -0.1269999999999986418, 7.810499999999998444, 1.143000000000000016 ) ) ;
#1481 = EDGE_CURVE ( 'NONE', #3902, #8976, #5059, .T. ) ;
#1482 = DIRECTION ( 'NONE',  ( 0.5773502691896272854, -0.5773502691896250649, -0.5773502691896250649 ) ) ;
#1483 = VERTEX_POINT ( 'NONE', #4334 ) ;
#1484 = EDGE_LOOP ( 'NONE', ( #2656, #7178, #9039, #3412 ) ) ;
#1485 = ORIENTED_EDGE ( 'NONE', *, *, #7477, .F. ) ;
#1486 = EDGE_CURVE ( 'NONE', #11875, #11758, #8058, .T. ) ;
#1487 = PLANE ( 'NONE',  #12638 ) ;
#1488 = ADVANCED_FACE ( 'NONE', ( #96 ), #3156, .F. ) ;
#1489 = VECTOR ( 'NONE', #5937, 1000.000000000000000 ) ;
#1490 = EDGE_LOOP ( 'NONE', ( #10803, #2606, #11137, #5680 ) ) ;
#1491 = CARTESIAN_POINT ( 'NONE',  ( 6.350000000000001421, 8.509000000000000341, -2.540000000000001812 ) ) ;
#1492 = DIRECTION ( 'NONE',  ( 0.000000000000000000, 5.691349986800550837E-16, -1.000000000000000000 ) ) ;
#1493 = PLANE ( 'NONE',  #10562 ) ;
#1494 = CARTESIAN_POINT ( 'NONE',  ( 1.270000000000000240, 4.336808689942017736E-16, -2.159000000000001140 ) ) ;
#1495 = CARTESIAN_POINT ( 'NONE',  ( 9.779000000000003467, 7.239000000000000767, 0.8889999999999997904 ) ) ;
#1496 = CARTESIAN_POINT ( 'NONE',  ( -11.43000000000000149, 8.509000000000000341, 2.540000000000001812 ) ) ;
#1497 = PLANE ( 'NONE',  #10223 ) ;
#1498 = LINE ( 'NONE', #5735, #1222 ) ;
#1499 = VECTOR ( 'NONE', #546, 1000.000000000000000 ) ;
#1500 = VECTOR ( 'NONE', #6115, 1000.000000000000000 ) ;
#1501 = ORIENTED_EDGE ( 'NONE', *, *, #8885, .F. ) ;
#1502 = ORIENTED_EDGE ( 'NONE', *, *, #762, .F. ) ;
#1503 = EDGE_CURVE ( 'NONE', #9546, #2445, #10260, .T. ) ;
#1504 = DIRECTION ( 'NONE',  ( 0.5773502691896259531, -0.5773502691896237327, -0.5773502691896276184 ) ) ;
#1505 = CARTESIAN_POINT ( 'NONE',  ( 15.36699999999999910, 7.810499999999998444, 1.143000000000000016 ) ) ;
#1506 = ORIENTED_EDGE ( 'NONE', *, *, #11942, .F. ) ;
#1507 = ORIENTED_EDGE ( 'NONE', *, *, #8505, .F. ) ;
#1508 = ADVANCED_FACE ( 'NONE', ( #2172 ), #12071, .F. ) ;
#1509 = AXIS2_PLACEMENT_3D ( 'NONE', #6907, #8011, #4828 ) ;
#1510 = VECTOR ( 'NONE', #4718, 1000.000000000000000 ) ;
#1511 = ORIENTED_EDGE ( 'NONE', *, *, #5793, .F. ) ;
#1512 = DIRECTION ( 'NONE',  ( 0.000000000000000000, -0.9659258262890700886, 0.2588190451025140781 ) ) ;
#1513 = DIRECTION ( 'NONE',  ( 0.000000000000000000, 0.000000000000000000, -1.000000000000000000 ) ) ;
#1514 = DIRECTION ( 'NONE',  ( -0.7071067811865462405, -0.7071067811865489050, 0.000000000000000000 ) ) ;
#1515 = CARTESIAN_POINT ( 'NONE',  ( 1.270000000000000240, -8.578981026812224210E-17, 2.158999999999999364 ) ) ;
#1516 = PLANE ( 'NONE',  #10091 ) ;
#1517 = ORIENTED_EDGE ( 'NONE', *, *, #987, .T. ) ;
#1518 = VECTOR ( 'NONE', #12470, 1000.000000000000000 ) ;
#1519 = CARTESIAN_POINT ( 'NONE',  ( -11.43000000000000149, 0.000000000000000000, 0.000000000000000000 ) ) ;
#1520 = LINE ( 'NONE', #3407, #10052 ) ;
#1521 = AXIS2_PLACEMENT_3D ( 'NONE', #1696, #7628, #1042 ) ;
#1522 = ORIENTED_EDGE ( 'NONE', *, *, #9121, .T. ) ;
#1523 = CARTESIAN_POINT ( 'NONE',  ( 5.905500000000004412, 8.509000000000000341, 0.4444999999999970086 ) ) ;
#1524 = ADVANCED_FACE ( 'NONE', ( #5304 ), #3032, .F. ) ;
#1525 = DIRECTION ( 'NONE',  ( -0.000000000000000000, 1.000000000000000000, 5.691349986800550837E-16 ) ) ;
#1526 = ORIENTED_EDGE ( 'NONE', *, *, #859, .T. ) ;
#1527 = VECTOR ( 'NONE', #6343, 1000.000000000000000 ) ;
#1528 = AXIS2_PLACEMENT_3D ( 'NONE', #4848, #8691, #7715 ) ;
#1529 = DIRECTION ( 'NONE',  ( 0.000000000000000000, -1.733406087350420004E-16, 1.000000000000000000 ) ) ;
#1530 = CARTESIAN_POINT ( 'NONE',  ( -13.08099999999999952, 8.064499999999998892, 1.650999999999999801 ) ) ;
#1531 = CARTESIAN_POINT ( 'NONE',  ( -1.270000000000000240, 4.336808689942017736E-16, -2.159000000000001140 ) ) ;
#1532 = LINE ( 'NONE', #5506, #3244 ) ;
#1533 = EDGE_CURVE ( 'NONE', #10280, #11302, #7142, .T. ) ;
#1534 = CARTESIAN_POINT ( 'NONE',  ( -11.42999999999999972, 8.509000000000000341, -2.540000000000001812 ) ) ;
#1535 = ORIENTED_EDGE ( 'NONE', *, *, #7690, .F. ) ;
#1536 = ORIENTED_EDGE ( 'NONE', *, *, #12616, .F. ) ;
#1537 = ORIENTED_EDGE ( 'NONE', *, *, #265, .T. ) ;
#1538 = DIRECTION ( 'NONE',  ( 0.000000000000000000, -1.000000000000000000, -3.058038798877906014E-16 ) ) ;
#1539 = AXIS2_PLACEMENT_3D ( 'NONE', #3010, #9008, #10043 ) ;
#1540 = ORIENTED_EDGE ( 'NONE', *, *, #11837, .F. ) ;
#1541 = ORIENTED_EDGE ( 'NONE', *, *, #11106, .F. ) ;
#1542 = FACE_OUTER_BOUND ( 'NONE', #10617, .T. ) ;
#1543 = LINE ( 'NONE', #3502, #9549 ) ;
#1544 = SURFACE_STYLE_FILL_AREA ( #11371 ) ;
#1545 = DIRECTION ( 'NONE',  ( 0.000000000000000000, 0.000000000000000000, -1.000000000000000000 ) ) ;
#1546 = CARTESIAN_POINT ( 'NONE',  ( -9.779000000000001691, 8.064499999999998892, 1.650999999999999801 ) ) ;
#1547 = VERTEX_POINT ( 'NONE', #5181 ) ;
#1548 = CARTESIAN_POINT ( 'NONE',  ( -1.270000000000000240, 0.5080000000000006732, -2.022881810244994583 ) ) ;
#1549 = DIRECTION ( 'NONE',  ( -0.000000000000000000, -0.7071067811865482389, -0.7071067811865469066 ) ) ;
#1550 = ORIENTED_EDGE ( 'NONE', *, *, #4656, .T. ) ;
#1551 = VERTEX_POINT ( 'NONE', #9156 ) ;
#1552 = ORIENTED_EDGE ( 'NONE', *, *, #6347, .F. ) ;
#1553 = FACE_OUTER_BOUND ( 'NONE', #5638, .T. ) ;
#1554 = EDGE_CURVE ( 'NONE', #9718, #385, #215, .T. ) ;
#1555 = ORIENTED_EDGE ( 'NONE', *, *, #12026, .F. ) ;
#1556 = EDGE_CURVE ( 'NONE', #7109, #2696, #12139, .T. ) ;
#1557 = LINE ( 'NONE', #12114, #9069 ) ;
#1558 = CARTESIAN_POINT ( 'NONE',  ( -10.54100000000000037, 7.239000000000000767, -1.651000000000000023 ) ) ;
#1559 = LINE ( 'NONE', #12821, #9117 ) ;
#1560 = AXIS2_PLACEMENT_3D ( 'NONE', #3559, #11494, #10521 ) ;
#1561 = LINE ( 'NONE', #11521, #2861 ) ;
#1562 = EDGE_CURVE ( 'NONE', #1859, #1182, #3215, .T. ) ;
#1563 = LINE ( 'NONE', #9519, #11836 ) ;
#1564 = CARTESIAN_POINT ( 'NONE',  ( -0.3809999999999993947, 7.239000000000000767, 0.8889999999999997904 ) ) ;
#1565 = DIRECTION ( 'NONE',  ( 0.000000000000000000, 1.733406087350420004E-16, -1.000000000000000000 ) ) ;
#1566 = LINE ( 'NONE', #11656, #5822 ) ;
#1567 = EDGE_CURVE ( 'NONE', #8321, #9658, #10193, .T. ) ;
#1568 = AXIS2_PLACEMENT_3D ( 'NONE', #5057, #3031, #6217 ) ;
#1569 = ORIENTED_EDGE ( 'NONE', *, *, #4563, .T. ) ;
#1570 = ORIENTED_EDGE ( 'NONE', *, *, #8019, .F. ) ;
#1571 = LINE ( 'NONE', #8483, #8890 ) ;
#1572 = CARTESIAN_POINT ( 'NONE',  ( 6.350000000000001421, 8.509000000000000341, 2.540000000000001812 ) ) ;
#1573 = ORIENTED_EDGE ( 'NONE', *, *, #522, .F. ) ;
#1574 = ORIENTED_EDGE ( 'NONE', *, *, #4315, .F. ) ;
#1575 = VECTOR ( 'NONE', #7917, 999.9999999999998863 ) ;
#1576 = ORIENTED_EDGE ( 'NONE', *, *, #2820, .T. ) ;
#1577 = ADVANCED_FACE ( 'NONE', ( #10514 ), #8512, .F. ) ;
#1578 = LINE ( 'NONE', #12644, #2658 ) ;
#1579 = DIRECTION ( 'NONE',  ( 1.000000000000000000, 0.000000000000000000, -0.000000000000000000 ) ) ;
#1580 = DIRECTION ( 'NONE',  ( 0.000000000000000000, 0.000000000000000000, 1.000000000000000000 ) ) ;
#1581 = DIRECTION ( 'NONE',  ( 0.000000000000000000, 1.000000000000000000, -1.019346266292635338E-16 ) ) ;
#1582 = AXIS2_PLACEMENT_3D ( 'NONE', #7060, #12, #2885 ) ;
#1583 = DIRECTION ( 'NONE',  ( 0.000000000000000000, 2.251701056906096594E-16, 1.000000000000000000 ) ) ;
#1584 = EDGE_LOOP ( 'NONE', ( #2602, #6956, #4202, #2280 ) ) ;
#1585 = PLANE ( 'NONE',  #9924 ) ;
#1586 = VECTOR ( 'NONE', #1964, 1000.000000000000000 ) ;
#1587 = FACE_OUTER_BOUND ( 'NONE', #11775, .T. ) ;
#1588 = ORIENTED_EDGE ( 'NONE', *, *, #10371, .T. ) ;
#1589 = VECTOR ( 'NONE', #11322, 1000.000000000000000 ) ;
#1590 = PLANE ( 'NONE',  #12013 ) ;
#1591 = VECTOR ( 'NONE', #11290, 1000.000000000000000 ) ;
#1592 = FACE_OUTER_BOUND ( 'NONE', #6097, .T. ) ;
#1593 = ORIENTED_EDGE ( 'NONE', *, *, #508, .F. ) ;
#1594 = VECTOR ( 'NONE', #268, 1000.000000000000000 ) ;
#1595 = CARTESIAN_POINT ( 'NONE',  ( 2.159000000000001140, 7.239000000000000767, -0.8890000000000001235 ) ) ;
#1596 = VECTOR ( 'NONE', #6090, 1000.000000000000000 ) ;
#1597 = LINE ( 'NONE', #3618, #6339 ) ;
#1598 = FACE_OUTER_BOUND ( 'NONE', #1689, .T. ) ;
#1599 = CARTESIAN_POINT ( 'NONE',  ( -16.51000000000000156, 6.505213034913026604E-16, -2.540000000000000924 ) ) ;
#1600 = ADVANCED_FACE ( 'NONE', ( #10325 ), #3418, .F. ) ;
#1601 = AXIS2_PLACEMENT_3D ( 'NONE', #10640, #1723, #5700 ) ;
#1602 = LINE ( 'NONE', #4335, #2821 ) ;
#1603 = LINE ( 'NONE', #4472, #5066 ) ;
#1604 = VERTEX_POINT ( 'NONE', #7524 ) ;
#1605 = ORIENTED_EDGE ( 'NONE', *, *, #5169, .T. ) ;
#1606 = VERTEX_POINT ( 'NONE', #9358 ) ;
#1607 = CARTESIAN_POINT ( 'NONE',  ( 5.461000000000000298, 7.239000000000000767, 0.8889999999999997904 ) ) ;
#1608 = VERTEX_POINT ( 'NONE', #8378 ) ;
#1609 = STYLED_ITEM ( 'NONE', ( #12107 ), #10642 ) ;
#1610 = VERTEX_POINT ( 'NONE', #4401 ) ;
#1611 = VECTOR ( 'NONE', #876, 1000.000000000000000 ) ;
#1612 = CARTESIAN_POINT ( 'NONE',  ( 1.270000000000000240, 4.336808689942017736E-16, -2.159000000000001140 ) ) ;
#1613 = PLANE ( 'NONE',  #11192 ) ;
#1614 = COLOUR_RGB ( '',0.2509803921568627416, 0.2509803921568627416, 0.2509803921568627416 ) ;
#1615 = CARTESIAN_POINT ( 'NONE',  ( -11.42999999999999972, 0.000000000000000000, 2.539999999999999147 ) ) ;
#1616 = PLANE ( 'NONE',  #2310 ) ;
#1617 = EDGE_LOOP ( 'NONE', ( #6690, #9312, #9865, #7027 ) ) ;
#1618 = EDGE_CURVE ( 'NONE', #2490, #1077, #6346, .T. ) ;
#1619 = CARTESIAN_POINT ( 'NONE',  ( 19.05000000000000071, 0.5080000000000006732, -2.022881810244994583 ) ) ;
#1620 = DIRECTION ( 'NONE',  ( 0.000000000000000000, 0.000000000000000000, 1.000000000000000000 ) ) ;
#1621 = ORIENTED_EDGE ( 'NONE', *, *, #7012, .F. ) ;
#1622 = ORIENTED_EDGE ( 'NONE', *, *, #5713, .F. ) ;
#1623 = VERTEX_POINT ( 'NONE', #12402 ) ;
#1624 = LINE ( 'NONE', #12558, #11168 ) ;
#1625 = VECTOR ( 'NONE', #3342, 999.9999999999998863 ) ;
#1626 = EDGE_LOOP ( 'NONE', ( #10778, #12422, #1767, #3681 ) ) ;
#1627 = EDGE_CURVE ( 'NONE', #6497, #8531, #3349, .T. ) ;
#1628 = LINE ( 'NONE', #12561, #8450 ) ;
#1629 = DIRECTION ( 'NONE',  ( 0.000000000000000000, 0.000000000000000000, -1.000000000000000000 ) ) ;
#1630 = VECTOR ( 'NONE', #2541, 1000.000000000000000 ) ;
#1631 = SURFACE_STYLE_USAGE ( .BOTH. , #8538 ) ;
#1632 = PRODUCT_RELATED_PRODUCT_CATEGORY ( 'part', '', ( #6485 ) ) ;
#1633 = CARTESIAN_POINT ( 'NONE',  ( -14.85899999999999999, 7.239000000000000767, -1.651000000000000023 ) ) ;
#1634 = DIRECTION ( 'NONE',  ( 0.000000000000000000, 0.000000000000000000, 1.000000000000000000 ) ) ;
#1635 = CARTESIAN_POINT ( 'NONE',  ( 19.30400000000000205, 0.5080000000000006732, -2.022881810244994583 ) ) ;
#1636 = DIRECTION ( 'NONE',  ( 0.000000000000000000, -1.000000000000000000, -3.058038798877906014E-16 ) ) ;
#1637 = VECTOR ( 'NONE', #5284, 1000.000000000000000 ) ;
#1638 = EDGE_LOOP ( 'NONE', ( #6970, #3531, #7282, #2372 ) ) ;
#1639 = ORIENTED_EDGE ( 'NONE', *, *, #3716, .T. ) ;
#1640 = CARTESIAN_POINT ( 'NONE',  ( 3.810000000000000941, -8.578981026812224210E-17, 2.158999999999999364 ) ) ;
#1641 = FACE_OUTER_BOUND ( 'NONE', #514, .T. ) ;
#1642 = ORIENTED_EDGE ( 'NONE', *, *, #1145, .T. ) ;
#1643 = ORIENTED_EDGE ( 'NONE', *, *, #11673, .T. ) ;
#1644 = ADVANCED_FACE ( 'NONE', ( #1395 ), #8442, .F. ) ;
#1645 = AXIS2_PLACEMENT_3D ( 'NONE', #11069, #4298, #12234 ) ;
#1646 = EDGE_CURVE ( 'NONE', #1610, #669, #8567, .T. ) ;
#1647 = VERTEX_POINT ( 'NONE', #12529 ) ;
#1648 = CARTESIAN_POINT ( 'NONE',  ( 1.270000000000000240, 8.509000000000000341, 2.540000000000001812 ) ) ;
#1649 = DIRECTION ( 'NONE',  ( -1.000000000000000000, 0.000000000000000000, 0.000000000000000000 ) ) ;
#1650 = CARTESIAN_POINT ( 'NONE',  ( 0.1961031209927689978, -3.200400000000000134, -1.066800000000000415 ) ) ;
#1651 = CARTESIAN_POINT ( 'NONE',  ( -14.41449999999999676, 8.509000000000000341, 2.095500000000002139 ) ) ;
#1652 = PLANE ( 'NONE',  #2609 ) ;
#1653 = EDGE_CURVE ( 'NONE', #6079, #10231, #5504, .T. ) ;
#1654 = ORIENTED_EDGE ( 'NONE', *, *, #6499, .T. ) ;
#1655 = ADVANCED_FACE ( 'NONE', ( #3489 ), #3620, .F. ) ;
#1656 = LINE ( 'NONE', #12844, #2845 ) ;
#1657 = LINE ( 'NONE', #668, #6099 ) ;
#1658 = EDGE_LOOP ( 'NONE', ( #2477, #5281, #2718, #390 ) ) ;
#1659 = ADVANCED_FACE ( 'NONE', ( #2436 ), #10583, .F. ) ;
#1660 = DIRECTION ( 'NONE',  ( -1.000000000000000000, -0.000000000000000000, -0.000000000000000000 ) ) ;
#1661 = VERTEX_POINT ( 'NONE', #1666 ) ;
#1662 = EDGE_LOOP ( 'NONE', ( #9783, #4337, #9245, #5691 ) ) ;
#1663 = CARTESIAN_POINT ( 'NONE',  ( 12.31900000000000084, 7.239000000000000767, 1.650999999999999801 ) ) ;
#1664 = DIRECTION ( 'NONE',  ( -1.000000000000000000, 0.000000000000000000, 0.000000000000000000 ) ) ;
#1665 = CARTESIAN_POINT ( 'NONE',  ( -16.51000000000000156, 0.5080000000000000071, 2.022881810244992806 ) ) ;
#1666 = CARTESIAN_POINT ( 'NONE',  ( 14.85899999999999999, 8.064500000000002444, -0.8890000000000000124 ) ) ;
#1667 = CARTESIAN_POINT ( 'NONE',  ( -0.3809999999999993947, 7.239000000000000767, -1.651000000000000023 ) ) ;
#1668 = LINE ( 'NONE', #7665, #8387 ) ;
#1669 = ORIENTED_EDGE ( 'NONE', *, *, #764, .T. ) ;
#1670 = EDGE_LOOP ( 'NONE', ( #37, #5912, #12498, #11170, #9525, #4008, #7606, #12271 ) ) ;
#1671 = ORIENTED_EDGE ( 'NONE', *, *, #3958, .F. ) ;
#1672 = EDGE_CURVE ( 'NONE', #6666, #2429, #11294, .T. ) ;
#1673 = CARTESIAN_POINT ( 'NONE',  ( -3.809999999999999165, 0.5080000000000006732, -2.022881810244994583 ) ) ;
#1674 = EDGE_CURVE ( 'NONE', #3627, #9611, #2364, .T. ) ;
#1675 = ORIENTED_EDGE ( 'NONE', *, *, #6723, .F. ) ;
#1676 = DIRECTION ( 'NONE',  ( 0.000000000000000000, 0.000000000000000000, -1.000000000000000000 ) ) ;
#1677 = DIRECTION ( 'NONE',  ( 1.000000000000000000, 0.000000000000000000, 0.000000000000000000 ) ) ;
#1678 = DIRECTION ( 'NONE',  ( -0.7071067811865462405, -0.7071067811865489050, 0.000000000000000000 ) ) ;
#1679 = DIRECTION ( 'NONE',  ( 1.000000000000000000, 0.000000000000000000, 0.000000000000000000 ) ) ;
#1680 = ORIENTED_EDGE ( 'NONE', *, *, #11061, .F. ) ;
#1681 = DIRECTION ( 'NONE',  ( 0.000000000000000000, 5.691349986800550837E-16, -1.000000000000000000 ) ) ;
#1682 = DIRECTION ( 'NONE',  ( -1.000000000000000000, 0.000000000000000000, -0.000000000000000000 ) ) ;
#1683 = CARTESIAN_POINT ( 'NONE',  ( -0.1269999999999986418, 7.810500000000001997, -1.396999999999998021 ) ) ;
#1684 = VERTEX_POINT ( 'NONE', #10388 ) ;
#1685 = ORIENTED_EDGE ( 'NONE', *, *, #5590, .F. ) ;
#1686 = ORIENTED_EDGE ( 'NONE', *, *, #4516, .F. ) ;
#1687 = FACE_BOUND ( 'NONE', #2318, .T. ) ;
#1688 = EDGE_CURVE ( 'NONE', #7926, #4305, #410, .T. ) ;
#1689 = EDGE_LOOP ( 'NONE', ( #405, #2518, #6144, #11341 ) ) ;
#1690 = VECTOR ( 'NONE', #3605, 1000.000000000000000 ) ;
#1691 = CARTESIAN_POINT ( 'NONE',  ( 25.40000000000000213, 7.239000000000000767, -2.201425730935033664E-16 ) ) ;
#1692 = FACE_OUTER_BOUND ( 'NONE', #336, .T. ) ;
#1693 = DIRECTION ( 'NONE',  ( 0.000000000000000000, 5.691349986800550837E-16, -1.000000000000000000 ) ) ;
#1694 = CARTESIAN_POINT ( 'NONE',  ( 17.39900000000000091, 8.064499999999998892, 0.8889999999999999014 ) ) ;
#1695 = CARTESIAN_POINT ( 'NONE',  ( 8.890000000000002345, 0.5080000000000006732, -2.022881810244994583 ) ) ;
#1696 = CARTESIAN_POINT ( 'NONE',  ( 2.159000000000001140, 7.239000000000000767, -1.651000000000000023 ) ) ;
#1697 = DIRECTION ( 'NONE',  ( 0.000000000000000000, -1.000000000000000000, 0.000000000000000000 ) ) ;
#1698 = DIRECTION ( 'NONE',  ( 0.000000000000000000, -1.000000000000000000, -1.733406087350420004E-16 ) ) ;
#1699 = EDGE_LOOP ( 'NONE', ( #3308, #11972, #5509, #466 ) ) ;
#1700 = ORIENTED_EDGE ( 'NONE', *, *, #12782, .T. ) ;
#1701 = ADVANCED_FACE ( 'NONE', ( #7393 ), #11355, .F. ) ;
#1702 = DIRECTION ( 'NONE',  ( -0.5773502691896259531, -0.5773502691896237327, -0.5773502691896276184 ) ) ;
#1703 = ORIENTED_EDGE ( 'NONE', *, *, #3241, .T. ) ;
#1704 = VERTEX_POINT ( 'NONE', #3553 ) ;
#1705 = VERTEX_POINT ( 'NONE', #2565 ) ;
#1706 = VECTOR ( 'NONE', #6233, 1000.000000000000000 ) ;
#1707 = CARTESIAN_POINT ( 'NONE',  ( 8.001000000000001222, 8.064499999999998892, 1.650999999999999801 ) ) ;
#1708 = CARTESIAN_POINT ( 'NONE',  ( 5.461000000000000298, 7.239000000000000767, 1.650999999999999801 ) ) ;
#1709 = LINE ( 'NONE', #7771, #2966 ) ;
#1710 = CARTESIAN_POINT ( 'NONE',  ( -4.254499999999999282, 8.509000000000000341, -2.540000000000001812 ) ) ;
#1711 = DIRECTION ( 'NONE',  ( 0.000000000000000000, -0.7071067811865475727, 0.7071067811865475727 ) ) ;
#1712 = ORIENTED_EDGE ( 'NONE', *, *, #536, .F. ) ;
#1713 = LINE ( 'NONE', #733, #7845 ) ;
#1714 = EDGE_CURVE ( 'NONE', #11131, #9336, #6551, .T. ) ;
#1715 = LINE ( 'NONE', #4788, #4028 ) ;
#1716 = ORIENTED_EDGE ( 'NONE', *, *, #11586, .T. ) ;
#1717 = VECTOR ( 'NONE', #5578, 1000.000000000000000 ) ;
#1718 = VECTOR ( 'NONE', #10030, 1000.000000000000000 ) ;
#1719 = FACE_OUTER_BOUND ( 'NONE', #8224, .T. ) ;
#1720 = EDGE_CURVE ( 'NONE', #10557, #2927, #10774, .T. ) ;
#1721 = ORIENTED_EDGE ( 'NONE', *, *, #6899, .F. ) ;
#1722 = EDGE_CURVE ( 'NONE', #2927, #210, #2823, .T. ) ;
#1723 = DIRECTION ( 'NONE',  ( -0.000000000000000000, -0.7071067811865482389, -0.7071067811865469066 ) ) ;
#1724 = EDGE_CURVE ( 'NONE', #2155, #5460, #8764, .T. ) ;
#1725 = VECTOR ( 'NONE', #1482, 999.9999999999998863 ) ;
#1726 = VECTOR ( 'NONE', #526, 999.9999999999998863 ) ;
#1727 = ADVANCED_FACE ( 'NONE', ( #11627 ), #6937, .F. ) ;
#1728 = PLANE ( 'NONE',  #9482 ) ;
#1729 = CARTESIAN_POINT ( 'NONE',  ( 13.97000000000000064, 8.509000000000000341, -2.540000000000001812 ) ) ;
#1730 = LINE ( 'NONE', #7794, #2008 ) ;
#1731 = LINE ( 'NONE', #2826, #10881 ) ;
#1732 = ORIENTED_EDGE ( 'NONE', *, *, #657, .T. ) ;
#1733 = ORIENTED_EDGE ( 'NONE', *, *, #10792, .F. ) ;
#1734 = EDGE_LOOP ( 'NONE', ( #232, #11363, #12830, #8124 ) ) ;
#1735 = CARTESIAN_POINT ( 'NONE',  ( 1.714499999999997248, 8.509000000000000341, -2.540000000000001812 ) ) ;
#1736 = AXIS2_PLACEMENT_3D ( 'NONE', #4620, #8588, #12613 ) ;
#1737 = ORIENTED_EDGE ( 'NONE', *, *, #7530, .F. ) ;
#1738 = CARTESIAN_POINT ( 'NONE',  ( -1.270000000000000240, 0.5080000000000006732, -2.022881810244994583 ) ) ;
#1739 = EDGE_CURVE ( 'NONE', #3761, #11327, #10904, .T. ) ;
#1740 = CARTESIAN_POINT ( 'NONE',  ( 7.620000000000001883, 0.000000000000000000, 0.000000000000000000 ) ) ;
#1741 = CARTESIAN_POINT ( 'NONE',  ( -19.05000000000000071, 6.505213034913026604E-16, -2.540000000000000924 ) ) ;
#1742 = DIRECTION ( 'NONE',  ( -0.000000000000000000, 1.000000000000000000, 1.733406087350420004E-16 ) ) ;
#1743 = CARTESIAN_POINT ( 'NONE',  ( -2.920999999999999819, 8.064500000000002444, -0.8890000000000001235 ) ) ;
#1744 = DIRECTION ( 'NONE',  ( 0.000000000000000000, 0.9659258262890700886, -0.2588190451025140781 ) ) ;
#1745 = ORIENTED_EDGE ( 'NONE', *, *, #6087, .F. ) ;
#1746 = VERTEX_POINT ( 'NONE', #3687 ) ;
#1747 = ORIENTED_EDGE ( 'NONE', *, *, #3306, .F. ) ;
#1748 = CARTESIAN_POINT ( 'NONE',  ( -14.85899999999999999, 7.239000000000000767, -0.8890000000000001235 ) ) ;
#1749 = ORIENTED_EDGE ( 'NONE', *, *, #1393, .T. ) ;
#1750 = CARTESIAN_POINT ( 'NONE',  ( -18.16100000000000136, 7.239000000000000767, -0.8890000000000001235 ) ) ;
#1751 = CARTESIAN_POINT ( 'NONE',  ( -13.08099999999999952, 7.239000000000000767, -1.651000000000000023 ) ) ;
#1752 = PLANE ( 'NONE',  #8309 ) ;
#1753 = DIRECTION ( 'NONE',  ( 0.000000000000000000, 0.000000000000000000, -1.000000000000000000 ) ) ;
#1754 = CARTESIAN_POINT ( 'NONE',  ( 17.39900000000000091, 7.239000000000000767, -1.651000000000000023 ) ) ;
#1755 = CARTESIAN_POINT ( 'NONE',  ( -16.06550000000000367, 8.509000000000000341, 2.095500000000002139 ) ) ;
#1756 = CARTESIAN_POINT ( 'NONE',  ( -2.920999999999999819, 7.239000000000000767, -1.651000000000000023 ) ) ;
#1757 = ORIENTED_EDGE ( 'NONE', *, *, #7460, .T. ) ;
#1758 = EDGE_LOOP ( 'NONE', ( #9510, #786, #5664, #5677 ) ) ;
#1759 = DIRECTION ( 'NONE',  ( -1.000000000000000000, 0.000000000000000000, 0.000000000000000000 ) ) ;
#1760 = EDGE_LOOP ( 'NONE', ( #6052, #2568, #2373, #8819 ) ) ;
#1761 = VERTEX_POINT ( 'NONE', #1783 ) ;
#1762 = DIRECTION ( 'NONE',  ( -0.5773502691896259531, -0.5773502691896237327, -0.5773502691896276184 ) ) ;
#1763 = LINE ( 'NONE', #10886, #9765 ) ;
#1764 = FACE_OUTER_BOUND ( 'NONE', #2441, .T. ) ;
#1765 = LINE ( 'NONE', #2742, #14 ) ;
#1766 = LINE ( 'NONE', #9730, #5945 ) ;
#1767 = ORIENTED_EDGE ( 'NONE', *, *, #195, .F. ) ;
#1768 = EDGE_CURVE ( 'NONE', #3557, #12446, #10837, .T. ) ;
#1769 = DIRECTION ( 'NONE',  ( -0.000000000000000000, 1.000000000000000000, 1.733406087350420004E-16 ) ) ;
#1770 = CARTESIAN_POINT ( 'NONE',  ( -19.30400000000000205, 6.505213034913026604E-16, -2.540000000000000924 ) ) ;
#1771 = ORIENTED_EDGE ( 'NONE', *, *, #1238, .T. ) ;
#1772 = VECTOR ( 'NONE', #464, 1000.000000000000114 ) ;
#1773 = CARTESIAN_POINT ( 'NONE',  ( 8.001000000000001222, 7.239000000000000767, -0.8890000000000001235 ) ) ;
#1774 = ORIENTED_EDGE ( 'NONE', *, *, #109, .T. ) ;
#1775 = VECTOR ( 'NONE', #11584, 1000.000000000000000 ) ;
#1776 = EDGE_CURVE ( 'NONE', #9998, #6085, #10644, .T. ) ;
#1777 = DIRECTION ( 'NONE',  ( 0.000000000000000000, 1.000000000000000000, -2.251701056906096594E-16 ) ) ;
#1778 = UNCERTAINTY_MEASURE_WITH_UNIT (LENGTH_MEASURE( 1.000000000000000082E-05 ), #4399, 'distance_accuracy_value', 'NONE');
#1779 =( LENGTH_UNIT ( ) NAMED_UNIT ( * ) SI_UNIT ( .MILLI., .METRE. ) );
#1780 = VECTOR ( 'NONE', #12842, 1000.000000000000000 ) ;
#1781 = ADVANCED_FACE ( 'NONE', ( #5830, #12724, #9804 ), #5956, .F. ) ;
#1782 = DIRECTION ( 'NONE',  ( 0.3420201433256661594, 0.9396926207859093161, -2.747321704575235311E-16 ) ) ;
#1783 = CARTESIAN_POINT ( 'NONE',  ( 0.3810000000000000053, 0.5079999999999997851, 1.473200000000000953 ) ) ;
#1784 = ORIENTED_EDGE ( 'NONE', *, *, #5777, .F. ) ;
#1785 = PLANE ( 'NONE',  #329 ) ;
#1786 = CARTESIAN_POINT ( 'NONE',  ( -15.62099999999999866, 8.064499999999998892, 1.651000000000000023 ) ) ;
#1787 = ORIENTED_EDGE ( 'NONE', *, *, #8728, .F. ) ;
#1788 = VERTEX_POINT ( 'NONE', #8898 ) ;
#1789 = EDGE_CURVE ( 'NONE', #8947, #5265, #11683, .T. ) ;
#1790 = EDGE_LOOP ( 'NONE', ( #9792, #3226, #7521, #4663 ) ) ;
#1791 = EDGE_CURVE ( 'NONE', #3859, #177, #9678, .T. ) ;
#1792 = DIRECTION ( 'NONE',  ( 1.000000000000000000, 0.000000000000000000, 0.000000000000000000 ) ) ;
#1793 = VECTOR ( 'NONE', #291, 1000.000000000000000 ) ;
#1794 = EDGE_CURVE ( 'NONE', #8138, #6593, #5893, .T. ) ;
#1795 = VECTOR ( 'NONE', #10515, 1000.000000000000000 ) ;
#1796 = ADVANCED_FACE ( 'NONE', ( #4922 ), #12662, .F. ) ;
#1797 = AXIS2_PLACEMENT_3D ( 'NONE', #1114, #243, #12041 ) ;
#1798 = EDGE_LOOP ( 'NONE', ( #2048, #4818, #2720, #9074 ) ) ;
#1799 = ADVANCED_FACE ( 'NONE', ( #7918 ), #4735, .F. ) ;
#1800 = CARTESIAN_POINT ( 'NONE',  ( -8.890000000000000568, 0.5080000000000006732, -2.022881810244994583 ) ) ;
#1801 = FACE_OUTER_BOUND ( 'NONE', #4753, .T. ) ;
#1802 = VECTOR ( 'NONE', #11163, 1000.000000000000000 ) ;
#1803 = APPLICATION_PROTOCOL_DEFINITION ( 'draft international standard', 'automotive_design', 1998, #10209 ) ;
#1804 = LINE ( 'NONE', #2967, #4703 ) ;
#1805 = CARTESIAN_POINT ( 'NONE',  ( -0.3809999999999993947, 8.064500000000002444, -1.650999999999999801 ) ) ;
#1806 = CARTESIAN_POINT ( 'NONE',  ( 8.001000000000001222, 7.239000000000000767, -0.8890000000000001235 ) ) ;
#1807 = VECTOR ( 'NONE', #11629, 1000.000000000000000 ) ;
#1808 = LINE ( 'NONE', #6831, #7347 ) ;
#1809 = ORIENTED_EDGE ( 'NONE', *, *, #2860, .T. ) ;
#1810 = ORIENTED_EDGE ( 'NONE', *, *, #11976, .F. ) ;
#1811 = EDGE_CURVE ( 'NONE', #11232, #5174, #814, .T. ) ;
#1812 = EDGE_LOOP ( 'NONE', ( #9622, #8274, #8137, #9186 ) ) ;
#1813 = LINE ( 'NONE', #8593, #10132 ) ;
#1814 = EDGE_CURVE ( 'NONE', #10016, #8758, #11749, .T. ) ;
#1815 = ORIENTED_EDGE ( 'NONE', *, *, #6411, .T. ) ;
#1816 = VECTOR ( 'NONE', #9256, 1000.000000000000000 ) ;
#1817 = CARTESIAN_POINT ( 'NONE',  ( -8.000999999999999446, 7.239000000000000767, 0.8889999999999997904 ) ) ;
#1818 = CARTESIAN_POINT ( 'NONE',  ( 19.05000000000000071, 8.509000000000000341, 2.540000000000001812 ) ) ;
#1819 = CARTESIAN_POINT ( 'NONE',  ( -13.97000000000000064, 6.505213034913026604E-16, -2.540000000000000924 ) ) ;
#1820 = CARTESIAN_POINT ( 'NONE',  ( 11.42999999999999972, 4.336808689942017736E-16, -2.159000000000001140 ) ) ;
#1821 = FACE_OUTER_BOUND ( 'NONE', #3243, .T. ) ;
#1822 = DIRECTION ( 'NONE',  ( 0.000000000000000000, -0.9659258262890701996, -0.2588190451025140226 ) ) ;
#1823 = VECTOR ( 'NONE', #11320, 1000.000000000000000 ) ;
#1824 = DIRECTION ( 'NONE',  ( -0.000000000000000000, 1.019346266292635338E-16, 1.000000000000000000 ) ) ;
#1825 = DIRECTION ( 'NONE',  ( 0.000000000000000000, -2.251701056906096594E-16, -1.000000000000000000 ) ) ;
#1826 = EDGE_LOOP ( 'NONE', ( #1899, #5098, #10811, #9432 ) ) ;
#1827 = ORIENTED_EDGE ( 'NONE', *, *, #10100, .F. ) ;
#1828 = CARTESIAN_POINT ( 'NONE',  ( 10.98550000000000182, 8.509000000000000341, -2.540000000000001812 ) ) ;
#1829 = AXIS2_PLACEMENT_3D ( 'NONE', #8725, #11516, #9703 ) ;
#1830 = CARTESIAN_POINT ( 'NONE',  ( -3.809999999999999165, 8.509000000000000341, -2.095500000000001695 ) ) ;
#1831 = ORIENTED_EDGE ( 'NONE', *, *, #8100, .T. ) ;
#1832 = EDGE_CURVE ( 'NONE', #6266, #4533, #4862, .T. ) ;
#1833 = ORIENTED_EDGE ( 'NONE', *, *, #3374, .T. ) ;
#1834 = ADVANCED_FACE ( 'NONE', ( #7851 ), #6022, .F. ) ;
#1835 = VECTOR ( 'NONE', #6308, 1000.000000000000000 ) ;
#1836 = CARTESIAN_POINT ( 'NONE',  ( 0.1269999999999986418, 7.810499999999998444, 1.397000000000000242 ) ) ;
#1837 = CARTESIAN_POINT ( 'NONE',  ( -8.000999999999999446, 8.064500000000002444, -0.8890000000000000124 ) ) ;
#1838 = FACE_OUTER_BOUND ( 'NONE', #7728, .T. ) ;
#1839 = FACE_OUTER_BOUND ( 'NONE', #9215, .T. ) ;
#1840 = CARTESIAN_POINT ( 'NONE',  ( 2.920999999999999819, 7.239000000000000767, 1.650999999999999801 ) ) ;
#1841 = ORIENTED_EDGE ( 'NONE', *, *, #2739, .T. ) ;
#1842 =( NAMED_UNIT ( * ) SI_UNIT ( $, .STERADIAN. ) SOLID_ANGLE_UNIT ( ) );
#1843 = CARTESIAN_POINT ( 'NONE',  ( -13.97000000000000064, 8.509000000000000341, 2.540000000000001812 ) ) ;
#1844 = VERTEX_POINT ( 'NONE', #3202 ) ;
#1845 = VECTOR ( 'NONE', #6016, 1000.000000000000000 ) ;
#1846 = DIRECTION ( 'NONE',  ( 0.000000000000000000, 0.000000000000000000, -1.000000000000000000 ) ) ;
#1847 = ORIENTED_EDGE ( 'NONE', *, *, #11025, .F. ) ;
#1848 = ADVANCED_FACE ( 'NONE', ( #1246 ), #8960, .F. ) ;
#1849 = CARTESIAN_POINT ( 'NONE',  ( -13.08099999999999952, 7.239000000000000767, -1.651000000000000023 ) ) ;
#1850 = DIRECTION ( 'NONE',  ( 0.000000000000000000, -1.000000000000000000, -1.733406087350420004E-16 ) ) ;
#1851 = SURFACE_STYLE_USAGE ( .BOTH. , #8701 ) ;
#1852 = VECTOR ( 'NONE', #1113, 1000.000000000000000 ) ;
#1853 = CARTESIAN_POINT ( 'NONE',  ( -13.52549999999999919, 8.509000000000000341, -0.4444999999999983409 ) ) ;
#1854 = CARTESIAN_POINT ( 'NONE',  ( 0.3810000000000000053, -3.200400000000000134, 1.473199999999999843 ) ) ;
#1855 = VERTEX_POINT ( 'NONE', #9143 ) ;
#1856 = DIRECTION ( 'NONE',  ( 0.000000000000000000, -1.000000000000000000, -3.058038798877906014E-16 ) ) ;
#1857 = DIRECTION ( 'NONE',  ( 1.000000000000000000, 0.000000000000000000, -0.000000000000000000 ) ) ;
#1858 = VERTEX_POINT ( 'NONE', #1129 ) ;
#1859 = VERTEX_POINT ( 'NONE', #203 ) ;
#1860 = ORIENTED_EDGE ( 'NONE', *, *, #6029, .T. ) ;
#1861 = DIRECTION ( 'NONE',  ( -0.000000000000000000, -0.000000000000000000, 1.000000000000000000 ) ) ;
#1862 = AXIS2_PLACEMENT_3D ( 'NONE', #8716, #6637, #1677 ) ;
#1863 = EDGE_LOOP ( 'NONE', ( #7546, #12453, #3392, #7780 ) ) ;
#1864 = CARTESIAN_POINT ( 'NONE',  ( -13.52550000000000274, 8.509000000000000341, 0.4444999999999970086 ) ) ;
#1865 = DIRECTION ( 'NONE',  ( 0.000000000000000000, 0.000000000000000000, 1.000000000000000000 ) ) ;
#1866 = PLANE ( 'NONE',  #11956 ) ;
#1867 = DIRECTION ( 'NONE',  ( 0.000000000000000000, 0.000000000000000000, 1.000000000000000000 ) ) ;
#1869 = DIRECTION ( 'NONE',  ( 0.000000000000000000, 3.058038798877906014E-16, -1.000000000000000000 ) ) ;
#1868 = PRODUCT_DEFINITION_FORMATION_WITH_SPECIFIED_SOURCE ( 'ANY', '', #11252, .NOT_KNOWN. ) ;
#1870 = CARTESIAN_POINT ( 'NONE',  ( 11.43000000000000327, 8.509000000000000341, -2.095500000000001695 ) ) ;
#1871 = ORIENTED_EDGE ( 'NONE', *, *, #6012, .F. ) ;
#1872 = ORIENTED_EDGE ( 'NONE', *, *, #8153, .F. ) ;
#1873 = EDGE_CURVE ( 'NONE', #497, #7110, #11218, .T. ) ;
#1874 = EDGE_LOOP ( 'NONE', ( #6759, #9992, #2655, #8221 ) ) ;
#1875 = LINE ( 'NONE', #1034, #3916 ) ;
#1876 = ADVANCED_FACE ( 'NONE', ( #6203 ), #2163, .F. ) ;
#1877 = VERTEX_POINT ( 'NONE', #10117 ) ;
#1878 = LINE ( 'NONE', #3649, #1985 ) ;
#1879 = EDGE_CURVE ( 'NONE', #8356, #7351, #1013, .T. ) ;
#1880 = LINE ( 'NONE', #5855, #1198 ) ;
#1881 = EDGE_CURVE ( 'NONE', #3627, #7585, #5168, .T. ) ;
#1882 = LINE ( 'NONE', #7944, #11635 ) ;
#1883 = PLANE ( 'NONE',  #3677 ) ;
#1884 = CARTESIAN_POINT ( 'NONE',  ( 4.254499999999997506, 8.509000000000000341, -2.540000000000001812 ) ) ;
#1885 = CARTESIAN_POINT ( 'NONE',  ( -6.349999999999999645, 0.5080000000000000071, 2.022881810244992806 ) ) ;
#1886 = EDGE_CURVE ( 'NONE', #751, #2080, #4184, .T. ) ;
#1887 = VERTEX_POINT ( 'NONE', #3019 ) ;
#1888 = ORIENTED_EDGE ( 'NONE', *, *, #11499, .F. ) ;
#1889 = CARTESIAN_POINT ( 'NONE',  ( -4.698999999999999844, 8.064499999999998892, 1.650999999999999801 ) ) ;
#1890 = LINE ( 'NONE', #11727, #1405 ) ;
#1891 = ORIENTED_EDGE ( 'NONE', *, *, #6723, .T. ) ;
#1892 = DIRECTION ( 'NONE',  ( 0.000000000000000000, -2.251701056906096594E-16, -1.000000000000000000 ) ) ;
#1893 = LINE ( 'NONE', #12771, #6633 ) ;
#1894 = CARTESIAN_POINT ( 'NONE',  ( -1.270000000000000240, 8.509000000000000341, 0.4444999999999970086 ) ) ;
#1895 = LINE ( 'NONE', #10037, #9643 ) ;
#1896 = EDGE_CURVE ( 'NONE', #5458, #7517, #2047, .T. ) ;
#1897 = LINE ( 'NONE', #2876, #4402 ) ;
#1898 = CARTESIAN_POINT ( 'NONE',  ( -0.3810000000000000053, 0.5079999999999998961, -1.066800000000001303 ) ) ;
#1899 = ORIENTED_EDGE ( 'NONE', *, *, #8820, .T. ) ;
#1900 = PLANE ( 'NONE',  #775 ) ;
#1901 = FACE_OUTER_BOUND ( 'NONE', #6384, .T. ) ;
#1902 = EDGE_LOOP ( 'NONE', ( #4578, #4729, #5439, #551 ) ) ;
#1903 = ADVANCED_FACE ( 'NONE', ( #2225 ), #5106, .F. ) ;
#1904 = AXIS2_PLACEMENT_3D ( 'NONE', #1805, #5844, #4813 ) ;
#1905 = DIRECTION ( 'NONE',  ( -0.5773502691896268413, 0.5773502691896247319, -0.5773502691896256200 ) ) ;
#1906 = ORIENTED_EDGE ( 'NONE', *, *, #11480, .T. ) ;
#1907 = LINE ( 'NONE', #11868, #11594 ) ;
#1908 = LINE ( 'NONE', #4981, #9339 ) ;
#1909 = FILL_AREA_STYLE ('',( #6076 ) ) ;
#1910 = CARTESIAN_POINT ( 'NONE',  ( 3.365500000000000380, 8.509000000000000341, -2.095500000000001695 ) ) ;
#1911 = CARTESIAN_POINT ( 'NONE',  ( -11.42999999999999972, 8.509000000000000341, -2.095500000000001695 ) ) ;
#1912 = VECTOR ( 'NONE', #346, 999.9999999999998863 ) ;
#1913 = DIRECTION ( 'NONE',  ( -1.000000000000000000, -0.000000000000000000, -0.000000000000000000 ) ) ;
#1914 = CARTESIAN_POINT ( 'NONE',  ( 9.779000000000003467, 8.064500000000002444, -1.650999999999999801 ) ) ;
#1915 = AXIS2_PLACEMENT_3D ( 'NONE', #3765, #7425, #3375 ) ;
#1916 = ORIENTED_EDGE ( 'NONE', *, *, #1646, .F. ) ;
#1917 = ORIENTED_EDGE ( 'NONE', *, *, #12716, .T. ) ;
#1918 = EDGE_CURVE ( 'NONE', #163, #7810, #11151, .T. ) ;
#1919 = ORIENTED_EDGE ( 'NONE', *, *, #4132, .T. ) ;
#1920 = EDGE_CURVE ( 'NONE', #1177, #8138, #6078, .T. ) ;
#1921 = DIRECTION ( 'NONE',  ( 0.000000000000000000, 1.607907343367028359E-16, -1.000000000000000000 ) ) ;
#1922 = ORIENTED_EDGE ( 'NONE', *, *, #8565, .F. ) ;
#1923 = AXIS2_PLACEMENT_3D ( 'NONE', #10345, #8135, #4422 ) ;
#1924 = DIRECTION ( 'NONE',  ( 1.000000000000000000, 0.000000000000000000, 0.000000000000000000 ) ) ;
#1925 = VECTOR ( 'NONE', #10431, 1000.000000000000000 ) ;
#1926 = CARTESIAN_POINT ( 'NONE',  ( 13.97000000000000064, 4.336808689942017736E-16, -2.159000000000001140 ) ) ;
#1927 = ADVANCED_FACE ( 'NONE', ( #3269 ), #7251, .T. ) ;
#1928 = ITEM_DEFINED_TRANSFORMATION ( 'NONE', 'NONE', #10590,  #2067 ) ;
#1929 = LINE ( 'NONE', #7928, #11331 ) ;
#1930 = DIRECTION ( 'NONE',  ( -0.000000000000000000, 1.000000000000000000, 1.733406087350420004E-16 ) ) ;
#1931 = VECTOR ( 'NONE', #10533, 1000.000000000000000 ) ;
#1932 = LINE ( 'NONE', #1995, #7003 ) ;
#1933 = DIRECTION ( 'NONE',  ( 0.000000000000000000, 1.000000000000000000, 3.058038798877906014E-16 ) ) ;
#1934 = ORIENTED_EDGE ( 'NONE', *, *, #5082, .F. ) ;
#1935 = ORIENTED_EDGE ( 'NONE', *, *, #6818, .F. ) ;
#1936 = ORIENTED_EDGE ( 'NONE', *, *, #7946, .T. ) ;
#1937 = EDGE_CURVE ( 'NONE', #10908, #1365, #2105, .T. ) ;
#1938 = AXIS2_PLACEMENT_3D ( 'NONE', #2122, #10068, #10196 ) ;
#1939 = LINE ( 'NONE', #964, #11176 ) ;
#1940 = VECTOR ( 'NONE', #1212, 1000.000000000000000 ) ;
#1941 = ORIENTED_EDGE ( 'NONE', *, *, #1567, .T. ) ;
#1942 = LINE ( 'NONE', #12024, #7828 ) ;
#1943 = CARTESIAN_POINT ( 'NONE',  ( 3.810000000000000941, 8.509000000000000341, 2.540000000000001812 ) ) ;
#1944 = CARTESIAN_POINT ( 'NONE',  ( -1.270000000000000240, 0.5080000000000000071, 2.022881810244992806 ) ) ;
#1945 = DIRECTION ( 'NONE',  ( -0.7071067811865462405, -0.7071067811865489050, 0.000000000000000000 ) ) ;
#1946 = LINE ( 'NONE', #2859, #4216 ) ;
#1947 = LINE ( 'NONE', #5922, #4796 ) ;
#1948 = ORIENTED_EDGE ( 'NONE', *, *, #1108, .T. ) ;
#1949 = ORIENTED_EDGE ( 'NONE', *, *, #7938, .F. ) ;
#1950 = ORIENTED_EDGE ( 'NONE', *, *, #12539, .F. ) ;
#1951 = LINE ( 'NONE', #8994, #1194 ) ;
#1952 = CARTESIAN_POINT ( 'NONE',  ( -0.1961031209927689423, -3.200400000000000134, -1.066800000000000415 ) ) ;
#1953 = ORIENTED_EDGE ( 'NONE', *, *, #2860, .F. ) ;
#1954 = EDGE_CURVE ( 'NONE', #6085, #693, #3086, .T. ) ;
#1955 = ADVANCED_FACE ( 'NONE', ( #11029 ), #10054, .F. ) ;
#1956 = EDGE_CURVE ( 'NONE', #7585, #4004, #8107, .T. ) ;
#1957 = EDGE_CURVE ( 'NONE', #10085, #1661, #7445, .T. ) ;
#1958 = DIRECTION ( 'NONE',  ( 0.000000000000000000, 0.000000000000000000, -1.000000000000000000 ) ) ;
#1959 = ADVANCED_FACE ( 'NONE', ( #2670 ), #12255, .F. ) ;
#1960 = CARTESIAN_POINT ( 'NONE',  ( 8.890000000000002345, 6.505213034913026604E-16, -2.540000000000000924 ) ) ;
#1961 = DIRECTION ( 'NONE',  ( 0.000000000000000000, -5.691349986800550837E-16, 1.000000000000000000 ) ) ;
#1962 = PLANE ( 'NONE',  #2328 ) ;
#1963 = DIRECTION ( 'NONE',  ( 0.7071067811865462405, -0.7071067811865489050, 0.000000000000000000 ) ) ;
#1964 = DIRECTION ( 'NONE',  ( -1.000000000000000000, -0.000000000000000000, -0.000000000000000000 ) ) ;
#1965 = EDGE_LOOP ( 'NONE', ( #6154, #8754, #5443, #4157 ) ) ;
#1966 = CARTESIAN_POINT ( 'NONE',  ( 1.270000000000000240, 0.000000000000000000, 2.539999999999999147 ) ) ;
#1967 = DIRECTION ( 'NONE',  ( 0.000000000000000000, 0.000000000000000000, -1.000000000000000000 ) ) ;
#1968 = ORIENTED_EDGE ( 'NONE', *, *, #7707, .F. ) ;
#1969 = EDGE_CURVE ( 'NONE', #9578, #2502, #4771, .T. ) ;
#1970 = DIRECTION ( 'NONE',  ( 0.000000000000000000, -0.9659258262890700886, 0.2588190451025140781 ) ) ;
#1971 = ORIENTED_EDGE ( 'NONE', *, *, #3313, .T. ) ;
#1972 = CARTESIAN_POINT ( 'NONE',  ( 18.16100000000000136, 7.239000000000000767, -0.8890000000000001235 ) ) ;
#1973 = DIRECTION ( 'NONE',  ( 0.5773502691896258421, 0.5773502691896236216, -0.5773502691896278405 ) ) ;
#1974 = APPLICATION_CONTEXT ( 'automotive_design' ) ;
#1975 = CARTESIAN_POINT ( 'NONE',  ( 16.95449999999999591, 8.509000000000000341, 0.4444999999999970086 ) ) ;
#1976 = CARTESIAN_POINT ( 'NONE',  ( 19.05000000000000071, 8.509000000000000341, -2.540000000000001812 ) ) ;
#1977 = DIRECTION ( 'NONE',  ( -1.000000000000000000, -0.000000000000000000, -0.000000000000000000 ) ) ;
#1978 = AXIS2_PLACEMENT_3D ( 'NONE', #12548, #3569, #3432 ) ;
#1979 = DIRECTION ( 'NONE',  ( 0.7071067811865462405, -0.7071067811865489050, 0.000000000000000000 ) ) ;
#1980 = ORIENTED_EDGE ( 'NONE', *, *, #12296, .F. ) ;
#1981 = VERTEX_POINT ( 'NONE', #2353 ) ;
#1982 = ORIENTED_EDGE ( 'NONE', *, *, #12863, .F. ) ;
#1983 = FACE_OUTER_BOUND ( 'NONE', #9987, .T. ) ;
#1984 = EDGE_CURVE ( 'NONE', #2913, #5514, #12634, .T. ) ;
#1985 = VECTOR ( 'NONE', #9769, 1000.000000000000000 ) ;
#1986 = VERTEX_POINT ( 'NONE', #12694 ) ;
#1987 = MANIFOLD_SOLID_BREP ( 'LPattern1[10]', #4002 ) ;
#1988 = VECTOR ( 'NONE', #10903, 1000.000000000000000 ) ;
#1989 = LINE ( 'NONE', #28, #7634 ) ;
#1990 = EDGE_CURVE ( 'NONE', #11426, #5051, #10679, .T. ) ;
#1991 = CONTEXT_DEPENDENT_SHAPE_REPRESENTATION ( #8644, #1266 ) ;
#1992 = LINE ( 'NONE', #11098, #331 ) ;
#1993 = LINE ( 'NONE', #4013, #2526 ) ;
#1994 = AXIS2_PLACEMENT_3D ( 'NONE', #12718, #8886, #9736 ) ;
#1995 = CARTESIAN_POINT ( 'NONE',  ( 19.05000000000000071, 6.505213034913026604E-16, -2.540000000000000924 ) ) ;
#1996 = LINE ( 'NONE', #9957, #2342 ) ;
#1997 = ORIENTED_EDGE ( 'NONE', *, *, #10007, .F. ) ;
#1998 = VERTEX_POINT ( 'NONE', #11340 ) ;
#1999 = ORIENTED_EDGE ( 'NONE', *, *, #7514, .T. ) ;
#2000 = DIRECTION ( 'NONE',  ( 1.000000000000000000, 0.000000000000000000, 0.000000000000000000 ) ) ;
#2001 = VECTOR ( 'NONE', #2333, 1000.000000000000000 ) ;
#2002 = VECTOR ( 'NONE', #5151, 999.9999999999998863 ) ;
#2003 = VERTEX_POINT ( 'NONE', #3783 ) ;
#2004 = VECTOR ( 'NONE', #6088, 1000.000000000000000 ) ;
#2005 = DIRECTION ( 'NONE',  ( -0.000000000000000000, -0.7071067811865482389, -0.7071067811865469066 ) ) ;
#2006 = FACE_OUTER_BOUND ( 'NONE', #9085, .T. ) ;
#2007 = EDGE_CURVE ( 'NONE', #9905, #11943, #6660, .T. ) ;
#2008 = VECTOR ( 'NONE', #1977, 1000.000000000000000 ) ;
#2010 = LINE ( 'NONE', #12691, #4921 ) ;
#2009 = VECTOR ( 'NONE', #2313, 1000.000000000000000 ) ;
#2011 = FACE_OUTER_BOUND ( 'NONE', #1662, .T. ) ;
#2012 = CARTESIAN_POINT ( 'NONE',  ( -13.08099999999999952, 8.064499999999998892, 1.651000000000000023 ) ) ;
#2013 = DIRECTION ( 'NONE',  ( 0.000000000000000000, 1.000000000000000000, 1.733406087350420004E-16 ) ) ;
#2014 = ORIENTED_EDGE ( 'NONE', *, *, #6993, .F. ) ;
#2015 = ORIENTED_EDGE ( 'NONE', *, *, #265, .F. ) ;
#2016 = ORIENTED_EDGE ( 'NONE', *, *, #2264, .T. ) ;
#2017 = CARTESIAN_POINT ( 'NONE',  ( 12.31900000000000084, 7.239000000000000767, 1.650999999999999801 ) ) ;
#2018 = PLANE ( 'NONE',  #6194 ) ;
#2019 = ORIENTED_EDGE ( 'NONE', *, *, #9396, .T. ) ;
#2020 =( GEOMETRIC_REPRESENTATION_CONTEXT ( 3 ) GLOBAL_UNCERTAINTY_ASSIGNED_CONTEXT ( ( #4123 ) ) GLOBAL_UNIT_ASSIGNED_CONTEXT ( ( #12713, #7777, #1842 ) ) REPRESENTATION_CONTEXT ( 'NONE', 'WORKASPACE' ) );
#2021 = CARTESIAN_POINT ( 'NONE',  ( 11.43000000000000327, 8.509000000000000341, -2.540000000000001812 ) ) ;
#2022 = PLANE ( 'NONE',  #3076 ) ;
#2023 = CARTESIAN_POINT ( 'NONE',  ( 11.43000000000000327, 8.509000000000000341, -2.540000000000001812 ) ) ;
#2024 = PLANE ( 'NONE',  #9431 ) ;
#2025 = DIRECTION ( 'NONE',  ( 0.000000000000000000, -1.000000000000000000, 2.338910953479677683E-16 ) ) ;
#2026 = AXIS2_PLACEMENT_3D ( 'NONE', #2460, #4491, #1281 ) ;
#2027 = LINE ( 'NONE', #6004, #6788 ) ;
#2028 = ORIENTED_EDGE ( 'NONE', *, *, #11235, .F. ) ;
#2029 = CARTESIAN_POINT ( 'NONE',  ( -1.270000000000000240, 8.509000000000000341, -2.540000000000001812 ) ) ;
#2030 = PLANE ( 'NONE',  #4041 ) ;
#2031 = ADVANCED_FACE ( 'NONE', ( #6331 ), #9346, .F. ) ;
#2032 = ORIENTED_EDGE ( 'NONE', *, *, #10181, .T. ) ;
#2033 = EDGE_CURVE ( 'NONE', #11443, #6317, #8363, .T. ) ;
#2034 = VECTOR ( 'NONE', #9594, 1000.000000000000000 ) ;
#2035 = VECTOR ( 'NONE', #6605, 999.9999999999998863 ) ;
#2036 = EDGE_CURVE ( 'NONE', #7595, #3612, #4704, .T. ) ;
#2037 = VECTOR ( 'NONE', #6210, 999.9999999999998863 ) ;
#2038 = CARTESIAN_POINT ( 'NONE',  ( -18.16100000000000136, 7.239000000000000767, -0.8890000000000001235 ) ) ;
#2039 = ORIENTED_EDGE ( 'NONE', *, *, #2116, .F. ) ;
#2040 = DIRECTION ( 'NONE',  ( -1.000000000000000000, -0.000000000000000000, -0.000000000000000000 ) ) ;
#2041 = DIRECTION ( 'NONE',  ( 0.000000000000000000, 0.000000000000000000, 1.000000000000000000 ) ) ;
#2042 = ADVANCED_FACE ( 'NONE', ( #5420 ), #7380, .F. ) ;
#2043 = PRODUCT_DEFINITION_CONTEXT ( 'detailed design', #3747, 'design' ) ;
#2044 = EDGE_CURVE ( 'NONE', #11302, #10937, #2419, .T. ) ;
#2045 = SURFACE_STYLE_USAGE ( .BOTH. , #11870 ) ;
#2046 = LINE ( 'NONE', #8164, #6356 ) ;
#2047 = LINE ( 'NONE', #5228, #2536 ) ;
#2048 = ORIENTED_EDGE ( 'NONE', *, *, #3335, .T. ) ;
#2049 = EDGE_CURVE ( 'NONE', #4817, #484, #4318, .T. ) ;
#2050 = PLANE ( 'NONE',  #11779 ) ;
#2051 = AXIS2_PLACEMENT_3D ( 'NONE', #8454, #3429, #7407 ) ;
#2052 = CARTESIAN_POINT ( 'NONE',  ( -1.714500000000000801, 8.509000000000000341, -2.540000000000001812 ) ) ;
#2053 = EDGE_LOOP ( 'NONE', ( #930, #6501, #1408, #9302 ) ) ;
#2054 = ORIENTED_EDGE ( 'NONE', *, *, #4839, .F. ) ;
#2055 = ORIENTED_EDGE ( 'NONE', *, *, #5931, .F. ) ;
#2056 = VECTOR ( 'NONE', #11126, 1000.000000000000000 ) ;
#2057 = DIRECTION ( 'NONE',  ( 0.000000000000000000, 1.000000000000000000, -1.019346266292635338E-16 ) ) ;
#2058 = LINE ( 'NONE', #12198, #7571 ) ;
#2059 = FACE_OUTER_BOUND ( 'NONE', #5648, .T. ) ;
#2060 = FACE_OUTER_BOUND ( 'NONE', #5264, .T. ) ;
#2061 = EDGE_CURVE ( 'NONE', #5864, #3977, #8931, .T. ) ;
#2062 = DIRECTION ( 'NONE',  ( 0.000000000000000000, 1.000000000000000000, 1.733406087350420004E-16 ) ) ;
#2063 = CARTESIAN_POINT ( 'NONE',  ( -0.3809999999999993947, 8.064499999999998892, 1.650999999999999801 ) ) ;
#2064 = ORIENTED_EDGE ( 'NONE', *, *, #8338, .F. ) ;
#2065 = ORIENTED_EDGE ( 'NONE', *, *, #2179, .T. ) ;
#2066 = VERTEX_POINT ( 'NONE', #979 ) ;
#2067 = AXIS2_PLACEMENT_3D ( 'NONE', #3048, #8072, #2985 ) ;
#2068 = ADVANCED_FACE ( 'NONE', ( #11785 ), #1102, .F. ) ;
#2069 = ORIENTED_EDGE ( 'NONE', *, *, #357, .T. ) ;
#2070 = DIRECTION ( 'NONE',  ( 0.000000000000000000, 0.000000000000000000, 1.000000000000000000 ) ) ;
#2071 = LINE ( 'NONE', #8113, #3284 ) ;
#2072 = VERTEX_POINT ( 'NONE', #1153 ) ;
#2073 = CARTESIAN_POINT ( 'NONE',  ( -19.05000000000000071, 4.336808689942017736E-16, -2.159000000000001140 ) ) ;
#2074 = DIRECTION ( 'NONE',  ( 0.000000000000000000, 0.000000000000000000, -1.000000000000000000 ) ) ;
#2075 = DIRECTION ( 'NONE',  ( -0.000000000000000000, 1.000000000000000000, 1.733406087350420004E-16 ) ) ;
#2076 = DIRECTION ( 'NONE',  ( -1.000000000000000000, 0.000000000000000000, -0.000000000000000000 ) ) ;
#2077 = CARTESIAN_POINT ( 'NONE',  ( -2.159000000000001140, 7.239000000000000767, 0.8889999999999997904 ) ) ;
#2078 = ORIENTED_EDGE ( 'NONE', *, *, #3636, .T. ) ;
#2079 = VERTEX_POINT ( 'NONE', #9779 ) ;
#2080 = VERTEX_POINT ( 'NONE', #5078 ) ;
#2081 = PLANE ( 'NONE',  #2220 ) ;
#2082 = CARTESIAN_POINT ( 'NONE',  ( -1.270000000000000240, 8.509000000000000341, -2.540000000000001812 ) ) ;
#2083 = ORIENTED_EDGE ( 'NONE', *, *, #5058, .T. ) ;
#2084 = EDGE_CURVE ( 'NONE', #6669, #969, #6050, .T. ) ;
#2085 = ADVANCED_BREP_SHAPE_REPRESENTATION ( '', ( #6228, #10817, #10704, #10580, #10473, #2114, #6583, #6487, #10923, #6333, #10798, #6513, #1987, #6400, #6538, #10835, #6309, #2067 ), #4147 ) ;
#2086 = CARTESIAN_POINT ( 'NONE',  ( -11.43000000000000149, 8.509000000000000341, -2.540000000000001812 ) ) ;
#2087 = DIRECTION ( 'NONE',  ( 0.000000000000000000, -0.9659258262890701996, -0.2588190451025140226 ) ) ;
#2088 = CARTESIAN_POINT ( 'NONE',  ( -19.05000000000000071, 0.5080000000000006732, -2.022881810244994583 ) ) ;
#2089 = CARTESIAN_POINT ( 'NONE',  ( 15.62099999999999866, 7.239000000000000767, -0.8890000000000001235 ) ) ;
#2090 = LINE ( 'NONE', #9858, #8388 ) ;
#2091 = DIRECTION ( 'NONE',  ( 0.000000000000000000, 0.000000000000000000, -1.000000000000000000 ) ) ;
#2092 = EDGE_CURVE ( 'NONE', #12352, #8201, #916, .T. ) ;
#2093 = CARTESIAN_POINT ( 'NONE',  ( -0.1961031209927689145, -3.200400000000000134, 1.473199999999999843 ) ) ;
#2094 = ORIENTED_EDGE ( 'NONE', *, *, #12461, .T. ) ;
#2095 = CARTESIAN_POINT ( 'NONE',  ( -3.809999999999999165, 8.509000000000000341, 2.095500000000002139 ) ) ;
#2096 = LINE ( 'NONE', #12047, #10738 ) ;
#2097 = EDGE_LOOP ( 'NONE', ( #5996, #3927, #12572, #5572 ) ) ;
#2098 = FACE_OUTER_BOUND ( 'NONE', #923, .T. ) ;
#2099 = EDGE_LOOP ( 'NONE', ( #6646, #10664, #3625, #9489 ) ) ;
#2100 = VECTOR ( 'NONE', #9984, 1000.000000000000000 ) ;
#2101 = PLANE ( 'NONE',  #9091 ) ;
#2102 = PLANE ( 'NONE',  #8713 ) ;
#2103 = PRODUCT_DEFINITION_SHAPE ( 'NONE', 'NONE',  #12881 ) ;
#2104 = CARTESIAN_POINT ( 'NONE',  ( 19.05000000000000071, 4.336808689942017736E-16, -2.159000000000001140 ) ) ;
#2105 = LINE ( 'NONE', #8046, #10860 ) ;
#2106 = ORIENTED_EDGE ( 'NONE', *, *, #141, .T. ) ;
#2107 = LINE ( 'NONE', #6081, #3682 ) ;
#2108 = DIRECTION ( 'NONE',  ( 0.000000000000000000, -1.000000000000000000, -3.058038798877906014E-16 ) ) ;
#2109 = ORIENTED_EDGE ( 'NONE', *, *, #6967, .T. ) ;
#2110 = EDGE_CURVE ( 'NONE', #5513, #6256, #10873, .T. ) ;
#2111 = ADVANCED_FACE ( 'NONE', ( #4034 ), #852, .F. ) ;
#2112 = ORIENTED_EDGE ( 'NONE', *, *, #2884, .T. ) ;
#2113 = EDGE_CURVE ( 'NONE', #10935, #10280, #12032, .T. ) ;
#2114 = MANIFOLD_SOLID_BREP ( 'LPattern1[3]', #5676 ) ;
#2115 = DIRECTION ( 'NONE',  ( 0.000000000000000000, -2.251701056906096594E-16, -1.000000000000000000 ) ) ;
#2116 = EDGE_CURVE ( 'NONE', #11704, #8674, #5862, .T. ) ;
#2117 = VECTOR ( 'NONE', #746, 1000.000000000000000 ) ;
#2118 = ADVANCED_FACE ( 'NONE', ( #4892 ), #7949, .F. ) ;
#2119 = LINE ( 'NONE', #10063, #3684 ) ;
#2120 = DIRECTION ( 'NONE',  ( 0.000000000000000000, 0.000000000000000000, 1.000000000000000000 ) ) ;
#2121 = CARTESIAN_POINT ( 'NONE',  ( 13.97000000000000064, 0.5080000000000006732, -2.022881810244994583 ) ) ;
#2122 = CARTESIAN_POINT ( 'NONE',  ( -11.42999999999999972, 8.509000000000000341, 2.540000000000001812 ) ) ;
#2123 = ORIENTED_EDGE ( 'NONE', *, *, #9772, .T. ) ;
#2124 = ORIENTED_EDGE ( 'NONE', *, *, #3178, .F. ) ;
#2125 = ORIENTED_EDGE ( 'NONE', *, *, #6304, .F. ) ;
#2126 = VECTOR ( 'NONE', #1958, 1000.000000000000000 ) ;
#2127 = VERTEX_POINT ( 'NONE', #2077 ) ;
#2128 = ADVANCED_FACE ( 'NONE', ( #10998 ), #2926, .F. ) ;
#2129 = CARTESIAN_POINT ( 'NONE',  ( -0.3809999999999993947, 8.064499999999998892, 0.8889999999999999014 ) ) ;
#2130 = DIRECTION ( 'NONE',  ( -1.000000000000000000, 0.000000000000000000, -0.000000000000000000 ) ) ;
#2131 = PLANE ( 'NONE',  #2409 ) ;
#2132 = FACE_OUTER_BOUND ( 'NONE', #2638, .T. ) ;
#2133 = CARTESIAN_POINT ( 'NONE',  ( 0.3810000000000000053, 0.5079999999999997851, -1.473200000000000953 ) ) ;
#2134 = VECTOR ( 'NONE', #3555, 999.9999999999998863 ) ;
#2135 = VECTOR ( 'NONE', #5152, 1000.000000000000000 ) ;
#2136 = DIRECTION ( 'NONE',  ( 0.000000000000000000, 0.000000000000000000, 1.000000000000000000 ) ) ;
#2137 = ORIENTED_EDGE ( 'NONE', *, *, #10801, .F. ) ;
#2138 = VERTEX_POINT ( 'NONE', #5989 ) ;
#2139 = ORIENTED_EDGE ( 'NONE', *, *, #10627, .F. ) ;
#2140 = LINE ( 'NONE', #12831, #10766 ) ;
#2141 = ORIENTED_EDGE ( 'NONE', *, *, #10829, .F. ) ;
#2142 = AXIS2_PLACEMENT_3D ( 'NONE', #3748, #3930, #5943 ) ;
#2143 = DIRECTION ( 'NONE',  ( 0.7071067811865462405, -0.7071067811865489050, 0.000000000000000000 ) ) ;
#2144 = LINE ( 'NONE', #1168, #12003 ) ;
#2145 = CARTESIAN_POINT ( 'NONE',  ( 2.920999999999999819, 8.064500000000002444, -0.8890000000000000124 ) ) ;
#2146 = LINE ( 'NONE', #7165, #9080 ) ;
#2147 = DIRECTION ( 'NONE',  ( -0.000000000000000000, 1.000000000000000000, 1.733406087350420004E-16 ) ) ;
#2148 = EDGE_CURVE ( 'NONE', #7256, #2639, #1044, .T. ) ;
#2149 = LINE ( 'NONE', #5339, #9964 ) ;
#2150 = VECTOR ( 'NONE', #8396, 999.9999999999998863 ) ;
#2151 = CARTESIAN_POINT ( 'NONE',  ( 3.810000000000000941, 8.509000000000000341, -2.540000000000001812 ) ) ;
#2152 = ORIENTED_EDGE ( 'NONE', *, *, #2036, .F. ) ;
#2153 = CARTESIAN_POINT ( 'NONE',  ( 3.365500000000003933, 8.509000000000000341, -2.540000000000001812 ) ) ;
#2154 = LINE ( 'NONE', #2214, #3984 ) ;
#2155 = VERTEX_POINT ( 'NONE', #1215 ) ;
#2156 = LINE ( 'NONE', #5221, #10929 ) ;
#2157 = VERTEX_POINT ( 'NONE', #3307 ) ;
#2158 = FACE_OUTER_BOUND ( 'NONE', #7260, .T. ) ;
#2159 = CARTESIAN_POINT ( 'NONE',  ( 11.43000000000000327, 8.509000000000000341, -2.540000000000001812 ) ) ;
#2160 = EDGE_CURVE ( 'NONE', #749, #2569, #9170, .T. ) ;
#2161 = DIRECTION ( 'NONE',  ( 0.000000000000000000, -5.691349986800550837E-16, 1.000000000000000000 ) ) ;
#2162 = LINE ( 'NONE', #1128, #1146 ) ;
#2163 = PLANE ( 'NONE',  #7744 ) ;
#2164 = ORIENTED_EDGE ( 'NONE', *, *, #6414, .T. ) ;
#2165 = PLANE ( 'NONE',  #4088 ) ;
#2166 = CARTESIAN_POINT ( 'NONE',  ( -1.270000000000000240, 0.000000000000000000, 2.539999999999999147 ) ) ;
#2167 = EDGE_LOOP ( 'NONE', ( #7890, #12518, #12143, #9099 ) ) ;
#2168 = CARTESIAN_POINT ( 'NONE',  ( 12.82699999999999818, 7.810500000000001997, -1.396999999999998021 ) ) ;
#2169 = ORIENTED_EDGE ( 'NONE', *, *, #443, .F. ) ;
#2170 = PLANE ( 'NONE',  #12394 ) ;
#2171 = CARTESIAN_POINT ( 'NONE',  ( -8.890000000000000568, 8.509000000000000341, -2.540000000000001812 ) ) ;
#2172 = FACE_OUTER_BOUND ( 'NONE', #10588, .T. ) ;
#2173 = DIRECTION ( 'NONE',  ( 0.000000000000000000, -1.607907343367028359E-16, 1.000000000000000000 ) ) ;
#2174 = CARTESIAN_POINT ( 'NONE',  ( 11.43000000000000327, 0.000000000000000000, 2.539999999999999147 ) ) ;
#2175 = VERTEX_POINT ( 'NONE', #6172 ) ;
#2176 = VERTEX_POINT ( 'NONE', #4356 ) ;
#2177 = ORIENTED_EDGE ( 'NONE', *, *, #10802, .T. ) ;
#2178 = EDGE_CURVE ( 'NONE', #8674, #2897, #229, .T. ) ;
#2179 = EDGE_CURVE ( 'NONE', #6721, #11820, #1417, .T. ) ;
#2180 = EDGE_CURVE ( 'NONE', #2066, #4444, #5391, .T. ) ;
#2181 = AXIS2_PLACEMENT_3D ( 'NONE', #5356, #9472, #3337 ) ;
#2182 = VERTEX_POINT ( 'NONE', #8333 ) ;
#2183 = DIRECTION ( 'NONE',  ( 0.000000000000000000, -1.000000000000000000, 1.019346266292635338E-16 ) ) ;
#2184 = CARTESIAN_POINT ( 'NONE',  ( -16.51000000000000156, 4.336808689942017736E-16, -2.159000000000001140 ) ) ;
#2185 = VECTOR ( 'NONE', #11051, 1000.000000000000000 ) ;
#2186 = CARTESIAN_POINT ( 'NONE',  ( -13.08099999999999952, 8.064500000000002444, -0.8890000000000001235 ) ) ;
#2187 = LINE ( 'NONE', #11243, #2601 ) ;
#2188 = ADVANCED_FACE ( 'NONE', ( #10084 ), #5324, .F. ) ;
#2189 = DIRECTION ( 'NONE',  ( 0.000000000000000000, 0.000000000000000000, -1.000000000000000000 ) ) ;
#2190 = CARTESIAN_POINT ( 'NONE',  ( -6.349999999999999645, 8.509000000000000341, -2.540000000000001812 ) ) ;
#2191 = ADVANCED_FACE ( 'NONE', ( #9379 ), #1159, .F. ) ;
#2192 = VECTOR ( 'NONE', #9393, 1000.000000000000000 ) ;
#2193 = FACE_OUTER_BOUND ( 'NONE', #2260, .T. ) ;
#2194 = EDGE_LOOP ( 'NONE', ( #6602, #4661, #5582, #5006 ) ) ;
#2195 = VERTEX_POINT ( 'NONE', #2259 ) ;
#2196 = VERTEX_POINT ( 'NONE', #11310 ) ;
#2197 = ADVANCED_FACE ( 'NONE', ( #6367 ), #5198, .F. ) ;
#2198 = CARTESIAN_POINT ( 'NONE',  ( -11.87449999999999584, 8.509000000000000341, 0.4444999999999970086 ) ) ;
#2199 = AXIS2_PLACEMENT_3D ( 'NONE', #6636, #5652, #2708 ) ;
#2200 = AXIS2_PLACEMENT_3D ( 'NONE', #11281, #334, #5359 ) ;
#2201 = AXIS2_PLACEMENT_3D ( 'NONE', #5337, #9326, #380 ) ;
#2202 = DIRECTION ( 'NONE',  ( 0.000000000000000000, -0.000000000000000000, -1.000000000000000000 ) ) ;
#2203 = DIRECTION ( 'NONE',  ( -0.000000000000000000, 1.000000000000000000, 1.733406087350420004E-16 ) ) ;
#2204 = CARTESIAN_POINT ( 'NONE',  ( -16.51000000000000156, 4.336808689942017736E-16, -2.159000000000001140 ) ) ;
#2205 = CARTESIAN_POINT ( 'NONE',  ( -3.809999999999999165, 0.5080000000000006732, -2.022881810244994583 ) ) ;
#2206 = LINE ( 'NONE', #3124, #12324 ) ;
#2207 = LINE ( 'NONE', #6249, #5398 ) ;
#2208 = DIRECTION ( 'NONE',  ( 0.000000000000000000, 1.607907343367028359E-16, -1.000000000000000000 ) ) ;
#2209 = ORIENTED_EDGE ( 'NONE', *, *, #4174, .T. ) ;
#2210 = ORIENTED_EDGE ( 'NONE', *, *, #3822, .T. ) ;
#2211 = EDGE_CURVE ( 'NONE', #8968, #1387, #5139, .T. ) ;
#2212 = CARTESIAN_POINT ( 'NONE',  ( 12.31900000000000084, 7.239000000000000767, -1.651000000000000023 ) ) ;
#2213 = VECTOR ( 'NONE', #12582, 1000.000000000000000 ) ;
#2214 = CARTESIAN_POINT ( 'NONE',  ( 13.97000000000000064, 8.509000000000000341, 2.540000000000001812 ) ) ;
#2215 = ORIENTED_EDGE ( 'NONE', *, *, #1618, .F. ) ;
#2216 = ORIENTED_EDGE ( 'NONE', *, *, #11671, .T. ) ;
#2217 = EDGE_CURVE ( 'NONE', #6721, #9578, #10149, .T. ) ;
#2218 = CARTESIAN_POINT ( 'NONE',  ( 3.810000000000000941, 8.509000000000000341, 2.540000000000001812 ) ) ;
#2219 = ORIENTED_EDGE ( 'NONE', *, *, #10645, .F. ) ;
#2220 = AXIS2_PLACEMENT_3D ( 'NONE', #2017, #11913, #2930 ) ;
#2221 = PLANE ( 'NONE',  #11174 ) ;
#2222 = LINE ( 'NONE', #1186, #1637 ) ;
#2223 = DIRECTION ( 'NONE',  ( 0.5773502691896259531, -0.5773502691896237327, -0.5773502691896276184 ) ) ;
#2224 = LINE ( 'NONE', #7122, #1988 ) ;
#2225 = FACE_OUTER_BOUND ( 'NONE', #8624, .T. ) ;
#2226 = ORIENTED_EDGE ( 'NONE', *, *, #9503, .F. ) ;
#2227 = VECTOR ( 'NONE', #10217, 1000.000000000000000 ) ;
#2228 = AXIS2_PLACEMENT_3D ( 'NONE', #7117, #199, #3197 ) ;
#2229 = DIRECTION ( 'NONE',  ( 0.000000000000000000, 0.9659258262890700886, -0.2588190451025140781 ) ) ;
#2230 = DIRECTION ( 'NONE',  ( -1.000000000000000000, -0.000000000000000000, -0.000000000000000000 ) ) ;
#2231 = VERTEX_POINT ( 'NONE', #3235 ) ;
#2232 = CARTESIAN_POINT ( 'NONE',  ( -17.39900000000000091, 7.239000000000000767, 1.650999999999999801 ) ) ;
#2233 = VECTOR ( 'NONE', #12755, 1000.000000000000000 ) ;
#2234 = ADVANCED_FACE ( 'NONE', ( #175 ), #6236, .F. ) ;
#2235 = DIRECTION ( 'NONE',  ( -1.000000000000000000, -0.000000000000000000, -0.000000000000000000 ) ) ;
#2236 = ORIENTED_EDGE ( 'NONE', *, *, #676, .F. ) ;
#2237 = PLANE ( 'NONE',  #7199 ) ;
#2238 = SURFACE_STYLE_FILL_AREA ( #9356 ) ;
#2239 = AXIS2_PLACEMENT_3D ( 'NONE', #9305, #12278, #9370 ) ;
#2240 = CONTEXT_DEPENDENT_SHAPE_REPRESENTATION ( #144, #11365 ) ;
#2241 = LINE ( 'NONE', #8182, #12186 ) ;
#2242 = DIRECTION ( 'NONE',  ( 0.000000000000000000, 0.000000000000000000, -1.000000000000000000 ) ) ;
#2243 = CARTESIAN_POINT ( 'NONE',  ( -19.05000000000000071, -8.578981026812224210E-17, 2.158999999999999364 ) ) ;
#2244 = EDGE_CURVE ( 'NONE', #2196, #2671, #7156, .T. ) ;
#2245 = FACE_OUTER_BOUND ( 'NONE', #12504, .T. ) ;
#2246 = ORIENTED_EDGE ( 'NONE', *, *, #4188, .T. ) ;
#2247 = ORIENTED_EDGE ( 'NONE', *, *, #3879, .F. ) ;
#2248 = ORIENTED_EDGE ( 'NONE', *, *, #2506, .T. ) ;
#2249 = VECTOR ( 'NONE', #4438, 1000.000000000000000 ) ;
#2250 = ORIENTED_EDGE ( 'NONE', *, *, #5777, .T. ) ;
#2251 = DIRECTION ( 'NONE',  ( 0.5773502691896272854, -0.5773502691896250649, -0.5773502691896250649 ) ) ;
#2252 = PLANE ( 'NONE',  #8291 ) ;
#2253 = SHAPE_REPRESENTATION_RELATIONSHIP ( 'NONE' , 'NONE' ,  #11464, #2085 ) ;
#2254 = LINE ( 'NONE', #6232, #2009 ) ;
#2255 = ADVANCED_FACE ( 'NONE', ( #11246 ), #5262, .F. ) ;
#2256 = LINE ( 'NONE', #3364, #6477 ) ;
#2257 = DIRECTION ( 'NONE',  ( 0.000000000000000000, 0.000000000000000000, 1.000000000000000000 ) ) ;
#2258 = AXIS2_PLACEMENT_3D ( 'NONE', #11825, #10595, #10850 ) ;
#2259 = CARTESIAN_POINT ( 'NONE',  ( 0.3809999999999993947, 8.064499999999998892, 1.651000000000000023 ) ) ;
#2260 = EDGE_LOOP ( 'NONE', ( #11189, #3159, #6705, #2152 ) ) ;
#2261 = ORIENTED_EDGE ( 'NONE', *, *, #3045, .T. ) ;
#2262 = VERTEX_POINT ( 'NONE', #10278 ) ;
#2263 = PLANE ( 'NONE',  #3068 ) ;
#2264 = EDGE_CURVE ( 'NONE', #9399, #1439, #9238, .T. ) ;
#2265 = ORIENTED_EDGE ( 'NONE', *, *, #2388, .F. ) ;
#2266 = EDGE_CURVE ( 'NONE', #9205, #693, #12222, .T. ) ;
#2267 = CARTESIAN_POINT ( 'NONE',  ( 11.42999999999999972, 8.509000000000000341, 2.540000000000001812 ) ) ;
#2268 = LINE ( 'NONE', #6245, #2227 ) ;
#2269 = ADVANCED_FACE ( 'NONE', ( #2193 ), #9311, .F. ) ;
#2270 = FACE_OUTER_BOUND ( 'NONE', #8300, .T. ) ;
#2271 = CARTESIAN_POINT ( 'NONE',  ( -7.493000000000001215, 7.810499999999998444, 1.143000000000000016 ) ) ;
#2272 = CARTESIAN_POINT ( 'NONE',  ( -0.3809999999999993947, 7.239000000000000767, 0.8889999999999997904 ) ) ;
#2273 = DIRECTION ( 'NONE',  ( -0.000000000000000000, 0.000000000000000000, -1.000000000000000000 ) ) ;
#2274 = FACE_OUTER_BOUND ( 'NONE', #5441, .T. ) ;
#2275 = ORIENTED_EDGE ( 'NONE', *, *, #6668, .F. ) ;
#2276 = ORIENTED_EDGE ( 'NONE', *, *, #12463, .T. ) ;
#2277 = FILL_AREA_STYLE ('',( #9397 ) ) ;
#2278 = CARTESIAN_POINT ( 'NONE',  ( -3.810000000000000941, 0.5080000000000006732, -2.022881810244994583 ) ) ;
#2279 = EDGE_LOOP ( 'NONE', ( #5738, #7863, #1917, #8729 ) ) ;
#2280 = ORIENTED_EDGE ( 'NONE', *, *, #12700, .F. ) ;
#2281 = MECHANICAL_DESIGN_GEOMETRIC_PRESENTATION_REPRESENTATION (  '', ( #11441 ), #9166 ) ;
#2282 = ORIENTED_EDGE ( 'NONE', *, *, #8019, .T. ) ;
#2283 = EDGE_CURVE ( 'NONE', #1073, #4189, #8655, .T. ) ;
#2284 = DIRECTION ( 'NONE',  ( 0.000000000000000000, -1.000000000000000000, 0.000000000000000000 ) ) ;
#2285 = FACE_OUTER_BOUND ( 'NONE', #10271, .T. ) ;
#2286 = CARTESIAN_POINT ( 'NONE',  ( -12.31900000000000084, 8.064499999999998892, 0.8889999999999999014 ) ) ;
#2287 = FACE_OUTER_BOUND ( 'NONE', #4946, .T. ) ;
#2288 = CARTESIAN_POINT ( 'NONE',  ( -0.3809999999999993947, 7.239000000000000767, 1.650999999999999801 ) ) ;
#2289 = EDGE_CURVE ( 'NONE', #5981, #11326, #6500, .T. ) ;
#2290 = ORIENTED_EDGE ( 'NONE', *, *, #9531, .F. ) ;
#2291 = LINE ( 'NONE', #2491, #10954 ) ;
#2292 = DIRECTION ( 'NONE',  ( 0.000000000000000000, 0.000000000000000000, -1.000000000000000000 ) ) ;
#2293 = VERTEX_POINT ( 'NONE', #2455 ) ;
#2294 = FACE_OUTER_BOUND ( 'NONE', #5438, .T. ) ;
#2295 = AXIS2_PLACEMENT_3D ( 'NONE', #9018, #83, #2890 ) ;
#2296 = DIRECTION ( 'NONE',  ( 0.000000000000000000, 0.000000000000000000, -1.000000000000000000 ) ) ;
#2297 = ORIENTED_EDGE ( 'NONE', *, *, #10066, .F. ) ;
#2298 = CARTESIAN_POINT ( 'NONE',  ( -9.779000000000001691, 7.239000000000000767, -0.8890000000000001235 ) ) ;
#2299 = DIRECTION ( 'NONE',  ( -1.000000000000000000, -0.000000000000000000, -0.000000000000000000 ) ) ;
#2300 = FACE_OUTER_BOUND ( 'NONE', #5835, .T. ) ;
#2301 = ADVANCED_FACE ( 'NONE', ( #702 ), #12484, .F. ) ;
#2302 = CARTESIAN_POINT ( 'NONE',  ( 11.43000000000000327, 8.509000000000000341, 0.4444999999999970086 ) ) ;
#2303 = DIRECTION ( 'NONE',  ( -1.000000000000000000, -0.000000000000000000, -0.000000000000000000 ) ) ;
#2304 = ORIENTED_EDGE ( 'NONE', *, *, #11561, .F. ) ;
#2305 = ORIENTED_EDGE ( 'NONE', *, *, #9615, .T. ) ;
#2306 = ORIENTED_EDGE ( 'NONE', *, *, #3752, .F. ) ;
#2307 = CARTESIAN_POINT ( 'NONE',  ( -15.62099999999999866, 8.064500000000002444, -0.8890000000000001235 ) ) ;
#2308 = ORIENTED_EDGE ( 'NONE', *, *, #5477, .F. ) ;
#2309 = VECTOR ( 'NONE', #5209, 1000.000000000000000 ) ;
#2310 = AXIS2_PLACEMENT_3D ( 'NONE', #12549, #8394, #2517 ) ;
#2311 = CARTESIAN_POINT ( 'NONE',  ( 18.16100000000000136, 8.064499999999998892, 0.8889999999999999014 ) ) ;
#2312 = FACE_OUTER_BOUND ( 'NONE', #5926, .T. ) ;
#2313 = DIRECTION ( 'NONE',  ( -1.000000000000000000, -0.000000000000000000, -0.000000000000000000 ) ) ;
#2314 = LINE ( 'NONE', #12218, #4627 ) ;
#2315 = ADVANCED_FACE ( 'NONE', ( #6570 ), #5661, .F. ) ;
#2316 = CARTESIAN_POINT ( 'NONE',  ( 13.97000000000000064, 8.509000000000000341, 0.4444999999999970086 ) ) ;
#2317 = CARTESIAN_POINT ( 'NONE',  ( 16.06550000000000367, 8.509000000000000341, -2.540000000000001812 ) ) ;
#2318 = EDGE_LOOP ( 'NONE', ( #3196, #3193, #769, #11075 ) ) ;
#2319 = ORIENTED_EDGE ( 'NONE', *, *, #5138, .T. ) ;
#2320 = ORIENTED_EDGE ( 'NONE', *, *, #2337, .F. ) ;
#2321 = AXIS2_PLACEMENT_3D ( 'NONE', #1461, #10448, #12468 ) ;
#2322 = VECTOR ( 'NONE', #8998, 1000.000000000000000 ) ;
#2323 = EDGE_LOOP ( 'NONE', ( #3845, #459, #10125, #101 ) ) ;
#2324 = LINE ( 'NONE', #2086, #12521 ) ;
#2325 = CARTESIAN_POINT ( 'NONE',  ( 19.05000000000000071, 8.509000000000000341, -2.540000000000001812 ) ) ;
#2326 = AXIS2_PLACEMENT_3D ( 'NONE', #11376, #10407, #4687 ) ;
#2327 = DIRECTION ( 'NONE',  ( -1.000000000000000000, -0.000000000000000000, -0.000000000000000000 ) ) ;
#2328 = AXIS2_PLACEMENT_3D ( 'NONE', #9003, #2874, #6858 ) ;
#2329 = DIRECTION ( 'NONE',  ( 0.000000000000000000, -1.607907343367028359E-16, 1.000000000000000000 ) ) ;
#2330 = CARTESIAN_POINT ( 'NONE',  ( 12.31900000000000084, 8.064500000000002444, -1.650999999999999801 ) ) ;
#2331 = FACE_OUTER_BOUND ( 'NONE', #10015, .T. ) ;
#2332 = LINE ( 'NONE', #8413, #806 ) ;
#2333 = DIRECTION ( 'NONE',  ( 0.000000000000000000, -2.251701056906096594E-16, -1.000000000000000000 ) ) ;
#2334 = ORIENTED_EDGE ( 'NONE', *, *, #4495, .T. ) ;
#2335 = EDGE_CURVE ( 'NONE', #5714, #7381, #3573, .T. ) ;
#2336 = ORIENTED_EDGE ( 'NONE', *, *, #5795, .T. ) ;
#2337 = EDGE_CURVE ( 'NONE', #12263, #12753, #9577, .T. ) ;
#2338 = CARTESIAN_POINT ( 'NONE',  ( -16.51000000000000156, 0.5080000000000006732, -2.022881810244994583 ) ) ;
#2339 = CARTESIAN_POINT ( 'NONE',  ( -18.16100000000000136, 8.064500000000002444, -1.650999999999999801 ) ) ;
#2340 = EDGE_LOOP ( 'NONE', ( #9395, #8845, #9717, #6126, #4168, #3053, #10768, #5668 ) ) ;
#2341 = ORIENTED_EDGE ( 'NONE', *, *, #1158, .T. ) ;
#2342 = VECTOR ( 'NONE', #2971, 1000.000000000000000 ) ;
#2343 = EDGE_CURVE ( 'NONE', #9173, #6204, #6702, .T. ) ;
#2344 = EDGE_CURVE ( 'NONE', #8904, #5864, #9506, .T. ) ;
#2345 = ORIENTED_EDGE ( 'NONE', *, *, #6837, .F. ) ;
#2346 = VECTOR ( 'NONE', #4328, 1000.000000000000000 ) ;
#2347 = DIRECTION ( 'NONE',  ( 0.5773502691896259531, -0.5773502691896237327, -0.5773502691896276184 ) ) ;
#2348 = CARTESIAN_POINT ( 'NONE',  ( 7.239000000000002544, 8.064499999999998892, 0.8889999999999999014 ) ) ;
#2349 = CARTESIAN_POINT ( 'NONE',  ( -15.36699999999999910, 7.810500000000001997, -1.396999999999998021 ) ) ;
#2350 = AXIS2_PLACEMENT_3D ( 'NONE', #3090, #7008, #12063 ) ;
#2351 = DIRECTION ( 'NONE',  ( 0.000000000000000000, 1.733406087350420004E-16, -1.000000000000000000 ) ) ;
#2352 = EDGE_CURVE ( 'NONE', #8831, #2462, #496, .T. ) ;
#2353 = CARTESIAN_POINT ( 'NONE',  ( -8.890000000000000568, 8.509000000000000341, 2.540000000000001812 ) ) ;
#2354 = ORIENTED_EDGE ( 'NONE', *, *, #10073, .T. ) ;
#2355 = DIRECTION ( 'NONE',  ( 0.000000000000000000, 1.000000000000000000, 1.733406087350420004E-16 ) ) ;
#2356 = DIRECTION ( 'NONE',  ( 1.000000000000000000, 0.000000000000000000, 0.000000000000000000 ) ) ;
#2357 = ORIENTED_EDGE ( 'NONE', *, *, #935, .F. ) ;
#2358 = LINE ( 'NONE', #6469, #7042 ) ;
#2359 = EDGE_CURVE ( 'NONE', #1376, #7299, #4487, .T. ) ;
#2360 = FACE_BOUND ( 'NONE', #2384, .T. ) ;
#2361 = ORIENTED_EDGE ( 'NONE', *, *, #12452, .T. ) ;
#2362 = DIRECTION ( 'NONE',  ( -0.000000000000000000, 1.000000000000000000, 1.733406087350420004E-16 ) ) ;
#2363 = CARTESIAN_POINT ( 'NONE',  ( -1.270000000000000240, 0.5080000000000006732, -2.022881810244994583 ) ) ;
#2364 = LINE ( 'NONE', #11488, #7960 ) ;
#2365 = DIRECTION ( 'NONE',  ( 1.000000000000000000, 0.000000000000000000, 0.000000000000000000 ) ) ;
#2366 = CARTESIAN_POINT ( 'NONE',  ( 6.350000000000001421, 8.509000000000000341, 2.095500000000002139 ) ) ;
#2367 = VERTEX_POINT ( 'NONE', #8463 ) ;
#2368 = ORIENTED_EDGE ( 'NONE', *, *, #6012, .T. ) ;
#2369 = EDGE_LOOP ( 'NONE', ( #9808, #7596, #10227, #1502 ) ) ;
#2370 = EDGE_CURVE ( 'NONE', #11326, #3656, #5599, .T. ) ;
#2371 = CARTESIAN_POINT ( 'NONE',  ( 2.540000000000000036, 7.239000000000000767, -2.201425730935033664E-16 ) ) ;
#2372 = ORIENTED_EDGE ( 'NONE', *, *, #7379, .T. ) ;
#2373 = ORIENTED_EDGE ( 'NONE', *, *, #2799, .F. ) ;
#2374 = LINE ( 'NONE', #6358, #3885 ) ;
#2375 = FACE_OUTER_BOUND ( 'NONE', #8116, .T. ) ;
#2376 = CARTESIAN_POINT ( 'NONE',  ( -15.24000000000000021, 0.000000000000000000, 0.000000000000000000 ) ) ;
#2377 = DIRECTION ( 'NONE',  ( 1.000000000000000000, 0.000000000000000000, 0.000000000000000000 ) ) ;
#2378 = LINE ( 'NONE', #10276, #5235 ) ;
#2379 = ORIENTED_EDGE ( 'NONE', *, *, #897, .T. ) ;
#2380 = FACE_OUTER_BOUND ( 'NONE', #6912, .T. ) ;
#2381 = VECTOR ( 'NONE', #5963, 1000.000000000000000 ) ;
#2382 = DIRECTION ( 'NONE',  ( -0.000000000000000000, 1.000000000000000000, 1.733406087350420004E-16 ) ) ;
#2383 = ORIENTED_EDGE ( 'NONE', *, *, #3414, .T. ) ;
#2384 = EDGE_LOOP ( 'NONE', ( #586, #10182, #8918, #12336 ) ) ;
#2385 = ORIENTED_EDGE ( 'NONE', *, *, #5633, .F. ) ;
#2386 = FACE_OUTER_BOUND ( 'NONE', #6751, .T. ) ;
#2387 = AXIS2_PLACEMENT_3D ( 'NONE', #5180, #157, #6148 ) ;
#2388 = EDGE_CURVE ( 'NONE', #5265, #10379, #7548, .T. ) ;
#2389 = VERTEX_POINT ( 'NONE', #7484 ) ;
#2390 = VECTOR ( 'NONE', #47, 1000.000000000000000 ) ;
#2391 = FACE_OUTER_BOUND ( 'NONE', #10780, .T. ) ;
#2392 = DIRECTION ( 'NONE',  ( 0.000000000000000000, -1.733406087350420004E-16, 1.000000000000000000 ) ) ;
#2394 = CARTESIAN_POINT ( 'NONE',  ( -16.51000000000000156, 4.336808689942017736E-16, -2.159000000000001140 ) ) ;
#2393 = AXIS2_PLACEMENT_3D ( 'NONE', #9020, #12058, #11088 ) ;
#2395 = CARTESIAN_POINT ( 'NONE',  ( -2.920999999999999819, 7.239000000000000767, 0.8889999999999997904 ) ) ;
#2396 = DIRECTION ( 'NONE',  ( -0.000000000000000000, 1.000000000000000000, 1.733406087350420004E-16 ) ) ;
#2397 = DIRECTION ( 'NONE',  ( -1.000000000000000000, 0.000000000000000000, -0.000000000000000000 ) ) ;
#2398 = LINE ( 'NONE', #6185, #12717 ) ;
#2399 = DIRECTION ( 'NONE',  ( 0.000000000000000000, -1.607907343367028359E-16, 1.000000000000000000 ) ) ;
#2400 = VERTEX_POINT ( 'NONE', #11442 ) ;
#2401 = EDGE_LOOP ( 'NONE', ( #4319, #907, #6419, #4256 ) ) ;
#2402 = CARTESIAN_POINT ( 'NONE',  ( 19.30400000000000205, 0.000000000000000000, 0.000000000000000000 ) ) ;
#2403 = VECTOR ( 'NONE', #1924, 1000.000000000000000 ) ;
#2404 = ADVANCED_FACE ( 'NONE', ( #3641 ), #4751, .F. ) ;
#2405 = PLANE ( 'NONE',  #5426 ) ;
#2406 = ORIENTED_EDGE ( 'NONE', *, *, #3604, .T. ) ;
#2407 = EDGE_LOOP ( 'NONE', ( #3484, #2039, #2894, #8878 ) ) ;
#2408 = VECTOR ( 'NONE', #12809, 1000.000000000000000 ) ;
#2409 = AXIS2_PLACEMENT_3D ( 'NONE', #4279, #7153, #6105 ) ;
#2410 = ORIENTED_EDGE ( 'NONE', *, *, #3070, .T. ) ;
#2411 = DIRECTION ( 'NONE',  ( -0.000000000000000000, 1.000000000000000000, 2.338910953479677683E-16 ) ) ;
#2412 = LINE ( 'NONE', #8619, #12445 ) ;
#2413 = UNCERTAINTY_MEASURE_WITH_UNIT (LENGTH_MEASURE( 1.000000000000000082E-05 ), #6784, 'distance_accuracy_value', 'NONE');
#2414 = DIRECTION ( 'NONE',  ( 0.000000000000000000, 0.000000000000000000, 1.000000000000000000 ) ) ;
#2415 = VECTOR ( 'NONE', #4736, 1000.000000000000000 ) ;
#2416 = PRODUCT_DEFINITION_SHAPE ( 'NONE', 'NONE',  #12880 ) ;
#2417 = DIRECTION ( 'NONE',  ( 0.000000000000000000, 0.9659258262890700886, 0.2588190451025139671 ) ) ;
#2418 = EDGE_CURVE ( 'NONE', #2798, #7950, #2520, .T. ) ;
#2419 = LINE ( 'NONE', #9408, #4646 ) ;
#2420 = ORIENTED_EDGE ( 'NONE', *, *, #6618, .T. ) ;
#2421 =( NAMED_UNIT ( * ) SI_UNIT ( $, .STERADIAN. ) SOLID_ANGLE_UNIT ( ) );
#2422 = ADVANCED_FACE ( 'NONE', ( #11574 ), #636, .F. ) ;
#2423 = DIRECTION ( 'NONE',  ( 0.000000000000000000, 0.000000000000000000, 1.000000000000000000 ) ) ;
#2424 = EDGE_LOOP ( 'NONE', ( #5723, #10539, #12747, #2734 ) ) ;
#2425 = DIRECTION ( 'NONE',  ( 0.000000000000000000, 1.000000000000000000, -1.019346266292635338E-16 ) ) ;
#2426 = COLOUR_RGB ( '',0.2509803921568627416, 0.2509803921568627416, 0.2509803921568627416 ) ;
#2427 = DIRECTION ( 'NONE',  ( -0.5773502691896259531, -0.5773502691896237327, -0.5773502691896276184 ) ) ;
#2428 = EDGE_CURVE ( 'NONE', #1855, #1610, #7611, .T. ) ;
#2429 = VERTEX_POINT ( 'NONE', #10601 ) ;
#2430 = EDGE_CURVE ( 'NONE', #9082, #8903, #1996, .T. ) ;
#2431 = DIRECTION ( 'NONE',  ( 1.000000000000000000, -0.000000000000000000, -0.000000000000000000 ) ) ;
#2432 = ADVANCED_FACE ( 'NONE', ( #8844 ), #7933, .T. ) ;
#2433 =( NAMED_UNIT ( * ) SI_UNIT ( $, .STERADIAN. ) SOLID_ANGLE_UNIT ( ) );
#2434 = VECTOR ( 'NONE', #8425, 1000.000000000000000 ) ;
#2435 = CARTESIAN_POINT ( 'NONE',  ( 16.51000000000000156, 8.509000000000000341, 2.540000000000001812 ) ) ;
#2436 = FACE_OUTER_BOUND ( 'NONE', #6861, .T. ) ;
#2437 = DIRECTION ( 'NONE',  ( 0.000000000000000000, 0.000000000000000000, -1.000000000000000000 ) ) ;
#2438 = AXIS2_PLACEMENT_3D ( 'NONE', #2674, #9593, #855 ) ;
#2439 = DIRECTION ( 'NONE',  ( -0.000000000000000000, 1.000000000000000000, 1.607907343367028359E-16 ) ) ;
#2440 = ORIENTED_EDGE ( 'NONE', *, *, #6258, .F. ) ;
#2441 = EDGE_LOOP ( 'NONE', ( #301, #3369, #6094, #6123 ) ) ;
#2442 = ORIENTED_EDGE ( 'NONE', *, *, #2110, .T. ) ;
#2443 = DIRECTION ( 'NONE',  ( -1.000000000000000000, 0.000000000000000000, 0.000000000000000000 ) ) ;
#2444 = ORIENTED_EDGE ( 'NONE', *, *, #4523, .F. ) ;
#2445 = VERTEX_POINT ( 'NONE', #3897 ) ;
#2446 = AXIS2_PLACEMENT_3D ( 'NONE', #7518, #11477, #4594 ) ;
#2447 = LINE ( 'NONE', #9232, #11144 ) ;
#2448 = CARTESIAN_POINT ( 'NONE',  ( -4.698999999999999844, 7.239000000000000767, 1.650999999999999801 ) ) ;
#2449 = EDGE_CURVE ( 'NONE', #3737, #10368, #5003, .T. ) ;
#2450 = SURFACE_STYLE_USAGE ( .BOTH. , #12215 ) ;
#2451 = DIRECTION ( 'NONE',  ( -0.000000000000000000, 0.000000000000000000, 1.000000000000000000 ) ) ;
#2452 = LINE ( 'NONE', #6639, #659 ) ;
#2453 = ORIENTED_EDGE ( 'NONE', *, *, #6880, .F. ) ;
#2454 = CARTESIAN_POINT ( 'NONE',  ( -13.08099999999999952, 8.064499999999998892, 0.8889999999999999014 ) ) ;
#2455 = CARTESIAN_POINT ( 'NONE',  ( -1.270000000000000240, 8.509000000000000341, -2.540000000000001812 ) ) ;
#2456 = EDGE_LOOP ( 'NONE', ( #7316, #7470, #1347, #8532 ) ) ;
#2457 = VERTEX_POINT ( 'NONE', #5788 ) ;
#2458 = EDGE_LOOP ( 'NONE', ( #9965, #6095, #2543, #10576 ) ) ;
#2459 = ADVANCED_FACE ( 'NONE', ( #960 ), #6038, .F. ) ;
#2460 = CARTESIAN_POINT ( 'NONE',  ( -10.54100000000000037, 8.064500000000002444, -0.8890000000000000124 ) ) ;
#2461 = AXIS2_PLACEMENT_3D ( 'NONE', #6359, #4415, #10273 ) ;
#2462 = VERTEX_POINT ( 'NONE', #7739 ) ;
#2463 = CARTESIAN_POINT ( 'NONE',  ( 9.334500000000002018, 8.509000000000000341, -2.095500000000001695 ) ) ;
#2464 = DIRECTION ( 'NONE',  ( -1.000000000000000000, -0.000000000000000000, -0.000000000000000000 ) ) ;
#2465 = CARTESIAN_POINT ( 'NONE',  ( 7.239000000000002544, 7.239000000000000767, -0.8890000000000001235 ) ) ;
#2466 = VECTOR ( 'NONE', #7358, 1000.000000000000000 ) ;
#2467 = CARTESIAN_POINT ( 'NONE',  ( 9.779000000000003467, 8.064499999999998892, 1.651000000000000023 ) ) ;
#2468 = CARTESIAN_POINT ( 'NONE',  ( 4.699000000000001620, 7.239000000000000767, -0.8890000000000001235 ) ) ;
#2469 = CARTESIAN_POINT ( 'NONE',  ( 13.08099999999999952, 7.239000000000000767, 1.650999999999999801 ) ) ;
#2470 = DIRECTION ( 'NONE',  ( -0.000000000000000000, 0.000000000000000000, 1.000000000000000000 ) ) ;
#2471 = FACE_OUTER_BOUND ( 'NONE', #11711, .T. ) ;
#2472 = ORIENTED_EDGE ( 'NONE', *, *, #6409, .F. ) ;
#2473 = ORIENTED_EDGE ( 'NONE', *, *, #4115, .T. ) ;
#2474 = ADVANCED_FACE ( 'NONE', ( #5846 ), #7021, .F. ) ;
#2475 = DIRECTION ( 'NONE',  ( -1.000000000000000000, 0.000000000000000000, -0.000000000000000000 ) ) ;
#2476 = FACE_BOUND ( 'NONE', #3054, .T. ) ;
#2477 = ORIENTED_EDGE ( 'NONE', *, *, #3020, .T. ) ;
#2478 = EDGE_LOOP ( 'NONE', ( #9159, #4940, #10797, #6725 ) ) ;
#2479 = COLOUR_RGB ( '',0.2509803921568627416, 0.2509803921568627416, 0.2509803921568627416 ) ;
#2480 = VECTOR ( 'NONE', #8737, 1000.000000000000000 ) ;
#2481 = ORIENTED_EDGE ( 'NONE', *, *, #8241, .F. ) ;
#2482 = EDGE_CURVE ( 'NONE', #1327, #4789, #7997, .T. ) ;
#2483 = LINE ( 'NONE', #9536, #7229 ) ;
#2484 = DIRECTION ( 'NONE',  ( 0.7071067811865462405, -0.7071067811865489050, 0.000000000000000000 ) ) ;
#2485 = LINE ( 'NONE', #6461, #1925 ) ;
#2486 = CARTESIAN_POINT ( 'NONE',  ( -8.890000000000000568, 8.509000000000000341, -2.540000000000001812 ) ) ;
#2487 = CARTESIAN_POINT ( 'NONE',  ( 0.3809999999999993947, 7.239000000000000767, -0.8890000000000001235 ) ) ;
#2488 = VECTOR ( 'NONE', #10996, 1000.000000000000000 ) ;
#2489 = DIRECTION ( 'NONE',  ( 1.000000000000000000, 0.000000000000000000, 0.000000000000000000 ) ) ;
#2490 = VERTEX_POINT ( 'NONE', #11768 ) ;
#2491 = CARTESIAN_POINT ( 'NONE',  ( 8.001000000000001222, 7.239000000000000767, -1.651000000000000023 ) ) ;
#2492 = DIRECTION ( 'NONE',  ( 0.000000000000000000, -1.000000000000000000, 1.019346266292635461E-16 ) ) ;
#2493 = EDGE_LOOP ( 'NONE', ( #11728, #11247, #8270, #10681 ) ) ;
#2494 = LINE ( 'NONE', #7317, #4539 ) ;
#2495 = CARTESIAN_POINT ( 'NONE',  ( 8.890000000000002345, 4.336808689942017736E-16, -2.159000000000001140 ) ) ;
#2496 = VERTEX_POINT ( 'NONE', #7808 ) ;
#2497 = DIRECTION ( 'NONE',  ( 0.000000000000000000, 0.000000000000000000, 1.000000000000000000 ) ) ;
#2498 = LINE ( 'NONE', #7264, #304 ) ;
#2499 = DIRECTION ( 'NONE',  ( 0.000000000000000000, 1.733406087350420004E-16, -1.000000000000000000 ) ) ;
#2500 = DIRECTION ( 'NONE',  ( 1.000000000000000000, 0.000000000000000000, 0.000000000000000000 ) ) ;
#2501 = FACE_OUTER_BOUND ( 'NONE', #8355, .T. ) ;
#2502 = VERTEX_POINT ( 'NONE', #11950 ) ;
#2503 = VERTEX_POINT ( 'NONE', #12681 ) ;
#2504 = EDGE_CURVE ( 'NONE', #4493, #11350, #3829, .T. ) ;
#2505 = ORIENTED_EDGE ( 'NONE', *, *, #6979, .T. ) ;
#2506 = EDGE_CURVE ( 'NONE', #1705, #3114, #10984, .T. ) ;
#2507 = CARTESIAN_POINT ( 'NONE',  ( -15.62099999999999866, 8.064500000000002444, -1.650999999999999801 ) ) ;
#2508 = ORIENTED_EDGE ( 'NONE', *, *, #269, .F. ) ;
#2509 = AXIS2_PLACEMENT_3D ( 'NONE', #11337, #5285, #4316 ) ;
#2510 = EDGE_CURVE ( 'NONE', #2542, #11601, #11702, .T. ) ;
#2511 = EDGE_LOOP ( 'NONE', ( #1019, #854, #1451, #3405 ) ) ;
#2512 = EDGE_CURVE ( 'NONE', #2556, #10086, #8916, .T. ) ;
#2513 = CARTESIAN_POINT ( 'NONE',  ( -15.62099999999999866, 8.064500000000002444, -0.8890000000000000124 ) ) ;
#2514 = PLANE ( 'NONE',  #12655 ) ;
#2515 = VECTOR ( 'NONE', #6, 1000.000000000000000 ) ;
#2516 = FACE_OUTER_BOUND ( 'NONE', #11445, .T. ) ;
#2517 = DIRECTION ( 'NONE',  ( 0.000000000000000000, 0.000000000000000000, -1.000000000000000000 ) ) ;
#2518 = ORIENTED_EDGE ( 'NONE', *, *, #7792, .F. ) ;
#2519 = CARTESIAN_POINT ( 'NONE',  ( 4.699000000000001620, 8.064499999999998892, 1.651000000000000023 ) ) ;
#2520 = LINE ( 'NONE', #4557, #3172 ) ;
#2521 = VERTEX_POINT ( 'NONE', #3955 ) ;
#2522 = VERTEX_POINT ( 'NONE', #7873 ) ;
#2523 = EDGE_LOOP ( 'NONE', ( #627, #384, #4573, #8866 ) ) ;
#2524 = PLANE ( 'NONE',  #9103 ) ;
#2525 = EDGE_CURVE ( 'NONE', #1483, #484, #1808, .T. ) ;
#2526 = VECTOR ( 'NONE', #6765, 1000.000000000000000 ) ;
#2527 = ORIENTED_EDGE ( 'NONE', *, *, #9911, .T. ) ;
#2528 = CARTESIAN_POINT ( 'NONE',  ( 17.39900000000000091, 7.239000000000000767, -0.8890000000000001235 ) ) ;
#2529 = CARTESIAN_POINT ( 'NONE',  ( 14.85899999999999999, 7.239000000000000767, -1.651000000000000023 ) ) ;
#2530 = DIRECTION ( 'NONE',  ( 0.000000000000000000, 0.000000000000000000, -1.000000000000000000 ) ) ;
#2531 = CARTESIAN_POINT ( 'NONE',  ( -6.349999999999999645, 0.5080000000000006732, -2.022881810244994583 ) ) ;
#2532 = LINE ( 'NONE', #3381, #10800 ) ;
#2533 = DIRECTION ( 'NONE',  ( 0.000000000000000000, 0.9659258262890700886, -0.2588190451025140781 ) ) ;
#2534 = CARTESIAN_POINT ( 'NONE',  ( 15.36699999999999910, 7.810500000000001997, -1.396999999999998021 ) ) ;
#2535 = DIRECTION ( 'NONE',  ( 0.000000000000000000, 0.000000000000000000, -1.000000000000000000 ) ) ;
#2536 = VECTOR ( 'NONE', #9204, 1000.000000000000000 ) ;
#2537 = VECTOR ( 'NONE', #4364, 1000.000000000000000 ) ;
#2538 = ORIENTED_EDGE ( 'NONE', *, *, #4993, .T. ) ;
#2539 = EDGE_LOOP ( 'NONE', ( #569, #11083, #3956, #1118 ) ) ;
#2540 = PLANE ( 'NONE',  #10543 ) ;
#2541 = DIRECTION ( 'NONE',  ( -1.000000000000000000, -0.000000000000000000, -0.000000000000000000 ) ) ;
#2542 = VERTEX_POINT ( 'NONE', #832 ) ;
#2543 = ORIENTED_EDGE ( 'NONE', *, *, #1223, .F. ) ;
#2544 = VECTOR ( 'NONE', #1375, 1000.000000000000000 ) ;
#2545 = AXIS2_PLACEMENT_3D ( 'NONE', #9327, #5208, #244 ) ;
#2546 = VERTEX_POINT ( 'NONE', #4939 ) ;
#2547 = CARTESIAN_POINT ( 'NONE',  ( 17.90700000000000003, 7.810500000000002885, -1.143000000000000460 ) ) ;
#2548 = DIRECTION ( 'NONE',  ( 0.000000000000000000, 1.000000000000000000, 1.733406087350420004E-16 ) ) ;
#2549 = DIRECTION ( 'NONE',  ( -0.000000000000000000, 1.000000000000000000, 1.733406087350420004E-16 ) ) ;
#2550 = CARTESIAN_POINT ( 'NONE',  ( 8.890000000000002345, -8.578981026812224210E-17, 2.158999999999999364 ) ) ;
#2551 = FACE_OUTER_BOUND ( 'NONE', #7401, .T. ) ;
#2552 = EDGE_LOOP ( 'NONE', ( #7134, #5726, #1237, #8108 ) ) ;
#2553 = AXIS2_PLACEMENT_3D ( 'NONE', #5372, #4405, #10516 ) ;
#2554 = DIRECTION ( 'NONE',  ( -1.000000000000000000, 0.000000000000000000, -0.000000000000000000 ) ) ;
#2555 = VECTOR ( 'NONE', #5075, 1000.000000000000000 ) ;
#2556 = VERTEX_POINT ( 'NONE', #3770 ) ;
#2557 = CARTESIAN_POINT ( 'NONE',  ( -6.349999999999999645, 8.509000000000000341, 2.540000000000001812 ) ) ;
#2558 = CARTESIAN_POINT ( 'NONE',  ( 7.239000000000002544, 7.239000000000000767, 0.8889999999999997904 ) ) ;
#2559 = ORIENTED_EDGE ( 'NONE', *, *, #7372, .F. ) ;
#2560 = EDGE_CURVE ( 'NONE', #5525, #2195, #4815, .T. ) ;
#2561 = AXIS2_PLACEMENT_3D ( 'NONE', #10571, #8430, #7450 ) ;
#2562 = CARTESIAN_POINT ( 'NONE',  ( 15.62099999999999866, 8.064500000000002444, -1.650999999999999801 ) ) ;
#2563 = CARTESIAN_POINT ( 'NONE',  ( -10.54100000000000037, 7.239000000000000767, -1.651000000000000023 ) ) ;
#2564 = DIRECTION ( 'NONE',  ( -0.5773502691896272854, -0.5773502691896250649, -0.5773502691896250649 ) ) ;
#2565 = CARTESIAN_POINT ( 'NONE',  ( -0.3809999999999993947, 8.064499999999998892, 0.8889999999999999014 ) ) ;
#2566 = CARTESIAN_POINT ( 'NONE',  ( 33.02000000000000313, 7.239000000000000767, -2.201425730935033664E-16 ) ) ;
#2567 = LINE ( 'NONE', #11555, #9851 ) ;
#2568 = ORIENTED_EDGE ( 'NONE', *, *, #7813, .F. ) ;
#2569 = VERTEX_POINT ( 'NONE', #8781 ) ;
#2570 = ORIENTED_EDGE ( 'NONE', *, *, #12055, .T. ) ;
#2571 = LINE ( 'NONE', #2507, #8634 ) ;
#2572 = EDGE_LOOP ( 'NONE', ( #517, #7531, #3729, #10225 ) ) ;
#2573 = VERTEX_POINT ( 'NONE', #2846 ) ;
#2574 = PLANE ( 'NONE',  #10941 ) ;
#2575 = CARTESIAN_POINT ( 'NONE',  ( -3.809999999999999165, 8.509000000000000341, -2.540000000000001812 ) ) ;
#2576 = VECTOR ( 'NONE', #3415, 1000.000000000000000 ) ;
#2577 = CARTESIAN_POINT ( 'NONE',  ( -5.079999999999999183, 0.000000000000000000, 0.000000000000000000 ) ) ;
#2578 = CARTESIAN_POINT ( 'NONE',  ( 19.05000000000000071, 0.000000000000000000, 0.000000000000000000 ) ) ;
#2579 = DIRECTION ( 'NONE',  ( 0.000000000000000000, 0.000000000000000000, -1.000000000000000000 ) ) ;
#2580 = ORIENTED_EDGE ( 'NONE', *, *, #1984, .F. ) ;
#2581 = LINE ( 'NONE', #6569, #8617 ) ;
#2582 = ADVANCED_FACE ( 'NONE', ( #900 ), #6889, .F. ) ;
#2583 = DIRECTION ( 'NONE',  ( 0.000000000000000000, -1.000000000000000000, -3.058038798877906014E-16 ) ) ;
#2584 = ORIENTED_EDGE ( 'NONE', *, *, #73, .T. ) ;
#2585 = ORIENTED_EDGE ( 'NONE', *, *, #9941, .T. ) ;
#2586 = ADVANCED_FACE ( 'NONE', ( #12872 ), #11889, .F. ) ;
#2587 = VERTEX_POINT ( 'NONE', #6284 ) ;
#2588 = DIRECTION ( 'NONE',  ( 1.000000000000000000, 0.000000000000000000, 0.000000000000000000 ) ) ;
#2589 = ADVANCED_FACE ( 'NONE', ( #10328, #4201, #8186 ), #10263, .F. ) ;
#2590 = ORIENTED_EDGE ( 'NONE', *, *, #543, .T. ) ;
#2591 = DIRECTION ( 'NONE',  ( -0.000000000000000000, 1.000000000000000000, 1.733406087350420004E-16 ) ) ;
#2592 = ADVANCED_FACE ( 'NONE', ( #7201 ), #12018, .F. ) ;
#2593 = CARTESIAN_POINT ( 'NONE',  ( 1.270000000000000240, 8.509000000000000341, -2.540000000000001812 ) ) ;
#2594 = VECTOR ( 'NONE', #8519, 1000.000000000000000 ) ;
#2595 = PLANE ( 'NONE',  #239 ) ;
#2596 = LINE ( 'NONE', #3651, #6853 ) ;
#2597 = DIRECTION ( 'NONE',  ( 1.000000000000000000, 0.000000000000000000, 0.000000000000000000 ) ) ;
#2598 = CARTESIAN_POINT ( 'NONE',  ( -19.05000000000000071, 0.000000000000000000, 2.539999999999999147 ) ) ;
#2599 = EDGE_CURVE ( 'NONE', #11313, #2521, #1326, .T. ) ;
#2600 = DIRECTION ( 'NONE',  ( -1.000000000000000000, -0.000000000000000000, -0.000000000000000000 ) ) ;
#2601 = VECTOR ( 'NONE', #10205, 1000.000000000000000 ) ;
#2602 = ORIENTED_EDGE ( 'NONE', *, *, #443, .T. ) ;
#2603 = ORIENTED_EDGE ( 'NONE', *, *, #3738, .F. ) ;
#2604 = FACE_OUTER_BOUND ( 'NONE', #2279, .T. ) ;
#2605 = CARTESIAN_POINT ( 'NONE',  ( 8.890000000000002345, 8.509000000000000341, 2.095500000000002139 ) ) ;
#2606 = ORIENTED_EDGE ( 'NONE', *, *, #4374, .T. ) ;
#2607 = ORIENTED_EDGE ( 'NONE', *, *, #2482, .F. ) ;
#2608 = AXIS2_PLACEMENT_3D ( 'NONE', #6816, #9812, #3762 ) ;
#2609 = AXIS2_PLACEMENT_3D ( 'NONE', #10824, #1711, #2687 ) ;
#2610 = EDGE_LOOP ( 'NONE', ( #2902, #6598, #1922, #3946 ) ) ;
#2611 = DIRECTION ( 'NONE',  ( 0.000000000000000000, 1.000000000000000000, -1.019346266292635338E-16 ) ) ;
#2612 = LINE ( 'NONE', #2684, #11410 ) ;
#2613 = CARTESIAN_POINT ( 'NONE',  ( 11.87449999999999939, 8.509000000000000341, -2.095500000000001695 ) ) ;
#2614 = ADVANCED_FACE ( 'NONE', ( #3100 ), #7082, .F. ) ;
#2615 = CARTESIAN_POINT ( 'NONE',  ( 13.97000000000000064, 8.509000000000000341, -2.540000000000001812 ) ) ;
#2616 = AXIS2_PLACEMENT_3D ( 'NONE', #9645, #2661, #9832 ) ;
#2617 = DIRECTION ( 'NONE',  ( 0.000000000000000000, 2.251701056906096594E-16, 1.000000000000000000 ) ) ;
#2618 = ORIENTED_EDGE ( 'NONE', *, *, #2482, .T. ) ;
#2619 = AXIS2_PLACEMENT_3D ( 'NONE', #5276, #1231, #6315 ) ;
#2620 = CARTESIAN_POINT ( 'NONE',  ( -1.270000000000000240, 4.336808689942017736E-16, -2.159000000000001140 ) ) ;
#2621 = ORIENTED_EDGE ( 'NONE', *, *, #6855, .T. ) ;
#2622 = VECTOR ( 'NONE', #5257, 1000.000000000000000 ) ;
#2623 = ADVANCED_FACE ( 'NONE', ( #161 ), #11045, .F. ) ;
#2624 = AXIS2_PLACEMENT_3D ( 'NONE', #169, #7942, #4149 ) ;
#2625 = LINE ( 'NONE', #2495, #12589 ) ;
#2626 = EDGE_LOOP ( 'NONE', ( #6971, #2677, #4905, #732 ) ) ;
#2627 = AXIS2_PLACEMENT_3D ( 'NONE', #11031, #8232, #5108 ) ;
#2628 = CARTESIAN_POINT ( 'NONE',  ( -5.460999999999998522, 7.239000000000000767, 1.650999999999999801 ) ) ;
#2629 = VECTOR ( 'NONE', #12417, 1000.000000000000000 ) ;
#2630 = PLANE ( 'NONE',  #3012 ) ;
#2631 = CARTESIAN_POINT ( 'NONE',  ( 1.270000000000000240, 0.5080000000000006732, -2.022881810244994583 ) ) ;
#2632 = DIRECTION ( 'NONE',  ( -0.000000000000000000, 1.019346266292635338E-16, 1.000000000000000000 ) ) ;
#2633 = VECTOR ( 'NONE', #4779, 1000.000000000000000 ) ;
#2634 = VECTOR ( 'NONE', #10701, 1000.000000000000000 ) ;
#2635 = CARTESIAN_POINT ( 'NONE',  ( -18.16100000000000136, 8.064500000000002444, -1.650999999999999801 ) ) ;
#2636 = LINE ( 'NONE', #8638, #7135 ) ;
#2637 = ORIENTED_EDGE ( 'NONE', *, *, #10958, .T. ) ;
#2638 = EDGE_LOOP ( 'NONE', ( #12731, #12391, #247, #9025 ) ) ;
#2639 = VERTEX_POINT ( 'NONE', #11169 ) ;
#2640 = ADVANCED_FACE ( 'NONE', ( #2245 ), #7329, .F. ) ;
#2641 = CARTESIAN_POINT ( 'NONE',  ( -16.51000000000000156, 8.509000000000000341, -2.540000000000001812 ) ) ;
#2642 =( GEOMETRIC_REPRESENTATION_CONTEXT ( 3 ) GLOBAL_UNCERTAINTY_ASSIGNED_CONTEXT ( ( #10374 ) ) GLOBAL_UNIT_ASSIGNED_CONTEXT ( ( #12242, #7240, #5345 ) ) REPRESENTATION_CONTEXT ( 'NONE', 'WORKASPACE' ) );
#2643 =( REPRESENTATION_RELATIONSHIP ('NONE','NONE', #12679, #10636 ) REPRESENTATION_RELATIONSHIP_WITH_TRANSFORMATION ( #94 )SHAPE_REPRESENTATION_RELATIONSHIP( ) );
#2644 = EDGE_LOOP ( 'NONE', ( #12080, #10071, #10921, #4893, #6155, #7706, #2276, #8292 ) ) ;
#2645 = CARTESIAN_POINT ( 'NONE',  ( 13.97000000000000064, 8.509000000000000341, -2.540000000000001812 ) ) ;
#2646 = VECTOR ( 'NONE', #8677, 1000.000000000000000 ) ;
#2647 = DIRECTION ( 'NONE',  ( 0.000000000000000000, 0.000000000000000000, 1.000000000000000000 ) ) ;
#2648 = CARTESIAN_POINT ( 'NONE',  ( -10.54100000000000037, 7.239000000000000767, -0.8890000000000001235 ) ) ;
#2649 = CARTESIAN_POINT ( 'NONE',  ( 19.30400000000000205, 0.5080000000000006732, -2.022881810244994583 ) ) ;
#2650 = ORIENTED_EDGE ( 'NONE', *, *, #4199, .F. ) ;
#2651 = CARTESIAN_POINT ( 'NONE',  ( -6.794500000000000206, 8.509000000000000341, -2.540000000000001812 ) ) ;
#2652 = CARTESIAN_POINT ( 'NONE',  ( 19.05000000000000071, 8.509000000000000341, 2.540000000000001812 ) ) ;
#2653 = CARTESIAN_POINT ( 'NONE',  ( 4.699000000000001620, 7.239000000000000767, 1.650999999999999801 ) ) ;
#2654 = ORIENTED_EDGE ( 'NONE', *, *, #7444, .T. ) ;
#2655 = ORIENTED_EDGE ( 'NONE', *, *, #5715, .T. ) ;
#2656 = ORIENTED_EDGE ( 'NONE', *, *, #5784, .T. ) ;
#2657 = CARTESIAN_POINT ( 'NONE',  ( -8.890000000000000568, 8.509000000000000341, -2.540000000000001812 ) ) ;
#2658 = VECTOR ( 'NONE', #796, 1000.000000000000000 ) ;
#2659 = VECTOR ( 'NONE', #972, 1000.000000000000000 ) ;
#2660 = ORIENTED_EDGE ( 'NONE', *, *, #6667, .F. ) ;
#2661 = DIRECTION ( 'NONE',  ( 0.000000000000000000, -1.000000000000000000, 2.667820306312759283E-16 ) ) ;
#2662 = PLANE ( 'NONE',  #11804 ) ;
#2663 = EDGE_CURVE ( 'NONE', #7061, #7598, #4143, .T. ) ;
#2664 =( LENGTH_UNIT ( ) NAMED_UNIT ( * ) SI_UNIT ( .MILLI., .METRE. ) );
#2665 = CARTESIAN_POINT ( 'NONE',  ( -12.31900000000000084, 8.064499999999998892, 1.650999999999999801 ) ) ;
#2666 = CARTESIAN_POINT ( 'NONE',  ( -19.30400000000000205, 6.505213034913026604E-16, -2.540000000000000924 ) ) ;
#2667 = FACE_OUTER_BOUND ( 'NONE', #4880, .T. ) ;
#2668 = CARTESIAN_POINT ( 'NONE',  ( 8.890000000000002345, 8.509000000000000341, -2.540000000000001812 ) ) ;
#2669 = VECTOR ( 'NONE', #10461, 1000.000000000000000 ) ;
#2670 = FACE_OUTER_BOUND ( 'NONE', #8416, .T. ) ;
#2671 = VERTEX_POINT ( 'NONE', #12141 ) ;
#2672 = AXIS2_PLACEMENT_3D ( 'NONE', #4302, #186, #10221 ) ;
#2673 = ORIENTED_EDGE ( 'NONE', *, *, #10202, .T. ) ;
#2674 = CARTESIAN_POINT ( 'NONE',  ( -0.3809999999999993947, 8.064499999999998892, 1.650999999999999801 ) ) ;
#2675 = CARTESIAN_POINT ( 'NONE',  ( 8.445500000000004448, 8.509000000000000341, 2.095500000000002139 ) ) ;
#2676 = ORIENTED_EDGE ( 'NONE', *, *, #9548, .T. ) ;
#2677 = ORIENTED_EDGE ( 'NONE', *, *, #3470, .F. ) ;
#2678 = EDGE_CURVE ( 'NONE', #2997, #7349, #5184, .T. ) ;
#2679 = EDGE_CURVE ( 'NONE', #9340, #9998, #8122, .T. ) ;
#2680 = VECTOR ( 'NONE', #10035, 1000.000000000000000 ) ;
#2681 = EDGE_CURVE ( 'NONE', #5030, #3902, #217, .T. ) ;
#2682 = ORIENTED_EDGE ( 'NONE', *, *, #4673, .F. ) ;
#2683 = CARTESIAN_POINT ( 'NONE',  ( -3.809999999999999165, 6.505213034913026604E-16, -2.540000000000000924 ) ) ;
#2684 = CARTESIAN_POINT ( 'NONE',  ( -19.05000000000000071, 0.000000000000000000, 2.539999999999999147 ) ) ;
#2685 = DIRECTION ( 'NONE',  ( -1.000000000000000000, -0.000000000000000000, -0.000000000000000000 ) ) ;
#2686 = DIRECTION ( 'NONE',  ( -0.000000000000000000, -0.000000000000000000, 1.000000000000000000 ) ) ;
#2687 = DIRECTION ( 'NONE',  ( 1.000000000000000000, 0.000000000000000000, 0.000000000000000000 ) ) ;
#2688 = VERTEX_POINT ( 'NONE', #4336 ) ;
#2689 = CARTESIAN_POINT ( 'NONE',  ( -2.159000000000001140, 7.239000000000000767, 1.650999999999999801 ) ) ;
#2690 =( GEOMETRIC_REPRESENTATION_CONTEXT ( 3 ) GLOBAL_UNCERTAINTY_ASSIGNED_CONTEXT ( ( #8041 ) ) GLOBAL_UNIT_ASSIGNED_CONTEXT ( ( #3230, #10993, #11181 ) ) REPRESENTATION_CONTEXT ( 'NONE', 'WORKASPACE' ) );
#2691 = FACE_OUTER_BOUND ( 'NONE', #8222, .T. ) ;
#2692 = ORIENTED_EDGE ( 'NONE', *, *, #5795, .F. ) ;
#2693 = VECTOR ( 'NONE', #6451, 1000.000000000000000 ) ;
#2694 = ADVANCED_FACE ( 'NONE', ( #12075 ), #7267, .F. ) ;
#2695 = CARTESIAN_POINT ( 'NONE',  ( -15.62099999999999866, 7.239000000000000767, 1.650999999999999801 ) ) ;
#2696 = VERTEX_POINT ( 'NONE', #9038 ) ;
#2697 = PLANE ( 'NONE',  #1601 ) ;
#2698 = FILL_AREA_STYLE_COLOUR ( '', #10292 ) ;
#2699 = CARTESIAN_POINT ( 'NONE',  ( -13.08099999999999952, 7.239000000000000767, -1.651000000000000023 ) ) ;
#2700 = CARTESIAN_POINT ( 'NONE',  ( 12.31900000000000084, 8.064499999999998892, 1.651000000000000023 ) ) ;
#2701 = LINE ( 'NONE', #8829, #5126 ) ;
#2702 = CARTESIAN_POINT ( 'NONE',  ( 14.85899999999999999, 8.064499999999998892, 1.650999999999999801 ) ) ;
#2703 = VERTEX_POINT ( 'NONE', #12203 ) ;
#2704 = VERTEX_POINT ( 'NONE', #5245 ) ;
#2705 = ORIENTED_EDGE ( 'NONE', *, *, #430, .F. ) ;
#2706 = CARTESIAN_POINT ( 'NONE',  ( -13.97000000000000064, 4.336808689942017736E-16, -2.159000000000001140 ) ) ;
#2707 = VERTEX_POINT ( 'NONE', #2174 ) ;
#2708 = DIRECTION ( 'NONE',  ( 0.000000000000000000, 0.000000000000000000, -1.000000000000000000 ) ) ;
#2709 = EDGE_CURVE ( 'NONE', #11758, #8586, #10133, .T. ) ;
#2710 = VECTOR ( 'NONE', #366, 1000.000000000000000 ) ;
#2711 = ITEM_DEFINED_TRANSFORMATION ( 'NONE', 'NONE', #12877,  #2067 ) ;
#2712 = CARTESIAN_POINT ( 'NONE',  ( 9.779000000000003467, 7.239000000000000767, -0.8890000000000001235 ) ) ;
#2713 = PLANE ( 'NONE',  #1904 ) ;
#2714 = LINE ( 'NONE', #4878, #12177 ) ;
#2715 = CARTESIAN_POINT ( 'NONE',  ( -6.794499999999996653, 8.509000000000000341, -2.540000000000001812 ) ) ;
#2716 = VERTEX_POINT ( 'NONE', #9224 ) ;
#2717 = ORIENTED_EDGE ( 'NONE', *, *, #11640, .F. ) ;
#2718 = ORIENTED_EDGE ( 'NONE', *, *, #3138, .F. ) ;
#2719 = FACE_OUTER_BOUND ( 'NONE', #9262, .T. ) ;
#2720 = ORIENTED_EDGE ( 'NONE', *, *, #5027, .F. ) ;
#2721 = LINE ( 'NONE', #6580, #6355 ) ;
#2722 = LINE ( 'NONE', #11778, #12212 ) ;
#2723 = EDGE_CURVE ( 'NONE', #7024, #7632, #3288, .T. ) ;
#2724 = LINE ( 'NONE', #10610, #10137 ) ;
#2725 = PLANE ( 'NONE',  #6019 ) ;
#2726 = LINE ( 'NONE', #9774, #3875 ) ;
#2727 = FACE_OUTER_BOUND ( 'NONE', #2958, .T. ) ;
#2728 = CARTESIAN_POINT ( 'NONE',  ( 0.3810000000000000053, -2.692399999999994797, 1.066800000000000415 ) ) ;
#2729 =( LENGTH_UNIT ( ) NAMED_UNIT ( * ) SI_UNIT ( .MILLI., .METRE. ) );
#2730 = EDGE_LOOP ( 'NONE', ( #539, #10279, #6160, #7331 ) ) ;
#2731 = ORIENTED_EDGE ( 'NONE', *, *, #5712, .T. ) ;
#2732 = VECTOR ( 'NONE', #4230, 1000.000000000000000 ) ;
#2733 = DIRECTION ( 'NONE',  ( 1.000000000000000000, 0.000000000000000000, 0.000000000000000000 ) ) ;
#2734 = ORIENTED_EDGE ( 'NONE', *, *, #4640, .F. ) ;
#2735 = VERTEX_POINT ( 'NONE', #5436 ) ;
#2736 = AXIS2_PLACEMENT_3D ( 'NONE', #8314, #2499, #11552 ) ;
#2737 = DIRECTION ( 'NONE',  ( 0.000000000000000000, -5.691349986800550837E-16, 1.000000000000000000 ) ) ;
#2738 = DIRECTION ( 'NONE',  ( 0.000000000000000000, 0.000000000000000000, 1.000000000000000000 ) ) ;
#2739 = EDGE_CURVE ( 'NONE', #433, #7422, #6689, .T. ) ;
#2740 = LINE ( 'NONE', #10497, #11709 ) ;
#2741 = EDGE_CURVE ( 'NONE', #10284, #5155, #2636, .T. ) ;
#2742 = CARTESIAN_POINT ( 'NONE',  ( 3.810000000000000941, 0.5080000000000006732, -2.022881810244994583 ) ) ;
#2743 = LINE ( 'NONE', #12513, #7617 ) ;
#2744 = ORIENTED_EDGE ( 'NONE', *, *, #1306, .T. ) ;
#2745 = FILL_AREA_STYLE_COLOUR ( '', #12415 ) ;
#2746 = CARTESIAN_POINT ( 'NONE',  ( -19.05000000000000071, 8.509000000000000341, 2.540000000000001812 ) ) ;
#2747 = EDGE_CURVE ( 'NONE', #11601, #3291, #412, .T. ) ;
#2748 = ORIENTED_EDGE ( 'NONE', *, *, #1722, .T. ) ;
#2749 = VECTOR ( 'NONE', #8673, 1000.000000000000000 ) ;
#2750 = ADVANCED_FACE ( 'NONE', ( #2501 ), #12531, .F. ) ;
#2751 = CLOSED_SHELL ( 'NONE', ( #7862, #6141, #11517, #7070, #9896, #12050, #9789, #9691, #8621, #4679, #8273, #5869, #11455, #821, #10456, #8225, #10718, #5666, #4274, #2990, #3790, #4677, #10609, #10813, #10715, #1390, #2873, #10191 ) ) ;
#2752 = DIRECTION ( 'NONE',  ( 0.000000000000000000, 0.000000000000000000, -1.000000000000000000 ) ) ;
#2753 = ORIENTED_EDGE ( 'NONE', *, *, #1556, .T. ) ;
#2754 = CARTESIAN_POINT ( 'NONE',  ( -16.51000000000000156, 8.509000000000000341, -2.095500000000001695 ) ) ;
#2755 = EDGE_CURVE ( 'NONE', #8883, #7381, #1603, .T. ) ;
#2756 = CARTESIAN_POINT ( 'NONE',  ( -7.239000000000000767, 7.239000000000000767, -1.651000000000000023 ) ) ;
#2757 = VECTOR ( 'NONE', #2583, 1000.000000000000000 ) ;
#2758 = AXIS2_PLACEMENT_3D ( 'NONE', #5936, #9064, #10821 ) ;
#2759 = FACE_OUTER_BOUND ( 'NONE', #9579, .T. ) ;
#2760 = DIRECTION ( 'NONE',  ( 0.000000000000000000, -1.000000000000000000, 1.019346266292635338E-16 ) ) ;
#2761 = ORIENTED_EDGE ( 'NONE', *, *, #3565, .F. ) ;
#2762 = EDGE_CURVE ( 'NONE', #8318, #8627, #8380, .T. ) ;
#2763 = DIRECTION ( 'NONE',  ( 0.000000000000000000, 0.000000000000000000, 1.000000000000000000 ) ) ;
#2764 = CARTESIAN_POINT ( 'NONE',  ( -12.82699999999999818, 7.810500000000001997, -1.396999999999998021 ) ) ;
#2765 = VERTEX_POINT ( 'NONE', #12335 ) ;
#2766 = EDGE_LOOP ( 'NONE', ( #2032, #11602, #12462, #685 ) ) ;
#2767 = ORIENTED_EDGE ( 'NONE', *, *, #4763, .T. ) ;
#2768 = CARTESIAN_POINT ( 'NONE',  ( -11.43000000000000149, 0.5080000000000000071, 2.022881810244992806 ) ) ;
#2769 = VECTOR ( 'NONE', #2292, 1000.000000000000000 ) ;
#2770 = EDGE_LOOP ( 'NONE', ( #7600, #7797, #10281, #7922 ) ) ;
#2771 = LINE ( 'NONE', #8775, #1362 ) ;
#2772 = DIRECTION ( 'NONE',  ( -0.000000000000000000, -0.7071067811865482389, -0.7071067811865469066 ) ) ;
#2773 = APPLICATION_PROTOCOL_DEFINITION ( 'draft international standard', 'automotive_design', 1998, #6654 ) ;
#2774 = DIRECTION ( 'NONE',  ( -0.000000000000000000, 1.000000000000000000, 1.733406087350420004E-16 ) ) ;
#2775 = CARTESIAN_POINT ( 'NONE',  ( 11.43000000000000327, 0.000000000000000000, 2.539999999999999147 ) ) ;
#2776 = EDGE_CURVE ( 'NONE', #3612, #981, #8571, .T. ) ;
#2777 = VECTOR ( 'NONE', #2356, 1000.000000000000000 ) ;
#2778 = CARTESIAN_POINT ( 'NONE',  ( -1.270000000000000240, 8.509000000000000341, 2.540000000000001812 ) ) ;
#2779 = DIRECTION ( 'NONE',  ( 1.000000000000000000, 0.000000000000000000, -0.000000000000000000 ) ) ;
#2780 = EDGE_LOOP ( 'NONE', ( #1184, #7923, #12052, #9460 ) ) ;
#2781 = EDGE_LOOP ( 'NONE', ( #8852, #3465, #12240, #4134 ) ) ;
#2782 = ORIENTED_EDGE ( 'NONE', *, *, #3316, .F. ) ;
#2783 = DIRECTION ( 'NONE',  ( -1.000000000000000000, -0.000000000000000000, -0.000000000000000000 ) ) ;
#2784 = EDGE_CURVE ( 'NONE', #1369, #11621, #1668, .T. ) ;
#2785 = VERTEX_POINT ( 'NONE', #5581 ) ;
#2786 = CARTESIAN_POINT ( 'NONE',  ( 8.890000000000002345, 0.000000000000000000, 2.539999999999999147 ) ) ;
#2787 = LINE ( 'NONE', #7747, #12848 ) ;
#2788 =( NAMED_UNIT ( * ) SI_UNIT ( $, .STERADIAN. ) SOLID_ANGLE_UNIT ( ) );
#2789 = LINE ( 'NONE', #6776, #5610 ) ;
#2790 = CARTESIAN_POINT ( 'NONE',  ( -16.51000000000000156, 0.5080000000000000071, 2.022881810244992806 ) ) ;
#2791 = CARTESIAN_POINT ( 'NONE',  ( 6.350000000000001421, 8.509000000000000341, 0.4444999999999970086 ) ) ;
#2792 = DIRECTION ( 'NONE',  ( 1.000000000000000000, 0.000000000000000000, 0.000000000000000000 ) ) ;
#2793 = VECTOR ( 'NONE', #1538, 1000.000000000000000 ) ;
#2794 = SURFACE_STYLE_USAGE ( .BOTH. , #5288 ) ;
#2795 = ORIENTED_EDGE ( 'NONE', *, *, #12290, .F. ) ;
#2796 = ORIENTED_EDGE ( 'NONE', *, *, #9278, .T. ) ;
#2797 = DIRECTION ( 'NONE',  ( -0.000000000000000000, -0.7071067811865482389, -0.7071067811865469066 ) ) ;
#2798 = VERTEX_POINT ( 'NONE', #549 ) ;
#2799 = EDGE_CURVE ( 'NONE', #12019, #2003, #9620, .T. ) ;
#2800 = VERTEX_POINT ( 'NONE', #9360 ) ;
#2801 = CARTESIAN_POINT ( 'NONE',  ( -7.239000000000000767, 7.239000000000000767, -0.8890000000000001235 ) ) ;
#2802 = LINE ( 'NONE', #3, #7473 ) ;
#2803 = DIRECTION ( 'NONE',  ( -0.000000000000000000, 0.000000000000000000, -1.000000000000000000 ) ) ;
#2804 = LINE ( 'NONE', #1515, #11879 ) ;
#2805 = EDGE_CURVE ( 'NONE', #7570, #12797, #10390, .T. ) ;
#2806 = CARTESIAN_POINT ( 'NONE',  ( 1.714499999999997248, 8.509000000000000341, 2.095500000000002139 ) ) ;
#2807 = VERTEX_POINT ( 'NONE', #3690 ) ;
#2808 = DIRECTION ( 'NONE',  ( -0.000000000000000000, -0.7071067811865501263, -0.7071067811865449082 ) ) ;
#2809 = AXIS2_PLACEMENT_3D ( 'NONE', #11818, #2900, #9947 ) ;
#2810 = CARTESIAN_POINT ( 'NONE',  ( 2.159000000000001140, 8.064499999999998892, 0.8889999999999999014 ) ) ;
#2811 = ORIENTED_EDGE ( 'NONE', *, *, #9605, .F. ) ;
#2812 = VECTOR ( 'NONE', #1782, 1000.000000000000114 ) ;
#2813 = CARTESIAN_POINT ( 'NONE',  ( -14.41449999999999676, 8.509000000000000341, 0.4444999999999970086 ) ) ;
#2814 = ORIENTED_EDGE ( 'NONE', *, *, #6880, .T. ) ;
#2815 = AXIS2_PLACEMENT_3D ( 'NONE', #3904, #9708, #7620 ) ;
#2816 = CARTESIAN_POINT ( 'NONE',  ( 4.699000000000001620, 7.239000000000000767, -1.651000000000000023 ) ) ;
#2817 = DIRECTION ( 'NONE',  ( -1.000000000000000000, 0.000000000000000000, -0.000000000000000000 ) ) ;
#2818 = EDGE_CURVE ( 'NONE', #792, #10331, #9424, .T. ) ;
#2819 = DIRECTION ( 'NONE',  ( 0.000000000000000000, -1.000000000000000000, -3.058038798877906014E-16 ) ) ;
#2820 = EDGE_CURVE ( 'NONE', #3118, #2639, #3622, .T. ) ;
#2821 = VECTOR ( 'NONE', #8315, 1000.000000000000000 ) ;
#2822 = DIRECTION ( 'NONE',  ( 0.000000000000000000, 1.733406087350420004E-16, -1.000000000000000000 ) ) ;
#2823 = LINE ( 'NONE', #12594, #5240 ) ;
#2824 = VERTEX_POINT ( 'NONE', #6554 ) ;
#2825 = CARTESIAN_POINT ( 'NONE',  ( -15.11300000000000132, 7.810499999999998444, 1.143000000000000016 ) ) ;
#2826 = CARTESIAN_POINT ( 'NONE',  ( 11.43000000000000327, 8.509000000000000341, 2.095500000000002139 ) ) ;
#2827 = EDGE_LOOP ( 'NONE', ( #1642, #12229, #1217, #1063 ) ) ;
#2828 = EDGE_LOOP ( 'NONE', ( #3672, #10459, #1468, #12170 ) ) ;
#2829 = ORIENTED_EDGE ( 'NONE', *, *, #4624, .F. ) ;
#2830 = DIRECTION ( 'NONE',  ( 0.000000000000000000, 0.9659258262890701996, 0.2588190451025140226 ) ) ;
#2831 = VECTOR ( 'NONE', #1094, 1000.000000000000000 ) ;
#2832 = ADVANCED_FACE ( 'NONE', ( #1398 ), #3421, .F. ) ;
#2833 = EDGE_CURVE ( 'NONE', #1182, #5981, #481, .T. ) ;
#2834 = VECTOR ( 'NONE', #9619, 1000.000000000000114 ) ;
#2835 = VECTOR ( 'NONE', #5858, 1000.000000000000000 ) ;
#2836 = ORIENTED_EDGE ( 'NONE', *, *, #1221, .F. ) ;
#2837 = CARTESIAN_POINT ( 'NONE',  ( -16.51000000000000156, 0.000000000000000000, 2.539999999999999147 ) ) ;
#2838 = EDGE_CURVE ( 'NONE', #12767, #12811, #6479, .T. ) ;
#2839 = DIRECTION ( 'NONE',  ( 0.000000000000000000, 5.691349986800550837E-16, -1.000000000000000000 ) ) ;
#2840 = AXIS2_PLACEMENT_3D ( 'NONE', #7897, #2934, #9001 ) ;
#2841 =( LENGTH_UNIT ( ) NAMED_UNIT ( * ) SI_UNIT ( .MILLI., .METRE. ) );
#2842 = CARTESIAN_POINT ( 'NONE',  ( 1.714499999999997248, 8.509000000000000341, 0.4444999999999970086 ) ) ;
#2843 = DIRECTION ( 'NONE',  ( 0.000000000000000000, 2.251701056906096594E-16, 1.000000000000000000 ) ) ;
#2844 = DIRECTION ( 'NONE',  ( 0.000000000000000000, 0.000000000000000000, -1.000000000000000000 ) ) ;
#2845 = VECTOR ( 'NONE', #12651, 1000.000000000000000 ) ;
#2846 = CARTESIAN_POINT ( 'NONE',  ( -8.445499999999999119, 8.509000000000000341, -0.4444999999999983409 ) ) ;
#2847 = ORIENTED_EDGE ( 'NONE', *, *, #2762, .F. ) ;
#2848 = ORIENTED_EDGE ( 'NONE', *, *, #10384, .T. ) ;
#2849 = ORIENTED_EDGE ( 'NONE', *, *, #1990, .F. ) ;
#2850 = CARTESIAN_POINT ( 'NONE',  ( 10.28700000000000081, 7.810499999999998444, 1.397000000000000242 ) ) ;
#2851 = VECTOR ( 'NONE', #4366, 1000.000000000000000 ) ;
#2852 = VERTEX_POINT ( 'NONE', #7527 ) ;
#2853 = EDGE_CURVE ( 'NONE', #6221, #9006, #4540, .T. ) ;
#2854 = AXIS2_PLACEMENT_3D ( 'NONE', #8468, #8272, #3511 ) ;
#2855 = LINE ( 'NONE', #6840, #1152 ) ;
#2856 = CARTESIAN_POINT ( 'NONE',  ( 11.87449999999999584, 8.509000000000000341, 2.095500000000002139 ) ) ;
#2857 = CARTESIAN_POINT ( 'NONE',  ( 4.699000000000001620, 8.064499999999998892, 0.8889999999999999014 ) ) ;
#2858 = CARTESIAN_POINT ( 'NONE',  ( -13.97000000000000064, 6.505213034913026604E-16, -2.540000000000000924 ) ) ;
#2859 = CARTESIAN_POINT ( 'NONE',  ( 0.3809999999999993947, 7.239000000000000767, -1.651000000000000023 ) ) ;
#2860 = EDGE_CURVE ( 'NONE', #11693, #1073, #2567, .T. ) ;
#2861 = VECTOR ( 'NONE', #9452, 1000.000000000000000 ) ;
#2862 = FACE_OUTER_BOUND ( 'NONE', #7287, .T. ) ;
#2863 = ORIENTED_EDGE ( 'NONE', *, *, #10082, .F. ) ;
#2864 = ORIENTED_EDGE ( 'NONE', *, *, #7059, .F. ) ;
#2865 = CARTESIAN_POINT ( 'NONE',  ( 13.97000000000000064, 6.505213034913026604E-16, -2.540000000000000924 ) ) ;
#2866 = VECTOR ( 'NONE', #11648, 1000.000000000000000 ) ;
#2867 = CARTESIAN_POINT ( 'NONE',  ( 19.05000000000000071, 8.509000000000000341, -2.540000000000001812 ) ) ;
#2868 = VERTEX_POINT ( 'NONE', #4605 ) ;
#2869 = ORIENTED_EDGE ( 'NONE', *, *, #8695, .T. ) ;
#2870 = VECTOR ( 'NONE', #442, 1000.000000000000000 ) ;
#2871 = DIRECTION ( 'NONE',  ( 0.000000000000000000, -1.000000000000000000, -1.733406087350420004E-16 ) ) ;
#2872 = PLANE ( 'NONE',  #6206 ) ;
#2873 = ADVANCED_FACE ( 'NONE', ( #7920 ), #8767, .F. ) ;
#2874 = DIRECTION ( 'NONE',  ( -1.000000000000000000, 0.000000000000000000, -0.000000000000000000 ) ) ;
#2875 = EDGE_CURVE ( 'NONE', #10898, #3338, #9680, .T. ) ;
#2876 = CARTESIAN_POINT ( 'NONE',  ( -5.460999999999998522, 7.239000000000000767, -0.8890000000000001235 ) ) ;
#2877 = CARTESIAN_POINT ( 'NONE',  ( -8.890000000000000568, -8.578981026812224210E-17, 2.158999999999999364 ) ) ;
#2878 = EDGE_LOOP ( 'NONE', ( #10619, #1982, #7757, #7384 ) ) ;
#2879 = VECTOR ( 'NONE', #9624, 1000.000000000000000 ) ;
#2880 = FACE_OUTER_BOUND ( 'NONE', #5159, .T. ) ;
#2881 = CARTESIAN_POINT ( 'NONE',  ( 19.05000000000000071, 0.000000000000000000, 2.539999999999999147 ) ) ;
#2882 = ORIENTED_EDGE ( 'NONE', *, *, #12367, .T. ) ;
#2883 = VECTOR ( 'NONE', #9264, 1000.000000000000000 ) ;
#2884 = EDGE_CURVE ( 'NONE', #1608, #9592, #816, .T. ) ;
#2885 = DIRECTION ( 'NONE',  ( 0.000000000000000000, 1.000000000000000000, 3.058038798877906014E-16 ) ) ;
#2886 = ORIENTED_EDGE ( 'NONE', *, *, #4259, .F. ) ;
#2887 = DIRECTION ( 'NONE',  ( 0.000000000000000000, 1.607907343367028359E-16, -1.000000000000000000 ) ) ;
#2888 = FACE_OUTER_BOUND ( 'NONE', #2511, .T. ) ;
#2889 = EDGE_CURVE ( 'NONE', #1333, #12144, #1731, .T. ) ;
#2890 = DIRECTION ( 'NONE',  ( 0.000000000000000000, -0.000000000000000000, -1.000000000000000000 ) ) ;
#2891 = VECTOR ( 'NONE', #11389, 1000.000000000000000 ) ;
#2892 = CARTESIAN_POINT ( 'NONE',  ( -0.3809999999999993947, 8.064499999999998892, 0.8889999999999999014 ) ) ;
#2893 = DIRECTION ( 'NONE',  ( 0.000000000000000000, -0.000000000000000000, 1.000000000000000000 ) ) ;
#2894 = ORIENTED_EDGE ( 'NONE', *, *, #7915, .F. ) ;
#2895 = CARTESIAN_POINT ( 'NONE',  ( 2.413000000000002032, 7.810500000000001997, -1.396999999999998021 ) ) ;
#2896 = CARTESIAN_POINT ( 'NONE',  ( -0.1961031209927689145, -3.200400000000000134, -1.473199999999999843 ) ) ;
#2897 = VERTEX_POINT ( 'NONE', #4802 ) ;
#2898 = ORIENTED_EDGE ( 'NONE', *, *, #1957, .T. ) ;
#2899 = ORIENTED_EDGE ( 'NONE', *, *, #42, .F. ) ;
#2900 = DIRECTION ( 'NONE',  ( -0.000000000000000000, 0.2588190451025140781, 0.9659258262890700886 ) ) ;
#2901 = VECTOR ( 'NONE', #779, 1000.000000000000000 ) ;
#2902 = ORIENTED_EDGE ( 'NONE', *, *, #2723, .T. ) ;
#2903 = DIRECTION ( 'NONE',  ( 0.000000000000000000, 0.2588190451025140226, -0.9659258262890701996 ) ) ;
#2904 = PLANE ( 'NONE',  #5884 ) ;
#2905 = APPLICATION_PROTOCOL_DEFINITION ( 'draft international standard', 'automotive_design', 1998, #7731 ) ;
#2906 = PLANE ( 'NONE',  #4262 ) ;
#2907 = EDGE_CURVE ( 'NONE', #9336, #417, #6939, .T. ) ;
#2908 = CARTESIAN_POINT ( 'NONE',  ( -1.270000000000000240, 4.336808689942017736E-16, -2.159000000000001140 ) ) ;
#2909 = ADVANCED_FACE ( 'NONE', ( #5897 ), #12794, .F. ) ;
#2910 = DIRECTION ( 'NONE',  ( 0.000000000000000000, -0.9659258262890701996, -0.2588190451025140226 ) ) ;
#2911 = DIRECTION ( 'NONE',  ( -0.000000000000000000, 1.000000000000000000, 1.733406087350420004E-16 ) ) ;
#2912 = VERTEX_POINT ( 'NONE', #3758 ) ;
#2913 = VERTEX_POINT ( 'NONE', #5707 ) ;
#2914 = ORIENTED_EDGE ( 'NONE', *, *, #6235, .T. ) ;
#2915 = EDGE_CURVE ( 'NONE', #3391, #8465, #4737, .T. ) ;
#2916 = CARTESIAN_POINT ( 'NONE',  ( 12.82699999999999818, 7.810499999999998444, 1.397000000000000242 ) ) ;
#2917 = ADVANCED_FACE ( 'NONE', ( #8706 ), #12665, .F. ) ;
#2918 = EDGE_CURVE ( 'NONE', #1604, #2155, #4865, .T. ) ;
#2919 = ORIENTED_EDGE ( 'NONE', *, *, #5760, .T. ) ;
#2920 = CARTESIAN_POINT ( 'NONE',  ( -10.54100000000000037, 8.064500000000002444, -0.8890000000000000124 ) ) ;
#2921 = CARTESIAN_POINT ( 'NONE',  ( -18.16100000000000136, 7.239000000000000767, 1.650999999999999801 ) ) ;
#2922 = LINE ( 'NONE', #3966, #3746 ) ;
#2923 = CARTESIAN_POINT ( 'NONE',  ( 12.31900000000000084, 8.064500000000002444, -0.8890000000000001235 ) ) ;
#2924 = CARTESIAN_POINT ( 'NONE',  ( -16.51000000000000156, -8.578981026812224210E-17, 2.158999999999999364 ) ) ;
#2925 = LINE ( 'NONE', #10023, #3315 ) ;
#2926 = PLANE ( 'NONE',  #4206 ) ;
#2927 = VERTEX_POINT ( 'NONE', #8901 ) ;
#2928 = ORIENTED_EDGE ( 'NONE', *, *, #3393, .F. ) ;
#2929 = EDGE_CURVE ( 'NONE', #12320, #1401, #5832, .T. ) ;
#2930 = DIRECTION ( 'NONE',  ( 0.000000000000000000, -1.000000000000000000, -1.733406087350420004E-16 ) ) ;
#2931 = CARTESIAN_POINT ( 'NONE',  ( 5.206999999999999851, 7.810500000000002885, -1.143000000000000460 ) ) ;
#2932 = VERTEX_POINT ( 'NONE', #7725 ) ;
#2933 = LINE ( 'NONE', #10883, #2126 ) ;
#2934 = DIRECTION ( 'NONE',  ( 0.000000000000000000, 1.000000000000000000, -2.251701056906096594E-16 ) ) ;
#2935 = CARTESIAN_POINT ( 'NONE',  ( 13.97000000000000064, 8.509000000000000341, -2.540000000000001812 ) ) ;
#2936 = CARTESIAN_POINT ( 'NONE',  ( 13.97000000000000064, 0.5080000000000006732, -2.022881810244994583 ) ) ;
#2937 = DIRECTION ( 'NONE',  ( 0.000000000000000000, 1.000000000000000000, -1.019346266292635338E-16 ) ) ;
#2938 = VECTOR ( 'NONE', #730, 1000.000000000000000 ) ;
#2939 = PLANE ( 'NONE',  #4724 ) ;
#2940 = ORIENTED_EDGE ( 'NONE', *, *, #2084, .F. ) ;
#2941 = ADVANCED_FACE ( 'NONE', ( #885 ), #7795, .F. ) ;
#2942 = LINE ( 'NONE', #3128, #339 ) ;
#2943 = DIRECTION ( 'NONE',  ( 0.000000000000000000, 1.000000000000000000, 3.058038798877906014E-16 ) ) ;
#2944 = VERTEX_POINT ( 'NONE', #6812 ) ;
#2945 = VECTOR ( 'NONE', #172, 1000.000000000000000 ) ;
#2946 = PLANE ( 'NONE',  #5743 ) ;
#2947 = ORIENTED_EDGE ( 'NONE', *, *, #3752, .T. ) ;
#2948 = DIRECTION ( 'NONE',  ( 0.000000000000000000, 0.9659258262890700886, -0.2588190451025140781 ) ) ;
#2949 = CARTESIAN_POINT ( 'NONE',  ( -7.493000000000001215, 7.810500000000001997, -1.396999999999998021 ) ) ;
#2950 = UNCERTAINTY_MEASURE_WITH_UNIT (LENGTH_MEASURE( 1.000000000000000082E-05 ), #1336, 'distance_accuracy_value', 'NONE');
#2951 = DIRECTION ( 'NONE',  ( 0.000000000000000000, -0.000000000000000000, -1.000000000000000000 ) ) ;
#2952 = CARTESIAN_POINT ( 'NONE',  ( -15.62099999999999866, 8.064499999999998892, 1.651000000000000023 ) ) ;
#2953 = CARTESIAN_POINT ( 'NONE',  ( 8.890000000000002345, 0.5080000000000006732, -2.022881810244994583 ) ) ;
#2954 = VECTOR ( 'NONE', #6091, 1000.000000000000000 ) ;
#2955 = CARTESIAN_POINT ( 'NONE',  ( -6.349999999999999645, 0.000000000000000000, 0.000000000000000000 ) ) ;
#2956 = DIRECTION ( 'NONE',  ( 1.000000000000000000, 0.000000000000000000, 0.000000000000000000 ) ) ;
#2957 = VECTOR ( 'NONE', #7734, 1000.000000000000000 ) ;
#2958 = EDGE_LOOP ( 'NONE', ( #3087, #10972, #7023, #3354 ) ) ;
#2959 = ORIENTED_EDGE ( 'NONE', *, *, #11106, .T. ) ;
#2960 = ORIENTED_EDGE ( 'NONE', *, *, #3712, .F. ) ;
#2961 = DIRECTION ( 'NONE',  ( -1.000000000000000000, 0.000000000000000000, 0.000000000000000000 ) ) ;
#2962 = EDGE_CURVE ( 'NONE', #2807, #996, #5958, .T. ) ;
#2963 = ORIENTED_EDGE ( 'NONE', *, *, #7717, .F. ) ;
#2964 = AXIS2_PLACEMENT_3D ( 'NONE', #1276, #10210, #4155 ) ;
#2965 = DIRECTION ( 'NONE',  ( 0.000000000000000000, 0.9659258262890701996, 0.2588190451025140226 ) ) ;
#2966 = VECTOR ( 'NONE', #5688, 1000.000000000000000 ) ;
#2967 = CARTESIAN_POINT ( 'NONE',  ( -8.890000000000000568, 0.000000000000000000, 2.539999999999999147 ) ) ;
#2968 = FACE_OUTER_BOUND ( 'NONE', #9684, .T. ) ;
#2969 = FACE_OUTER_BOUND ( 'NONE', #8051, .T. ) ;
#2970 = ADVANCED_FACE ( 'NONE', ( #3023 ), #7981, .T. ) ;
#2971 = DIRECTION ( 'NONE',  ( -1.000000000000000000, -0.000000000000000000, -0.000000000000000000 ) ) ;
#2972 = ORIENTED_EDGE ( 'NONE', *, *, #11834, .T. ) ;
#2973 = VERTEX_POINT ( 'NONE', #3814 ) ;
#2974 = VERTEX_POINT ( 'NONE', #11753 ) ;
#2975 = AXIS2_PLACEMENT_3D ( 'NONE', #2896, #10777, #8830 ) ;
#2976 = CARTESIAN_POINT ( 'NONE',  ( -2.920999999999999819, 7.239000000000000767, 0.8889999999999997904 ) ) ;
#2977 = VECTOR ( 'NONE', #2075, 1000.000000000000000 ) ;
#2978 = ORIENTED_EDGE ( 'NONE', *, *, #11908, .T. ) ;
#2979 = FACE_OUTER_BOUND ( 'NONE', #1965, .T. ) ;
#2980 = DIRECTION ( 'NONE',  ( -1.000000000000000000, -0.000000000000000000, -0.000000000000000000 ) ) ;
#2981 = VECTOR ( 'NONE', #5641, 1000.000000000000000 ) ;
#2982 = VECTOR ( 'NONE', #3487, 999.9999999999998863 ) ;
#2983 = VECTOR ( 'NONE', #1234, 1000.000000000000000 ) ;
#2984 = EDGE_CURVE ( 'NONE', #7109, #3564, #11939, .T. ) ;
#2985 = DIRECTION ( 'NONE',  ( 1.000000000000000000, 0.000000000000000000, 0.000000000000000000 ) ) ;
#2986 = CARTESIAN_POINT ( 'NONE',  ( 1.270000000000000240, 0.5080000000000006732, -2.022881810244994583 ) ) ;
#2987 = EDGE_CURVE ( 'NONE', #4533, #11303, #3880, .T. ) ;
#2988 = LINE ( 'NONE', #6048, #8806 ) ;
#2989 = CARTESIAN_POINT ( 'NONE',  ( 6.350000000000001421, 6.505213034913026604E-16, -2.540000000000000924 ) ) ;
#2990 = ADVANCED_FACE ( 'NONE', ( #4925 ), #10000, .F. ) ;
#2991 = DIRECTION ( 'NONE',  ( 0.000000000000000000, 1.733406087350420004E-16, -1.000000000000000000 ) ) ;
#2992 = EDGE_LOOP ( 'NONE', ( #10069, #2357, #3133, #10796 ) ) ;
#2993 = ORIENTED_EDGE ( 'NONE', *, *, #12787, .T. ) ;
#2994 = ORIENTED_EDGE ( 'NONE', *, *, #6834, .F. ) ;
#2995 = PLANE ( 'NONE',  #9527 ) ;
#2996 = CARTESIAN_POINT ( 'NONE',  ( 16.51000000000000156, -8.578981026812224210E-17, 2.158999999999999364 ) ) ;
#2997 = VERTEX_POINT ( 'NONE', #7072 ) ;
#2998 = VECTOR ( 'NONE', #6007, 1000.000000000000000 ) ;
#2999 = EDGE_CURVE ( 'NONE', #2852, #6833, #6026, .T. ) ;
#3000 = EDGE_CURVE ( 'NONE', #3564, #4338, #5173, .T. ) ;
#3001 = FACE_OUTER_BOUND ( 'NONE', #703, .T. ) ;
#3002 = EDGE_CURVE ( 'NONE', #3560, #1087, #8170, .T. ) ;
#3003 = DIRECTION ( 'NONE',  ( 0.000000000000000000, -1.733406087350420004E-16, 1.000000000000000000 ) ) ;
#3004 = DIRECTION ( 'NONE',  ( 0.000000000000000000, -0.7071067811865499042, 0.7071067811865451302 ) ) ;
#3005 = CARTESIAN_POINT ( 'NONE',  ( -3.810000000000000941, 0.5080000000000000071, 2.022881810244992806 ) ) ;
#3006 = CARTESIAN_POINT ( 'NONE',  ( 14.85899999999999999, 7.239000000000000767, 0.8889999999999997904 ) ) ;
#3007 = CARTESIAN_POINT ( 'NONE',  ( 8.001000000000001222, 7.239000000000000767, -0.8890000000000001235 ) ) ;
#3008 = EDGE_LOOP ( 'NONE', ( #4220, #7485, #1442, #8768 ) ) ;
#3009 =( LENGTH_UNIT ( ) NAMED_UNIT ( * ) SI_UNIT ( .MILLI., .METRE. ) );
#3010 = CARTESIAN_POINT ( 'NONE',  ( 9.779000000000003467, 8.064499999999998892, 0.8889999999999999014 ) ) ;
#3011 = VERTEX_POINT ( 'NONE', #11033 ) ;
#3012 = AXIS2_PLACEMENT_3D ( 'NONE', #2563, #3685, #3808 ) ;
#3013 = CARTESIAN_POINT ( 'NONE',  ( -4.953000000000001180, 7.810500000000001997, -1.396999999999998021 ) ) ;
#3014 = EDGE_LOOP ( 'NONE', ( #3931, #9780, #2125, #10649 ) ) ;
#3015 = ADVANCED_FACE ( 'NONE', ( #1072 ), #9024, .F. ) ;
#3016 = CARTESIAN_POINT ( 'NONE',  ( -11.42999999999999972, -8.578981026812224210E-17, 2.158999999999999364 ) ) ;
#3017 = FACE_OUTER_BOUND ( 'NONE', #8372, .T. ) ;
#3018 = LINE ( 'NONE', #2104, #6138 ) ;
#3019 = CARTESIAN_POINT ( 'NONE',  ( 2.159000000000001140, 8.064499999999998892, 0.8889999999999999014 ) ) ;
#3020 = EDGE_CURVE ( 'NONE', #8645, #633, #6207, .T. ) ;
#3021 = CARTESIAN_POINT ( 'NONE',  ( 3.810000000000000941, 0.5080000000000000071, 2.022881810244992806 ) ) ;
#3022 = VECTOR ( 'NONE', #10789, 1000.000000000000000 ) ;
#3023 = FACE_OUTER_BOUND ( 'NONE', #2644, .T. ) ;
#3024 = ORIENTED_EDGE ( 'NONE', *, *, #4763, .F. ) ;
#3025 = ORIENTED_EDGE ( 'NONE', *, *, #121, .F. ) ;
#3026 = VECTOR ( 'NONE', #5761, 1000.000000000000000 ) ;
#3027 = ORIENTED_EDGE ( 'NONE', *, *, #9044, .F. ) ;
#3028 = VECTOR ( 'NONE', #9742, 1000.000000000000000 ) ;
#3029 = CARTESIAN_POINT ( 'NONE',  ( 17.90700000000000003, 7.810499999999998444, 1.143000000000000016 ) ) ;
#3030 = LINE ( 'NONE', #4194, #253 ) ;
#3031 = DIRECTION ( 'NONE',  ( 1.000000000000000000, 0.000000000000000000, 0.000000000000000000 ) ) ;
#3032 = PLANE ( 'NONE',  #10439 ) ;
#3033 = EDGE_CURVE ( 'NONE', #11526, #11131, #5292, .T. ) ;
#3034 = AXIS2_PLACEMENT_3D ( 'NONE', #12068, #11097, #7991 ) ;
#3035 = FACE_OUTER_BOUND ( 'NONE', #12276, .T. ) ;
#3036 = CARTESIAN_POINT ( 'NONE',  ( -6.349999999999999645, 0.5080000000000006732, -2.022881810244994583 ) ) ;
#3037 = ORIENTED_EDGE ( 'NONE', *, *, #9689, .T. ) ;
#3038 = ORIENTED_EDGE ( 'NONE', *, *, #12408, .T. ) ;
#3039 = EDGE_LOOP ( 'NONE', ( #7373, #11542, #10912, #5724 ) ) ;
#3040 = LINE ( 'NONE', #2850, #360 ) ;
#3041 = VECTOR ( 'NONE', #5244, 999.9999999999998863 ) ;
#3042 = VECTOR ( 'NONE', #8006, 1000.000000000000000 ) ;
#3043 = ORIENTED_EDGE ( 'NONE', *, *, #4907, .T. ) ;
#3044 = VECTOR ( 'NONE', #10126, 1000.000000000000114 ) ;
#3045 = EDGE_CURVE ( 'NONE', #11476, #3832, #3205, .T. ) ;
#3046 = CARTESIAN_POINT ( 'NONE',  ( 16.51000000000000156, 6.505213034913026604E-16, -2.540000000000000924 ) ) ;
#3047 = DIRECTION ( 'NONE',  ( -1.000000000000000000, 0.000000000000000000, 0.000000000000000000 ) ) ;
#3048 = CARTESIAN_POINT ( 'NONE',  ( 0.000000000000000000, 0.000000000000000000, 0.000000000000000000 ) ) ;
#3049 = CARTESIAN_POINT ( 'NONE',  ( 8.890000000000002345, 0.000000000000000000, 2.539999999999999147 ) ) ;
#3050 = DIRECTION ( 'NONE',  ( -0.7071067811865462405, -0.7071067811865489050, 0.000000000000000000 ) ) ;
#3051 = DIRECTION ( 'NONE',  ( 0.000000000000000000, 0.9659258262890700886, -0.2588190451025140781 ) ) ;
#3052 = DIRECTION ( 'NONE',  ( 0.5773502691896258421, 0.5773502691896236216, -0.5773502691896278405 ) ) ;
#3053 = ORIENTED_EDGE ( 'NONE', *, *, #10475, .T. ) ;
#3054 = EDGE_LOOP ( 'NONE', ( #2972, #8351, #5394, #8123 ) ) ;
#3055 = ORIENTED_EDGE ( 'NONE', *, *, #9796, .F. ) ;
#3056 = CARTESIAN_POINT ( 'NONE',  ( 5.461000000000000298, 7.239000000000000767, -0.8890000000000001235 ) ) ;
#3057 = AXIS2_PLACEMENT_3D ( 'NONE', #3016, #15, #3994 ) ;
#3058 = DIRECTION ( 'NONE',  ( 0.5773502691896259531, -0.5773502691896237327, -0.5773502691896276184 ) ) ;
#3059 = ORIENTED_EDGE ( 'NONE', *, *, #2283, .F. ) ;
#3060 = VECTOR ( 'NONE', #789, 1000.000000000000000 ) ;
#3061 = EDGE_CURVE ( 'NONE', #11433, #11892, #10184, .T. ) ;
#3062 = DIRECTION ( 'NONE',  ( 0.000000000000000000, 0.000000000000000000, 1.000000000000000000 ) ) ;
#3063 = VECTOR ( 'NONE', #4840, 1000.000000000000000 ) ;
#3064 = CARTESIAN_POINT ( 'NONE',  ( 4.254500000000001059, 8.509000000000000341, -2.540000000000001812 ) ) ;
#3065 = DIRECTION ( 'NONE',  ( -0.000000000000000000, 1.000000000000000000, 1.607907343367028359E-16 ) ) ;
#3066 = CARTESIAN_POINT ( 'NONE',  ( -7.239000000000000767, 7.239000000000000767, 1.650999999999999801 ) ) ;
#3067 = DIRECTION ( 'NONE',  ( -0.000000000000000000, 1.000000000000000000, 1.733406087350420004E-16 ) ) ;
#3068 = AXIS2_PLACEMENT_3D ( 'NONE', #9445, #11446, #371 ) ;
#3069 = DIRECTION ( 'NONE',  ( -1.000000000000000000, -0.000000000000000000, -0.000000000000000000 ) ) ;
#3070 = EDGE_CURVE ( 'NONE', #12089, #656, #12190, .T. ) ;
#3071 = EDGE_LOOP ( 'NONE', ( #7907, #6546, #5141, #7040 ) ) ;
#3072 = EDGE_CURVE ( 'NONE', #432, #3194, #1314, .T. ) ;
#3073 = CARTESIAN_POINT ( 'NONE',  ( -1.270000000000000240, 6.505213034913026604E-16, -2.540000000000000924 ) ) ;
#3074 = ORIENTED_EDGE ( 'NONE', *, *, #10018, .F. ) ;
#3075 = VECTOR ( 'NONE', #12503, 1000.000000000000000 ) ;
#3076 = AXIS2_PLACEMENT_3D ( 'NONE', #4900, #3922, #8023 ) ;
#3077 = ADVANCED_FACE ( 'NONE', ( #6139 ), #3273, .F. ) ;
#3078 = VECTOR ( 'NONE', #8407, 1000.000000000000000 ) ;
#3079 = EDGE_CURVE ( 'NONE', #3423, #5379, #1192, .T. ) ;
#3080 = CARTESIAN_POINT ( 'NONE',  ( -17.39900000000000091, 7.239000000000000767, 1.650999999999999801 ) ) ;
#3081 = ORIENTED_EDGE ( 'NONE', *, *, #1957, .F. ) ;
#3082 = FACE_OUTER_BOUND ( 'NONE', #6065, .T. ) ;
#3083 = CARTESIAN_POINT ( 'NONE',  ( -13.08099999999999952, 8.064499999999998892, 1.650999999999999801 ) ) ;
#3084 = PLANE ( 'NONE',  #2509 ) ;
#3085 = DIRECTION ( 'NONE',  ( 0.000000000000000000, 0.000000000000000000, -1.000000000000000000 ) ) ;
#3086 = LINE ( 'NONE', #7184, #9419 ) ;
#3087 = ORIENTED_EDGE ( 'NONE', *, *, #4115, .F. ) ;
#3088 = DIRECTION ( 'NONE',  ( 0.000000000000000000, -1.000000000000000000, -2.923638691849597351E-16 ) ) ;
#3089 = VECTOR ( 'NONE', #7248, 999.9999999999998863 ) ;
#3090 = CARTESIAN_POINT ( 'NONE',  ( 9.779000000000003467, 7.239000000000000767, -0.8890000000000001235 ) ) ;
#3091 = VERTEX_POINT ( 'NONE', #10057 ) ;
#3092 = EDGE_CURVE ( 'NONE', #824, #6223, #206, .T. ) ;
#3093 = ORIENTED_EDGE ( 'NONE', *, *, #10660, .T. ) ;
#3094 = VECTOR ( 'NONE', #1169, 1000.000000000000000 ) ;
#3095 = CARTESIAN_POINT ( 'NONE',  ( 7.493000000000002991, 7.810499999999998444, 1.143000000000000016 ) ) ;
#3096 = DIRECTION ( 'NONE',  ( 0.000000000000000000, 1.000000000000000000, -1.019346266292635338E-16 ) ) ;
#3097 = CARTESIAN_POINT ( 'NONE',  ( 14.85899999999999999, 7.239000000000000767, -0.8890000000000001235 ) ) ;
#3098 = DIRECTION ( 'NONE',  ( 0.000000000000000000, -0.000000000000000000, -1.000000000000000000 ) ) ;
#3099 = CARTESIAN_POINT ( 'NONE',  ( -10.54100000000000037, 7.239000000000000767, 0.8889999999999997904 ) ) ;
#3100 = FACE_OUTER_BOUND ( 'NONE', #5349, .T. ) ;
#3101 = EDGE_LOOP ( 'NONE', ( #10651, #6891, #4773, #10616, #6650, #12252, #1934, #1686 ) ) ;
#3102 = VERTEX_POINT ( 'NONE', #7188 ) ;
#3103 = ORIENTED_EDGE ( 'NONE', *, *, #1776, .T. ) ;
#3104 =( GEOMETRIC_REPRESENTATION_CONTEXT ( 3 ) GLOBAL_UNCERTAINTY_ASSIGNED_CONTEXT ( ( #3199 ) ) GLOBAL_UNIT_ASSIGNED_CONTEXT ( ( #7341, #9499, #4416 ) ) REPRESENTATION_CONTEXT ( 'NONE', 'WORKASPACE' ) );
#3105 = ADVANCED_FACE ( 'NONE', ( #9084 ), #10970, .F. ) ;
#3106 = VERTEX_POINT ( 'NONE', #11221 ) ;
#3107 = PLANE ( 'NONE',  #9696 ) ;
#3108 = CARTESIAN_POINT ( 'NONE',  ( 0.3809999999999993947, 7.239000000000000767, -1.651000000000000023 ) ) ;
#3109 = FILL_AREA_STYLE_COLOUR ( '', #2479 ) ;
#3110 = PLANE ( 'NONE',  #7005 ) ;
#3111 = CARTESIAN_POINT ( 'NONE',  ( 11.43000000000000327, 0.5080000000000000071, 2.022881810244992806 ) ) ;
#3112 = CARTESIAN_POINT ( 'NONE',  ( -13.97000000000000064, -8.578981026812224210E-17, 2.158999999999999364 ) ) ;
#3113 = DIRECTION ( 'NONE',  ( -0.000000000000000000, 1.000000000000000000, 1.733406087350420004E-16 ) ) ;
#3114 = VERTEX_POINT ( 'NONE', #9146 ) ;
#3115 = ORIENTED_EDGE ( 'NONE', *, *, #11123, .T. ) ;
#3116 = ORIENTED_EDGE ( 'NONE', *, *, #12348, .F. ) ;
#3117 = FACE_OUTER_BOUND ( 'NONE', #11152, .T. ) ;
#3118 = VERTEX_POINT ( 'NONE', #1249 ) ;
#3119 = EDGE_CURVE ( 'NONE', #3528, #2587, #6269, .T. ) ;
#3120 = CARTESIAN_POINT ( 'NONE',  ( 6.794499999999998430, 8.509000000000000341, -2.540000000000001812 ) ) ;
#3121 = CARTESIAN_POINT ( 'NONE',  ( 4.254499999999997506, 8.509000000000000341, 0.4444999999999970086 ) ) ;
#3122 = PLANE ( 'NONE',  #1645 ) ;
#3123 = CARTESIAN_POINT ( 'NONE',  ( 15.11300000000000132, 7.810499999999998444, 1.143000000000000016 ) ) ;
#3124 = CARTESIAN_POINT ( 'NONE',  ( -15.62099999999999866, 7.239000000000000767, 1.650999999999999801 ) ) ;
#3125 = DIRECTION ( 'NONE',  ( 0.000000000000000000, 1.000000000000000000, -1.019346266292635338E-16 ) ) ;
#3126 = CARTESIAN_POINT ( 'NONE',  ( -2.159000000000001140, 7.239000000000000767, 0.8889999999999997904 ) ) ;
#3127 = ORIENTED_EDGE ( 'NONE', *, *, #7762, .T. ) ;
#3128 = CARTESIAN_POINT ( 'NONE',  ( 11.42999999999999972, 4.336808689942017736E-16, -2.159000000000001140 ) ) ;
#3129 = DIRECTION ( 'NONE',  ( 0.000000000000000000, 0.000000000000000000, -1.000000000000000000 ) ) ;
#3130 = ORIENTED_EDGE ( 'NONE', *, *, #4910, .F. ) ;
#3131 = DIRECTION ( 'NONE',  ( 0.000000000000000000, -0.9659258262890701996, -0.2588190451025140226 ) ) ;
#3132 = EDGE_CURVE ( 'NONE', #11820, #4800, #10246, .T. ) ;
#3133 = ORIENTED_EDGE ( 'NONE', *, *, #1481, .T. ) ;
#3134 = VECTOR ( 'NONE', #9728, 1000.000000000000000 ) ;
#3135 = CARTESIAN_POINT ( 'NONE',  ( 0.3810000000000000053, 0.5079999999999998961, 1.066800000000001303 ) ) ;
#3136 = PLANE ( 'NONE',  #7046 ) ;
#3137 = LINE ( 'NONE', #940, #9378 ) ;
#3138 = EDGE_CURVE ( 'NONE', #6239, #7570, #11411, .T. ) ;
#3139 = FACE_OUTER_BOUND ( 'NONE', #10170, .T. ) ;
#3140 = CARTESIAN_POINT ( 'NONE',  ( -19.05000000000000071, 0.000000000000000000, 2.539999999999999147 ) ) ;
#3141 = EDGE_LOOP ( 'NONE', ( #7774, #947, #133, #12640 ) ) ;
#3142 = CARTESIAN_POINT ( 'NONE',  ( -5.905500000000002636, 8.509000000000000341, 0.4444999999999970086 ) ) ;
#3143 = EDGE_CURVE ( 'NONE', #4461, #6005, #3610, .T. ) ;
#3144 = DIRECTION ( 'NONE',  ( 0.000000000000000000, -0.000000000000000000, -1.000000000000000000 ) ) ;
#3145 = EDGE_LOOP ( 'NONE', ( #5278, #7433, #2137, #12110 ) ) ;
#3146 = CARTESIAN_POINT ( 'NONE',  ( -2.920999999999999819, 8.064499999999998892, 1.651000000000000023 ) ) ;
#3147 = EDGE_CURVE ( 'NONE', #9592, #1235, #9545, .T. ) ;
#3148 = ORIENTED_EDGE ( 'NONE', *, *, #10669, .T. ) ;
#3149 = FACE_OUTER_BOUND ( 'NONE', #6008, .T. ) ;
#3150 = EDGE_CURVE ( 'NONE', #2639, #4638, #4390, .T. ) ;
#3151 = DIRECTION ( 'NONE',  ( 1.000000000000000000, 0.000000000000000000, 0.000000000000000000 ) ) ;
#3152 = VECTOR ( 'NONE', #8166, 1000.000000000000000 ) ;
#3153 = VECTOR ( 'NONE', #9119, 1000.000000000000000 ) ;
#3154 = CONTEXT_DEPENDENT_SHAPE_REPRESENTATION ( #12878, #7206 ) ;
#3155 = CARTESIAN_POINT ( 'NONE',  ( 13.97000000000000064, -8.578981026812224210E-17, 2.158999999999999364 ) ) ;
#3156 = PLANE ( 'NONE',  #4636 ) ;
#3157 = CARTESIAN_POINT ( 'NONE',  ( 4.699000000000001620, 8.064500000000002444, -1.650999999999999801 ) ) ;
#3158 = DIRECTION ( 'NONE',  ( 0.000000000000000000, -1.000000000000000000, -3.058038798877906014E-16 ) ) ;
#3159 = ORIENTED_EDGE ( 'NONE', *, *, #2217, .T. ) ;
#3160 = ORIENTED_EDGE ( 'NONE', *, *, #1672, .F. ) ;
#3161 = ORIENTED_EDGE ( 'NONE', *, *, #4240, .F. ) ;
#3162 = VECTOR ( 'NONE', #2549, 1000.000000000000000 ) ;
#3163 = ORIENTED_EDGE ( 'NONE', *, *, #8969, .F. ) ;
#3164 = DIRECTION ( 'NONE',  ( 0.000000000000000000, -1.000000000000000000, -3.058038798877906014E-16 ) ) ;
#3165 = CARTESIAN_POINT ( 'NONE',  ( -18.16100000000000136, 7.239000000000000767, -0.8890000000000001235 ) ) ;
#3166 = EDGE_CURVE ( 'NONE', #163, #12668, #12323, .T. ) ;
#3167 = SURFACE_STYLE_FILL_AREA ( #12083 ) ;
#3168 = CARTESIAN_POINT ( 'NONE',  ( 12.31900000000000084, 7.239000000000000767, 1.650999999999999801 ) ) ;
#3169 = DIRECTION ( 'NONE',  ( 1.000000000000000000, 0.000000000000000000, 0.000000000000000000 ) ) ;
#3170 = DIRECTION ( 'NONE',  ( 1.000000000000000000, 0.000000000000000000, 0.000000000000000000 ) ) ;
#3171 = VECTOR ( 'NONE', #11945, 1000.000000000000000 ) ;
#3172 = VECTOR ( 'NONE', #11512, 1000.000000000000000 ) ;
#3173 = VECTOR ( 'NONE', #9632, 999.9999999999998863 ) ;
#3174 = DIRECTION ( 'NONE',  ( 0.000000000000000000, 1.733406087350420004E-16, -1.000000000000000000 ) ) ;
#3175 = ORIENTED_EDGE ( 'NONE', *, *, #6624, .T. ) ;
#3176 = EDGE_LOOP ( 'NONE', ( #1891, #5392, #10875, #11659 ) ) ;
#3177 = VERTEX_POINT ( 'NONE', #8366 ) ;
#3178 = EDGE_CURVE ( 'NONE', #4789, #4833, #8500, .T. ) ;
#3179 = DIRECTION ( 'NONE',  ( 0.000000000000000000, -1.000000000000000000, 1.019346266292635338E-16 ) ) ;
#3180 = VECTOR ( 'NONE', #5423, 1000.000000000000000 ) ;
#3181 = DIRECTION ( 'NONE',  ( -0.000000000000000000, -0.000000000000000000, 1.000000000000000000 ) ) ;
#3182 = DIRECTION ( 'NONE',  ( 0.000000000000000000, -1.000000000000000000, -3.058038798877906014E-16 ) ) ;
#3183 = CARTESIAN_POINT ( 'NONE',  ( 11.43000000000000327, 0.000000000000000000, 2.539999999999999147 ) ) ;
#3184 = DIRECTION ( 'NONE',  ( 0.000000000000000000, 0.000000000000000000, -1.000000000000000000 ) ) ;
#3185 = CARTESIAN_POINT ( 'NONE',  ( -6.794500000000000206, 8.509000000000000341, -0.4444999999999983409 ) ) ;
#3186 = CARTESIAN_POINT ( 'NONE',  ( -8.000999999999999446, 7.239000000000000767, 1.650999999999999801 ) ) ;
#3187 = CARTESIAN_POINT ( 'NONE',  ( 9.779000000000003467, 7.239000000000000767, -1.651000000000000023 ) ) ;
#3188 = ORIENTED_EDGE ( 'NONE', *, *, #4525, .F. ) ;
#3189 = ORIENTED_EDGE ( 'NONE', *, *, #8368, .F. ) ;
#3190 = EDGE_CURVE ( 'NONE', #6833, #5428, #1453, .T. ) ;
#3191 = DIRECTION ( 'NONE',  ( 0.000000000000000000, -0.000000000000000000, -1.000000000000000000 ) ) ;
#3192 = DIRECTION ( 'NONE',  ( -1.000000000000000000, 0.000000000000000000, 0.000000000000000000 ) ) ;
#3193 = ORIENTED_EDGE ( 'NONE', *, *, #8746, .T. ) ;
#3194 = VERTEX_POINT ( 'NONE', #5360 ) ;
#3195 = DIRECTION ( 'NONE',  ( 1.000000000000000000, 0.000000000000000000, 0.000000000000000000 ) ) ;
#3196 = ORIENTED_EDGE ( 'NONE', *, *, #6523, .T. ) ;
#3197 = DIRECTION ( 'NONE',  ( -0.000000000000000000, 0.000000000000000000, 1.000000000000000000 ) ) ;
#3198 = DIRECTION ( 'NONE',  ( 0.000000000000000000, 0.9659258262890701996, 0.2588190451025140226 ) ) ;
#3199 = UNCERTAINTY_MEASURE_WITH_UNIT (LENGTH_MEASURE( 1.000000000000000082E-05 ), #7341, 'distance_accuracy_value', 'NONE');
#3200 = PLANE ( 'NONE',  #9608 ) ;
#3201 = DIRECTION ( 'NONE',  ( 0.5773502691896272854, -0.5773502691896250649, -0.5773502691896250649 ) ) ;
#3202 = CARTESIAN_POINT ( 'NONE',  ( -17.39900000000000091, 8.064499999999998892, 1.651000000000000023 ) ) ;
#3203 = ORIENTED_EDGE ( 'NONE', *, *, #9818, .T. ) ;
#3204 = DIRECTION ( 'NONE',  ( 0.000000000000000000, 0.9659258262890700886, -0.2588190451025140781 ) ) ;
#3205 = LINE ( 'NONE', #6082, #5072 ) ;
#3206 = ORIENTED_EDGE ( 'NONE', *, *, #1956, .F. ) ;
#3207 = PLANE ( 'NONE',  #717 ) ;
#3208 = EDGE_CURVE ( 'NONE', #12076, #7330, #1520, .T. ) ;
#3209 = ORIENTED_EDGE ( 'NONE', *, *, #3542, .T. ) ;
#3210 = EDGE_CURVE ( 'NONE', #9706, #9889, #401, .T. ) ;
#3211 = CARTESIAN_POINT ( 'NONE',  ( 16.95449999999999946, 8.509000000000000341, -0.4444999999999983409 ) ) ;
#3212 = UNCERTAINTY_MEASURE_WITH_UNIT (LENGTH_MEASURE( 1.000000000000000082E-05 ), #6968, 'distance_accuracy_value', 'NONE');
#3213 = VECTOR ( 'NONE', #8377, 1000.000000000000000 ) ;
#3214 = DIRECTION ( 'NONE',  ( 0.000000000000000000, 0.9659258262890700886, -0.2588190451025140781 ) ) ;
#3215 = LINE ( 'NONE', #6218, #4838 ) ;
#3216 = PLANE ( 'NONE',  #9710 ) ;
#3217 = DIRECTION ( 'NONE',  ( -0.000000000000000000, 1.000000000000000000, 1.733406087350420004E-16 ) ) ;
#3218 = ORIENTED_EDGE ( 'NONE', *, *, #3798, .T. ) ;
#3219 = VERTEX_POINT ( 'NONE', #10378 ) ;
#3220 = ADVANCED_FACE ( 'NONE', ( #469 ), #6613, .F. ) ;
#3221 = ORIENTED_EDGE ( 'NONE', *, *, #8195, .T. ) ;
#3222 = EDGE_CURVE ( 'NONE', #1303, #6521, #1378, .T. ) ;
#3223 = VECTOR ( 'NONE', #1861, 1000.000000000000000 ) ;
#3224 = VECTOR ( 'NONE', #6936, 999.9999999999998863 ) ;
#3225 = ADVANCED_FACE ( 'NONE', ( #9475 ), #3476, .F. ) ;
#3226 = ORIENTED_EDGE ( 'NONE', *, *, #12393, .F. ) ;
#3227 = FACE_OUTER_BOUND ( 'NONE', #11912, .T. ) ;
#3228 = DIRECTION ( 'NONE',  ( 0.000000000000000000, 0.000000000000000000, 1.000000000000000000 ) ) ;
#3229 = VECTOR ( 'NONE', #7654, 1000.000000000000000 ) ;
#3230 =( LENGTH_UNIT ( ) NAMED_UNIT ( * ) SI_UNIT ( .MILLI., .METRE. ) );
#3231 = DIRECTION ( 'NONE',  ( 0.7071067811865462405, -0.7071067811865489050, 0.000000000000000000 ) ) ;
#3232 = CARTESIAN_POINT ( 'NONE',  ( -3.810000000000000941, 0.000000000000000000, 2.539999999999999147 ) ) ;
#3233 = DIRECTION ( 'NONE',  ( -0.000000000000000000, 1.000000000000000000, 1.733406087350420004E-16 ) ) ;
#3234 = VECTOR ( 'NONE', #995, 1000.000000000000000 ) ;
#3235 = CARTESIAN_POINT ( 'NONE',  ( 6.350000000000001421, 0.5080000000000006732, -2.022881810244994583 ) ) ;
#3236 = ORIENTED_EDGE ( 'NONE', *, *, #922, .F. ) ;
#3237 = VERTEX_POINT ( 'NONE', #9349 ) ;
#3238 = VECTOR ( 'NONE', #3382, 1000.000000000000000 ) ;
#3239 = ORIENTED_EDGE ( 'NONE', *, *, #91, .T. ) ;
#3240 = LINE ( 'NONE', #6240, #5782 ) ;
#3241 = EDGE_CURVE ( 'NONE', #11093, #6599, #9606, .T. ) ;
#3242 = VECTOR ( 'NONE', #7602, 1000.000000000000000 ) ;
#3243 = EDGE_LOOP ( 'NONE', ( #11786, #3510, #9974, #6568 ) ) ;
#3244 = VECTOR ( 'NONE', #8514, 1000.000000000000000 ) ;
#3245 = PRODUCT_DEFINITION_SHAPE ( 'NONE', 'NONE',  #12894 ) ;
#3246 = VECTOR ( 'NONE', #9500, 1000.000000000000000 ) ;
#3247 = LINE ( 'NONE', #7228, #5241 ) ;
#3248 = EDGE_CURVE ( 'NONE', #10295, #7061, #1657, .T. ) ;
#3249 = CARTESIAN_POINT ( 'NONE',  ( -11.42999999999999972, 0.5080000000000000071, 2.022881810244992806 ) ) ;
#3250 = LINE ( 'NONE', #8144, #6425 ) ;
#3251 = FACE_OUTER_BOUND ( 'NONE', #3802, .T. ) ;
#3252 = CARTESIAN_POINT ( 'NONE',  ( 19.05000000000000071, 0.000000000000000000, 2.539999999999999147 ) ) ;
#3253 = LINE ( 'NONE', #3384, #5434 ) ;
#3254 = CARTESIAN_POINT ( 'NONE',  ( -19.05000000000000071, 0.5080000000000000071, 2.022881810244992806 ) ) ;
#3255 = ORIENTED_EDGE ( 'NONE', *, *, #5851, .F. ) ;
#3256 = ORIENTED_EDGE ( 'NONE', *, *, #11671, .F. ) ;
#3257 = PRESENTATION_STYLE_ASSIGNMENT (( #10365 ) ) ;
#3258 = VECTOR ( 'NONE', #12306, 1000.000000000000000 ) ;
#3259 = DIRECTION ( 'NONE',  ( 0.000000000000000000, -1.000000000000000000, -3.058038798877906014E-16 ) ) ;
#3260 = ORIENTED_EDGE ( 'NONE', *, *, #6165, .F. ) ;
#3261 = EDGE_LOOP ( 'NONE', ( #1465, #1721, #7097, #3546, #9337, #3424, #2580, #1089 ) ) ;
#3262 = ADVANCED_FACE ( 'NONE', ( #7315 ), #533, .F. ) ;
#3263 = ORIENTED_EDGE ( 'NONE', *, *, #6242, .T. ) ;
#3264 = ADVANCED_FACE ( 'NONE', ( #8626 ), #11282, .F. ) ;
#3265 = VECTOR ( 'NONE', #4895, 1000.000000000000000 ) ;
#3266 = CARTESIAN_POINT ( 'NONE',  ( 0.3810000000000000053, -3.200400000000000134, -1.066800000000000415 ) ) ;
#3267 = FACE_OUTER_BOUND ( 'NONE', #11284, .T. ) ;
#3268 = CARTESIAN_POINT ( 'NONE',  ( 19.30400000000000205, 4.336808689942017736E-16, -2.159000000000001140 ) ) ;
#3269 = FACE_OUTER_BOUND ( 'NONE', #1670, .T. ) ;
#3270 = ORIENTED_EDGE ( 'NONE', *, *, #8935, .T. ) ;
#3271 = VECTOR ( 'NONE', #2411, 1000.000000000000000 ) ;
#3272 = LINE ( 'NONE', #7007, #9298 ) ;
#3273 = PLANE ( 'NONE',  #2350 ) ;
#3274 = ORIENTED_EDGE ( 'NONE', *, *, #7621, .T. ) ;
#3275 = CARTESIAN_POINT ( 'NONE',  ( 3.810000000000000941, 8.509000000000000341, -2.540000000000001812 ) ) ;
#3276 = ADVANCED_FACE ( 'NONE', ( #6540, #10503, #1587 ), #6738, .F. ) ;
#3277 = VECTOR ( 'NONE', #9387, 1000.000000000000000 ) ;
#3278 = LINE ( 'NONE', #9415, #12567 ) ;
#3279 = ORIENTED_EDGE ( 'NONE', *, *, #2987, .F. ) ;
#3280 = ADVANCED_FACE ( 'NONE', ( #1901 ), #933, .F. ) ;
#3281 = AXIS2_PLACEMENT_3D ( 'NONE', #6319, #9257, #3594 ) ;
#3282 = LINE ( 'NONE', #9355, #6998 ) ;
#3283 = SURFACE_SIDE_STYLE ('',( #1391 ) ) ;
#3284 = VECTOR ( 'NONE', #8071, 1000.000000000000000 ) ;
#3285 = CARTESIAN_POINT ( 'NONE',  ( 1.714500000000000801, 8.509000000000000341, -2.540000000000001812 ) ) ;
#3286 = CARTESIAN_POINT ( 'NONE',  ( 17.39900000000000091, 7.239000000000000767, 0.8889999999999997904 ) ) ;
#3287 = CARTESIAN_POINT ( 'NONE',  ( 19.30400000000000205, 8.509000000000000341, 2.540000000000001812 ) ) ;
#3288 = LINE ( 'NONE', #99, #904 ) ;
#3289 = ORIENTED_EDGE ( 'NONE', *, *, #4301, .F. ) ;
#3290 = ORIENTED_EDGE ( 'NONE', *, *, #8629, .T. ) ;
#3291 = VERTEX_POINT ( 'NONE', #998 ) ;
#3292 = CARTESIAN_POINT ( 'NONE',  ( -11.42999999999999972, 0.000000000000000000, 2.539999999999999147 ) ) ;
#3293 = EDGE_CURVE ( 'NONE', #7398, #12286, #6863, .T. ) ;
#3294 = VECTOR ( 'NONE', #12316, 1000.000000000000000 ) ;
#3295 = ORIENTED_EDGE ( 'NONE', *, *, #4598, .T. ) ;
#3296 = DIRECTION ( 'NONE',  ( 0.000000000000000000, -1.607907343367028359E-16, 1.000000000000000000 ) ) ;
#3297 = EDGE_CURVE ( 'NONE', #10266, #8097, #10697, .T. ) ;
#3298 = LINE ( 'NONE', #490, #166 ) ;
#3299 = ADVANCED_FACE ( 'NONE', ( #7906 ), #11801, .F. ) ;
#3300 = FILL_AREA_STYLE_COLOUR ( '', #9354 ) ;
#3301 = CARTESIAN_POINT ( 'NONE',  ( -9.334499999999996689, 8.509000000000000341, 0.4444999999999970086 ) ) ;
#3302 = CARTESIAN_POINT ( 'NONE',  ( 13.97000000000000064, 0.000000000000000000, 2.539999999999999147 ) ) ;
#3303 = ADVANCED_FACE ( 'NONE', ( #5695 ), #735, .F. ) ;
#3304 = DIRECTION ( 'NONE',  ( 0.000000000000000000, 2.923638691849597351E-16, 1.000000000000000000 ) ) ;
#3305 =( REPRESENTATION_RELATIONSHIP ('NONE','NONE', #12679, #10636 ) REPRESENTATION_RELATIONSHIP_WITH_TRANSFORMATION ( #10128 )SHAPE_REPRESENTATION_RELATIONSHIP( ) );
#3306 = EDGE_CURVE ( 'NONE', #3219, #10568, #7650, .T. ) ;
#3307 = CARTESIAN_POINT ( 'NONE',  ( 16.51000000000000156, 8.509000000000000341, -2.540000000000001812 ) ) ;
#3308 = ORIENTED_EDGE ( 'NONE', *, *, #6651, .T. ) ;
#3309 = ORIENTED_EDGE ( 'NONE', *, *, #10845, .F. ) ;
#3310 = ADVANCED_FACE ( 'NONE', ( #5881 ), #9864, .F. ) ;
#3311 = ORIENTED_EDGE ( 'NONE', *, *, #12064, .F. ) ;
#3312 = CARTESIAN_POINT ( 'NONE',  ( 11.43000000000000327, 0.5080000000000006732, -2.022881810244994583 ) ) ;
#3313 = EDGE_CURVE ( 'NONE', #11117, #7982, #12845, .T. ) ;
#3314 = ORIENTED_EDGE ( 'NONE', *, *, #8165, .F. ) ;
#3315 = VECTOR ( 'NONE', #6905, 1000.000000000000000 ) ;
#3316 = EDGE_CURVE ( 'NONE', #5311, #2182, #9733, .T. ) ;
#3317 = LINE ( 'NONE', #12038, #3153 ) ;
#3318 = DIRECTION ( 'NONE',  ( 0.000000000000000000, -0.000000000000000000, -1.000000000000000000 ) ) ;
#3319 = LINE ( 'NONE', #5271, #571 ) ;
#3320 = LINE ( 'NONE', #7428, #12031 ) ;
#3321 = LINE ( 'NONE', #12298, #6159 ) ;
#3322 = CARTESIAN_POINT ( 'NONE',  ( -5.460999999999998522, 7.239000000000000767, 1.650999999999999801 ) ) ;
#3323 = ADVANCED_FACE ( 'NONE', ( #2691 ), #10633, .F. ) ;
#3324 = DIRECTION ( 'NONE',  ( 0.000000000000000000, 0.000000000000000000, 1.000000000000000000 ) ) ;
#3325 = PLANE ( 'NONE',  #11977 ) ;
#3326 = ORIENTED_EDGE ( 'NONE', *, *, #657, .F. ) ;
#3327 = VERTEX_POINT ( 'NONE', #4725 ) ;
#3328 = FACE_OUTER_BOUND ( 'NONE', #1023, .T. ) ;
#3329 = LINE ( 'NONE', #10555, #1007 ) ;
#3330 = ORIENTED_EDGE ( 'NONE', *, *, #5749, .T. ) ;
#3331 = VERTEX_POINT ( 'NONE', #6799 ) ;
#3332 = ORIENTED_EDGE ( 'NONE', *, *, #12703, .T. ) ;
#3333 = LINE ( 'NONE', #5164, #4535 ) ;
#3334 = LINE ( 'NONE', #9199, #7245 ) ;
#3335 = EDGE_CURVE ( 'NONE', #7299, #11492, #7778, .T. ) ;
#3336 = DIRECTION ( 'NONE',  ( -1.000000000000000000, -0.000000000000000000, -0.000000000000000000 ) ) ;
#3337 = DIRECTION ( 'NONE',  ( 0.000000000000000000, 0.000000000000000000, -1.000000000000000000 ) ) ;
#3338 = VERTEX_POINT ( 'NONE', #6924 ) ;
#3339 = SURFACE_SIDE_STYLE ('',( #4590 ) ) ;
#3340 = DIRECTION ( 'NONE',  ( -0.000000000000000000, 0.000000000000000000, 1.000000000000000000 ) ) ;
#3341 = ORIENTED_EDGE ( 'NONE', *, *, #8276, .F. ) ;
#3342 = DIRECTION ( 'NONE',  ( -0.5773502691896272854, -0.5773502691896250649, -0.5773502691896250649 ) ) ;
#3343 =( GEOMETRIC_REPRESENTATION_CONTEXT ( 3 ) GLOBAL_UNCERTAINTY_ASSIGNED_CONTEXT ( ( #6327 ) ) GLOBAL_UNIT_ASSIGNED_CONTEXT ( ( #4182, #5166, #10432 ) ) REPRESENTATION_CONTEXT ( 'NONE', 'WORKASPACE' ) );
#3344 = LINE ( 'NONE', #6274, #9509 ) ;
#3345 = ORIENTED_EDGE ( 'NONE', *, *, #9701, .F. ) ;
#3346 = PLANE ( 'NONE',  #5318 ) ;
#3347 = FILL_AREA_STYLE_COLOUR ( '', #11714 ) ;
#3348 = DIRECTION ( 'NONE',  ( 0.000000000000000000, -0.000000000000000000, -1.000000000000000000 ) ) ;
#3349 = LINE ( 'NONE', #681, #10646 ) ;
#3350 = CARTESIAN_POINT ( 'NONE',  ( 2.159000000000001140, 7.239000000000000767, 1.650999999999999801 ) ) ;
#3351 = DIRECTION ( 'NONE',  ( -0.000000000000000000, 0.2588190451025140781, 0.9659258262890700886 ) ) ;
#3352 = VERTEX_POINT ( 'NONE', #2746 ) ;
#3353 = VERTEX_POINT ( 'NONE', #9925 ) ;
#3354 = ORIENTED_EDGE ( 'NONE', *, *, #9683, .T. ) ;
#3355 = EDGE_CURVE ( 'NONE', #4597, #1887, #6679, .T. ) ;
#3356 = PLANE ( 'NONE',  #9338 ) ;
#3357 = ORIENTED_EDGE ( 'NONE', *, *, #10412, .F. ) ;
#3358 = VERTEX_POINT ( 'NONE', #10827 ) ;
#3359 = VECTOR ( 'NONE', #7662, 999.9999999999998863 ) ;
#3360 = CARTESIAN_POINT ( 'NONE',  ( -1.714500000000000801, 8.509000000000000341, -0.4444999999999983409 ) ) ;
#3361 = CARTESIAN_POINT ( 'NONE',  ( -1.714500000000000801, 8.509000000000000341, -2.095500000000001695 ) ) ;
#3362 = DIRECTION ( 'NONE',  ( 1.000000000000000000, 0.000000000000000000, 0.000000000000000000 ) ) ;
#3363 = CARTESIAN_POINT ( 'NONE',  ( -8.000999999999999446, 7.239000000000000767, -1.651000000000000023 ) ) ;
#3364 = CARTESIAN_POINT ( 'NONE',  ( 12.31900000000000084, 8.064500000000002444, -1.650999999999999801 ) ) ;
#3365 = LINE ( 'NONE', #8134, #4015 ) ;
#3366 = DIRECTION ( 'NONE',  ( 0.000000000000000000, 1.000000000000000000, 1.733406087350420004E-16 ) ) ;
#3367 = ORIENTED_EDGE ( 'NONE', *, *, #11214, .F. ) ;
#3368 = ORIENTED_EDGE ( 'NONE', *, *, #5856, .F. ) ;
#3369 = ORIENTED_EDGE ( 'NONE', *, *, #7586, .F. ) ;
#3370 = AXIS2_PLACEMENT_3D ( 'NONE', #1854, #11872, #2893 ) ;
#3371 = CARTESIAN_POINT ( 'NONE',  ( -15.62099999999999866, 7.239000000000000767, -0.8890000000000001235 ) ) ;
#3372 = VECTOR ( 'NONE', #7162, 1000.000000000000000 ) ;
#3373 = ORIENTED_EDGE ( 'NONE', *, *, #7364, .T. ) ;
#3374 = EDGE_CURVE ( 'NONE', #1623, #2852, #1715, .T. ) ;
#3375 = DIRECTION ( 'NONE',  ( 0.000000000000000000, -1.000000000000000000, -1.733406087350420004E-16 ) ) ;
#3376 = FACE_BOUND ( 'NONE', #46, .T. ) ;
#3377 = VECTOR ( 'NONE', #3113, 1000.000000000000000 ) ;
#3378 = EDGE_CURVE ( 'NONE', #3106, #3102, #8755, .T. ) ;
#3379 = LINE ( 'NONE', #5205, #1823 ) ;
#3380 = AXIS2_PLACEMENT_3D ( 'NONE', #582, #7497, #6449 ) ;
#3381 = CARTESIAN_POINT ( 'NONE',  ( 14.85899999999999999, 7.239000000000000767, 1.650999999999999801 ) ) ;
#3382 = DIRECTION ( 'NONE',  ( -0.000000000000000000, 1.000000000000000000, 1.733406087350420004E-16 ) ) ;
#3383 = CARTESIAN_POINT ( 'NONE',  ( 9.779000000000003467, 7.239000000000000767, -1.651000000000000023 ) ) ;
#3384 = CARTESIAN_POINT ( 'NONE',  ( -11.42999999999999972, 6.505213034913026604E-16, -2.540000000000000924 ) ) ;
#3385 = LINE ( 'NONE', #4686, #532 ) ;
#3386 = ORIENTED_EDGE ( 'NONE', *, *, #7915, .T. ) ;
#3387 = EDGE_LOOP ( 'NONE', ( #119, #10201, #4894, #2083 ) ) ;
#3388 = FACE_OUTER_BOUND ( 'NONE', #10352, .T. ) ;
#3389 = VECTOR ( 'NONE', #1339, 1000.000000000000000 ) ;
#3390 = CARTESIAN_POINT ( 'NONE',  ( -14.41450000000000031, 8.509000000000000341, -2.540000000000001812 ) ) ;
#3391 = VERTEX_POINT ( 'NONE', #3862 ) ;
#3392 = ORIENTED_EDGE ( 'NONE', *, *, #3530, .F. ) ;
#3393 = EDGE_CURVE ( 'NONE', #2735, #3986, #7173, .T. ) ;
#3394 = VECTOR ( 'NONE', #10727, 1000.000000000000000 ) ;
#3395 = ADVANCED_FACE ( 'NONE', ( #8951 ), #4171, .T. ) ;
#3396 = VERTEX_POINT ( 'NONE', #9070 ) ;
#3397 = VECTOR ( 'NONE', #10187, 999.9999999999998863 ) ;
#3398 = DIRECTION ( 'NONE',  ( 1.000000000000000000, 0.000000000000000000, 0.000000000000000000 ) ) ;
#3399 = VECTOR ( 'NONE', #3435, 1000.000000000000000 ) ;
#3400 = LINE ( 'NONE', #10624, #3294 ) ;
#3401 = FILL_AREA_STYLE_COLOUR ( '', #7090 ) ;
#3402 = AXIS2_PLACEMENT_3D ( 'NONE', #12858, #1979, #946 ) ;
#3403 = DIRECTION ( 'NONE',  ( 0.000000000000000000, 1.733406087350420004E-16, -1.000000000000000000 ) ) ;
#3404 = DIRECTION ( 'NONE',  ( -1.000000000000000000, -0.000000000000000000, -0.000000000000000000 ) ) ;
#3405 = ORIENTED_EDGE ( 'NONE', *, *, #4874, .T. ) ;
#3406 = LINE ( 'NONE', #6334, #135 ) ;
#3407 = CARTESIAN_POINT ( 'NONE',  ( -10.98550000000000360, 8.509000000000000341, -2.540000000000001812 ) ) ;
#3408 = VERTEX_POINT ( 'NONE', #6254 ) ;
#3409 = LINE ( 'NONE', #12392, #1000 ) ;
#3410 = EDGE_CURVE ( 'NONE', #12320, #4597, #4051, .T. ) ;
#3411 = CARTESIAN_POINT ( 'NONE',  ( -14.85899999999999999, 7.239000000000000767, 1.650999999999999801 ) ) ;
#3412 = ORIENTED_EDGE ( 'NONE', *, *, #8896, .T. ) ;
#3413 = DIRECTION ( 'NONE',  ( -0.000000000000000000, 1.000000000000000000, 1.733406087350420004E-16 ) ) ;
#3414 = EDGE_CURVE ( 'NONE', #10016, #903, #11989, .T. ) ;
#3415 = DIRECTION ( 'NONE',  ( -0.000000000000000000, 1.000000000000000000, 1.733406087350420004E-16 ) ) ;
#3416 = VECTOR ( 'NONE', #486, 1000.000000000000000 ) ;
#3417 = DIRECTION ( 'NONE',  ( -0.7071067811865462405, -0.7071067811865489050, 0.000000000000000000 ) ) ;
#3418 = PLANE ( 'NONE',  #11062 ) ;
#3419 = VECTOR ( 'NONE', #5502, 1000.000000000000000 ) ;
#3420 = CARTESIAN_POINT ( 'NONE',  ( -0.3810000000000000053, -2.692399999999994797, -0.000000000000000000 ) ) ;
#3421 = PLANE ( 'NONE',  #4657 ) ;
#3422 = EDGE_LOOP ( 'NONE', ( #585, #5053, #3341, #204 ) ) ;
#3423 = VERTEX_POINT ( 'NONE', #76 ) ;
#3424 = ORIENTED_EDGE ( 'NONE', *, *, #543, .F. ) ;
#3425 = DIRECTION ( 'NONE',  ( 0.000000000000000000, 3.058038798877906014E-16, -1.000000000000000000 ) ) ;
#3426 = VERTEX_POINT ( 'NONE', #5216 ) ;
#3427 = VERTEX_POINT ( 'NONE', #2278 ) ;
#3428 = LINE ( 'NONE', #9496, #7408 ) ;
#3429 = DIRECTION ( 'NONE',  ( 0.000000000000000000, 0.2588190451025139671, -0.9659258262890700886 ) ) ;
#3430 = ADVANCED_FACE ( 'NONE', ( #7969 ), #10230, .F. ) ;
#3431 = DIRECTION ( 'NONE',  ( 1.000000000000000000, 0.000000000000000000, 0.000000000000000000 ) ) ;
#3432 = DIRECTION ( 'NONE',  ( -0.000000000000000000, 0.000000000000000000, -1.000000000000000000 ) ) ;
#3433 = CARTESIAN_POINT ( 'NONE',  ( 13.97000000000000064, 0.000000000000000000, 2.539999999999999147 ) ) ;
#3434 = ORIENTED_EDGE ( 'NONE', *, *, #11291, .T. ) ;
#3435 = DIRECTION ( 'NONE',  ( 1.000000000000000000, 0.000000000000000000, 0.000000000000000000 ) ) ;
#3436 = VECTOR ( 'NONE', #1921, 1000.000000000000000 ) ;
#3437 = CARTESIAN_POINT ( 'NONE',  ( 16.51000000000000156, 8.509000000000000341, 2.540000000000001812 ) ) ;
#3438 = ORIENTED_EDGE ( 'NONE', *, *, #9668, .T. ) ;
#3439 = ORIENTED_EDGE ( 'NONE', *, *, #6993, .T. ) ;
#3440 = ORIENTED_EDGE ( 'NONE', *, *, #843, .T. ) ;
#3441 = DIRECTION ( 'NONE',  ( 0.000000000000000000, -0.7071067811865475727, 0.7071067811865475727 ) ) ;
#3442 = AXIS2_PLACEMENT_3D ( 'NONE', #529, #11406, #9268 ) ;
#3443 = ADVANCED_FACE ( 'NONE', ( #11928 ), #9131, .F. ) ;
#3444 = ORIENTED_EDGE ( 'NONE', *, *, #6084, .F. ) ;
#3445 = AXIS2_PLACEMENT_3D ( 'NONE', #2218, #7492, #6071 ) ;
#3446 = CARTESIAN_POINT ( 'NONE',  ( 8.890000000000002345, 0.5080000000000000071, 2.022881810244992806 ) ) ;
#3447 = CARTESIAN_POINT ( 'NONE',  ( -11.87449999999999939, 8.509000000000000341, -2.540000000000001812 ) ) ;
#3448 = PLANE ( 'NONE',  #8504 ) ;
#3450 = LINE ( 'NONE', #9586, #10654 ) ;
#3449 = AXIS2_PLACEMENT_3D ( 'NONE', #10661, #3828, #3954 ) ;
#3451 = CARTESIAN_POINT ( 'NONE',  ( -3.810000000000000941, 4.336808689942017736E-16, -2.159000000000001140 ) ) ;
#3452 = CARTESIAN_POINT ( 'NONE',  ( -18.16100000000000136, 7.239000000000000767, -1.651000000000000023 ) ) ;
#3453 = DIRECTION ( 'NONE',  ( 0.000000000000000000, 0.000000000000000000, -1.000000000000000000 ) ) ;
#3454 = DIRECTION ( 'NONE',  ( 0.000000000000000000, 2.251701056906096594E-16, 1.000000000000000000 ) ) ;
#3455 = LINE ( 'NONE', #701, #11562 ) ;
#3456 = VERTEX_POINT ( 'NONE', #1296 ) ;
#3457 = ORIENTED_EDGE ( 'NONE', *, *, #208, .T. ) ;
#3458 = DIRECTION ( 'NONE',  ( 0.000000000000000000, 0.000000000000000000, 1.000000000000000000 ) ) ;
#3459 = AXIS2_PLACEMENT_3D ( 'NONE', #4612, #6824, #5840 ) ;
#3460 = DIRECTION ( 'NONE',  ( -1.000000000000000000, -0.000000000000000000, -0.000000000000000000 ) ) ;
#3461 = ORIENTED_EDGE ( 'NONE', *, *, #8455, .F. ) ;
#3462 = ORIENTED_EDGE ( 'NONE', *, *, #6328, .F. ) ;
#3463 = ADVANCED_FACE ( 'NONE', ( #6991 ), #1120, .F. ) ;
#3464 = VECTOR ( 'NONE', #129, 1000.000000000000114 ) ;
#3465 = ORIENTED_EDGE ( 'NONE', *, *, #4993, .F. ) ;
#3466 = AXIS2_PLACEMENT_3D ( 'NONE', #8177, #12133, #7194 ) ;
#3467 = LINE ( 'NONE', #5623, #2035 ) ;
#3468 = DIRECTION ( 'NONE',  ( -0.000000000000000000, 0.000000000000000000, -1.000000000000000000 ) ) ;
#3469 = ADVANCED_FACE ( 'NONE', ( #11135 ), #2030, .T. ) ;
#3470 = EDGE_CURVE ( 'NONE', #3114, #2195, #4113, .T. ) ;
#3471 = FILL_AREA_STYLE ('',( #3401 ) ) ;
#3472 = DIRECTION ( 'NONE',  ( 0.000000000000000000, 0.000000000000000000, -1.000000000000000000 ) ) ;
#3473 = DIRECTION ( 'NONE',  ( -0.000000000000000000, 1.000000000000000000, 1.733406087350420004E-16 ) ) ;
#3474 = ORIENTED_EDGE ( 'NONE', *, *, #4806, .T. ) ;
#3475 = CARTESIAN_POINT ( 'NONE',  ( 0.3810000000000000053, 0.5079999999999997851, -1.473200000000000953 ) ) ;
#3476 = PLANE ( 'NONE',  #2561 ) ;
#3477 = EDGE_CURVE ( 'NONE', #6669, #7109, #8096, .T. ) ;
#3478 = VERTEX_POINT ( 'NONE', #250 ) ;
#3479 = CARTESIAN_POINT ( 'NONE',  ( 14.41450000000000031, 8.509000000000000341, -2.095500000000001695 ) ) ;
#3480 = VECTOR ( 'NONE', #10158, 1000.000000000000000 ) ;
#3481 = EDGE_CURVE ( 'NONE', #3576, #11547, #4237, .T. ) ;
#3482 = COLOUR_RGB ( '',0.2509803921568627416, 0.2509803921568627416, 0.2509803921568627416 ) ;
#3483 = DIRECTION ( 'NONE',  ( 0.000000000000000000, -1.607907343367028359E-16, 1.000000000000000000 ) ) ;
#3484 = ORIENTED_EDGE ( 'NONE', *, *, #3581, .T. ) ;
#3485 = CARTESIAN_POINT ( 'NONE',  ( -19.30400000000000205, 8.509000000000000341, -2.540000000000001812 ) ) ;
#3486 = VECTOR ( 'NONE', #12233, 1000.000000000000000 ) ;
#3487 = DIRECTION ( 'NONE',  ( 0.000000000000000000, -0.9659258262890701996, -0.2588190451025140226 ) ) ;
#3488 = CARTESIAN_POINT ( 'NONE',  ( 2.920999999999999819, 8.064499999999998892, 1.650999999999999801 ) ) ;
#3489 = FACE_OUTER_BOUND ( 'NONE', #3071, .T. ) ;
#3490 = EDGE_CURVE ( 'NONE', #9055, #11596, #5158, .T. ) ;
#3491 = DIRECTION ( 'NONE',  ( -1.000000000000000000, 0.000000000000000000, 0.000000000000000000 ) ) ;
#3492 = CARTESIAN_POINT ( 'NONE',  ( 6.794500000000001982, 8.509000000000000341, -2.540000000000001812 ) ) ;
#3493 = VERTEX_POINT ( 'NONE', #5032 ) ;
#3494 = ORIENTED_EDGE ( 'NONE', *, *, #5569, .F. ) ;
#3495 = ORIENTED_EDGE ( 'NONE', *, *, #1088, .T. ) ;
#3496 = CARTESIAN_POINT ( 'NONE',  ( 9.779000000000003467, 7.239000000000000767, 0.8889999999999997904 ) ) ;
#3497 = ORIENTED_EDGE ( 'NONE', *, *, #33, .T. ) ;
#3498 = VECTOR ( 'NONE', #7825, 1000.000000000000000 ) ;
#3499 = ORIENTED_EDGE ( 'NONE', *, *, #8748, .F. ) ;
#3500 = VECTOR ( 'NONE', #12326, 1000.000000000000000 ) ;
#3501 = CARTESIAN_POINT ( 'NONE',  ( -8.890000000000000568, 8.509000000000000341, 2.095500000000002139 ) ) ;
#3502 = CARTESIAN_POINT ( 'NONE',  ( 16.51000000000000156, 8.509000000000000341, -0.4444999999999982854 ) ) ;
#3503 = FACE_OUTER_BOUND ( 'NONE', #6101, .T. ) ;
#3504 = CARTESIAN_POINT ( 'NONE',  ( -15.11300000000000132, 7.810500000000001997, -1.396999999999998021 ) ) ;
#3505 = VERTEX_POINT ( 'NONE', #7111 ) ;
#3506 = CARTESIAN_POINT ( 'NONE',  ( 1.270000000000000240, 0.000000000000000000, 2.539999999999999147 ) ) ;
#3507 = DIRECTION ( 'NONE',  ( -0.5773502691896258421, 0.5773502691896236216, -0.5773502691896278405 ) ) ;
#3508 = ORIENTED_EDGE ( 'NONE', *, *, #11899, .F. ) ;
#3509 = ORIENTED_EDGE ( 'NONE', *, *, #5145, .F. ) ;
#3510 = ORIENTED_EDGE ( 'NONE', *, *, #4874, .F. ) ;
#3511 = DIRECTION ( 'NONE',  ( 0.000000000000000000, -0.000000000000000000, -1.000000000000000000 ) ) ;
#3512 = AXIS2_PLACEMENT_3D ( 'NONE', #2348, #1371, #1649 ) ;
#3513 = EDGE_CURVE ( 'NONE', #1218, #6997, #2096, .T. ) ;
#3514 = VERTEX_POINT ( 'NONE', #12174 ) ;
#3515 = PLANE ( 'NONE',  #3869 ) ;
#3516 = DIRECTION ( 'NONE',  ( 0.000000000000000000, 0.9659258262890700886, -0.2588190451025140781 ) ) ;
#3517 = DIRECTION ( 'NONE',  ( -0.000000000000000000, 0.000000000000000000, 1.000000000000000000 ) ) ;
#3518 = VECTOR ( 'NONE', #1354, 1000.000000000000000 ) ;
#3519 = DIRECTION ( 'NONE',  ( -0.000000000000000000, 1.000000000000000000, 1.733406087350420004E-16 ) ) ;
#3520 = CARTESIAN_POINT ( 'NONE',  ( 7.239000000000002544, 7.239000000000000767, -0.8890000000000001235 ) ) ;
#3521 = CARTESIAN_POINT ( 'NONE',  ( 14.85899999999999999, 8.064499999999998892, 1.650999999999999801 ) ) ;
#3522 = DIRECTION ( 'NONE',  ( 0.5773502691896258421, 0.5773502691896236216, -0.5773502691896278405 ) ) ;
#3523 = LINE ( 'NONE', #10551, #7263 ) ;
#3524 = ORIENTED_EDGE ( 'NONE', *, *, #41, .F. ) ;
#3525 = EDGE_LOOP ( 'NONE', ( #3474, #5393, #9560, #9673 ) ) ;
#3526 = CARTESIAN_POINT ( 'NONE',  ( -17.39900000000000091, 8.064499999999998892, 0.8889999999999999014 ) ) ;
#3527 = LINE ( 'NONE', #1438, #8773 ) ;
#3528 = VERTEX_POINT ( 'NONE', #11078 ) ;
#3529 = ORIENTED_EDGE ( 'NONE', *, *, #8092, .T. ) ;
#3530 = EDGE_CURVE ( 'NONE', #12160, #1057, #2154, .T. ) ;
#3531 = ORIENTED_EDGE ( 'NONE', *, *, #5463, .T. ) ;
#3532 = LINE ( 'NONE', #2547, #8908 ) ;
#3533 = PLANE ( 'NONE',  #11625 ) ;
#3534 = DIRECTION ( 'NONE',  ( 0.000000000000000000, -5.691349986800550837E-16, 1.000000000000000000 ) ) ;
#3535 = CARTESIAN_POINT ( 'NONE',  ( -18.60550000000000281, 8.509000000000000341, 2.095500000000002139 ) ) ;
#3536 = CARTESIAN_POINT ( 'NONE',  ( 16.51000000000000156, -8.578981026812224210E-17, 2.158999999999999364 ) ) ;
#3537 = ADVANCED_FACE ( 'NONE', ( #6191, #2476, #4447 ), #2405, .F. ) ;
#3538 = PLANE ( 'NONE',  #4911 ) ;
#3539 = ORIENTED_EDGE ( 'NONE', *, *, #508, .T. ) ;
#3540 = DIRECTION ( 'NONE',  ( 0.000000000000000000, -1.000000000000000000, 0.000000000000000000 ) ) ;
#3541 = CARTESIAN_POINT ( 'NONE',  ( 9.779000000000003467, 7.239000000000000767, -1.651000000000000023 ) ) ;
#3542 = EDGE_CURVE ( 'NONE', #9596, #4726, #6597, .T. ) ;
#3543 = ORIENTED_EDGE ( 'NONE', *, *, #7460, .F. ) ;
#3544 = CARTESIAN_POINT ( 'NONE',  ( -2.920999999999999819, 8.064499999999998892, 1.650999999999999801 ) ) ;
#3545 = CARTESIAN_POINT ( 'NONE',  ( 16.51000000000000156, 0.5080000000000006732, -2.022881810244994583 ) ) ;
#3546 = ORIENTED_EDGE ( 'NONE', *, *, #4469, .F. ) ;
#3547 = CARTESIAN_POINT ( 'NONE',  ( -15.62099999999999866, 8.064499999999998892, 0.8889999999999999014 ) ) ;
#3548 = EDGE_CURVE ( 'NONE', #4991, #5981, #3527, .T. ) ;
#3549 = ADVANCED_FACE ( 'NONE', ( #10424 ), #7301, .F. ) ;
#3550 = DIRECTION ( 'NONE',  ( 0.000000000000000000, -0.9659258262890701996, -0.2588190451025140226 ) ) ;
#3551 = EDGE_CURVE ( 'NONE', #11957, #8556, #386, .T. ) ;
#3552 = CARTESIAN_POINT ( 'NONE',  ( -18.16100000000000136, 7.239000000000000767, -0.8890000000000001235 ) ) ;
#3553 = CARTESIAN_POINT ( 'NONE',  ( -3.809999999999999165, 0.000000000000000000, 2.539999999999999147 ) ) ;
#3554 = CARTESIAN_POINT ( 'NONE',  ( -6.349999999999999645, -8.578981026812224210E-17, 2.158999999999999364 ) ) ;
#3555 = DIRECTION ( 'NONE',  ( 0.000000000000000000, -0.9659258262890701996, -0.2588190451025140226 ) ) ;
#3556 = ORIENTED_EDGE ( 'NONE', *, *, #2148, .F. ) ;
#3557 = VERTEX_POINT ( 'NONE', #455 ) ;
#3558 = ORIENTED_EDGE ( 'NONE', *, *, #2211, .T. ) ;
#3559 = CARTESIAN_POINT ( 'NONE',  ( 12.31900000000000084, 7.239000000000000767, -0.8890000000000001235 ) ) ;
#3560 = VERTEX_POINT ( 'NONE', #6525 ) ;
#3561 = ADVANCED_FACE ( 'NONE', ( #6388 ), #9528, .F. ) ;
#3562 = ADVANCED_FACE ( 'NONE', ( #5279 ), #516, .F. ) ;
#3563 =( REPRESENTATION_RELATIONSHIP ('NONE','NONE', #12679, #10636 ) REPRESENTATION_RELATIONSHIP_WITH_TRANSFORMATION ( #1928 )SHAPE_REPRESENTATION_RELATIONSHIP( ) );
#3564 = VERTEX_POINT ( 'NONE', #9398 ) ;
#3565 = EDGE_CURVE ( 'NONE', #11155, #8708, #7436, .T. ) ;
#3566 = CARTESIAN_POINT ( 'NONE',  ( -4.698999999999999844, 7.239000000000000767, 1.650999999999999801 ) ) ;
#3567 = CARTESIAN_POINT ( 'NONE',  ( 6.350000000000001421, 4.336808689942017736E-16, -2.159000000000001140 ) ) ;
#3568 = DIRECTION ( 'NONE',  ( 0.000000000000000000, 0.000000000000000000, 1.000000000000000000 ) ) ;
#3569 = DIRECTION ( 'NONE',  ( 1.000000000000000000, 0.000000000000000000, -0.000000000000000000 ) ) ;
#3570 = DIRECTION ( 'NONE',  ( 0.7071067811865462405, -0.7071067811865489050, 0.000000000000000000 ) ) ;
#3571 = ORIENTED_EDGE ( 'NONE', *, *, #4103, .F. ) ;
#3572 = DIRECTION ( 'NONE',  ( -0.000000000000000000, -2.667820306312759283E-16, 1.000000000000000000 ) ) ;
#3573 = LINE ( 'NONE', #7415, #1725 ) ;
#3574 = VERTEX_POINT ( 'NONE', #8288 ) ;
#3575 = EDGE_LOOP ( 'NONE', ( #3438, #1507, #9239, #2354 ) ) ;
#3576 = VERTEX_POINT ( 'NONE', #7568 ) ;
#3577 = DIRECTION ( 'NONE',  ( 1.000000000000000000, 0.000000000000000000, -0.000000000000000000 ) ) ;
#3578 = VECTOR ( 'NONE', #1116, 1000.000000000000000 ) ;
#3579 = VECTOR ( 'NONE', #5387, 1000.000000000000000 ) ;
#3580 = ORIENTED_EDGE ( 'NONE', *, *, #12128, .F. ) ;
#3581 = EDGE_CURVE ( 'NONE', #5201, #8674, #4308, .T. ) ;
#3582 = LINE ( 'NONE', #7557, #7402 ) ;
#3583 = CARTESIAN_POINT ( 'NONE',  ( -14.85899999999999999, 7.239000000000000767, 1.650999999999999801 ) ) ;
#3584 = CARTESIAN_POINT ( 'NONE',  ( -10.03300000000000125, 7.810500000000001997, -1.396999999999998021 ) ) ;
#3585 = LINE ( 'NONE', #2468, #12232 ) ;
#3586 = DIRECTION ( 'NONE',  ( 0.000000000000000000, 0.000000000000000000, 1.000000000000000000 ) ) ;
#3587 = LINE ( 'NONE', #10420, #10256 ) ;
#3588 = EDGE_CURVE ( 'NONE', #9723, #9488, #7368, .T. ) ;
#3589 = CARTESIAN_POINT ( 'NONE',  ( 0.000000000000000000, 7.239000000000000767, -2.201425730935033664E-16 ) ) ;
#3590 = AXIS2_PLACEMENT_3D ( 'NONE', #3756, #7723, #6750 ) ;
#3591 = CLOSED_SHELL ( 'NONE', ( #3537, #7674, #9118, #3299, #2832, #7968, #4205, #4690, #9776, #3768, #391, #9366, #9277, #3105, #10106, #6675, #11973, #11981, #851, #12269, #6892, #2301, #10953, #2459, #9165, #1470, #10059, #9955 ) ) ;
#3592 = ORIENTED_EDGE ( 'NONE', *, *, #1058, .T. ) ;
#3593 = EDGE_LOOP ( 'NONE', ( #7397, #9190, #2282, #12206 ) ) ;
#3594 = DIRECTION ( 'NONE',  ( 0.000000000000000000, 2.667820306312759283E-16, -1.000000000000000000 ) ) ;
#3595 = EDGE_LOOP ( 'NONE', ( #3913, #1999, #10680, #402 ) ) ;
#3596 = ORIENTED_EDGE ( 'NONE', *, *, #1556, .F. ) ;
#3597 = VECTOR ( 'NONE', #5537, 1000.000000000000000 ) ;
#3598 = VECTOR ( 'NONE', #367, 1000.000000000000000 ) ;
#3599 = VECTOR ( 'NONE', #10290, 1000.000000000000000 ) ;
#3600 = ORIENTED_EDGE ( 'NONE', *, *, #12348, .T. ) ;
#3601 = CARTESIAN_POINT ( 'NONE',  ( -19.05000000000000071, 8.509000000000000341, 2.540000000000001812 ) ) ;
#3602 = CARTESIAN_POINT ( 'NONE',  ( -11.42999999999999972, 4.336808689942017736E-16, -2.159000000000001140 ) ) ;
#3603 = DIRECTION ( 'NONE',  ( 0.000000000000000000, 1.733406087350420004E-16, -1.000000000000000000 ) ) ;
#3604 = EDGE_CURVE ( 'NONE', #11968, #818, #12371, .T. ) ;
#3605 = DIRECTION ( 'NONE',  ( -1.000000000000000000, -0.000000000000000000, -0.000000000000000000 ) ) ;
#3606 = PLANE ( 'NONE',  #9902 ) ;
#3607 = ORIENTED_EDGE ( 'NONE', *, *, #12817, .T. ) ;
#3608 = VECTOR ( 'NONE', #3151, 1000.000000000000000 ) ;
#3609 = VECTOR ( 'NONE', #7593, 1000.000000000000000 ) ;
#3610 = LINE ( 'NONE', #4592, #2777 ) ;
#3611 = VECTOR ( 'NONE', #11568, 1000.000000000000000 ) ;
#3612 = VERTEX_POINT ( 'NONE', #5481 ) ;
#3613 = CARTESIAN_POINT ( 'NONE',  ( -16.51000000000000156, -8.578981026812224210E-17, 2.158999999999999364 ) ) ;
#3614 = ORIENTED_EDGE ( 'NONE', *, *, #8864, .T. ) ;
#3615 = MECHANICAL_DESIGN_GEOMETRIC_PRESENTATION_REPRESENTATION (  '', ( #4470 ), #4694 ) ;
#3616 = AXIS2_PLACEMENT_3D ( 'NONE', #3988, #6068, #8154 ) ;
#3617 = DIRECTION ( 'NONE',  ( -1.000000000000000000, 0.000000000000000000, 0.000000000000000000 ) ) ;
#3618 = CARTESIAN_POINT ( 'NONE',  ( 7.239000000000002544, 8.064499999999998892, 0.8889999999999999014 ) ) ;
#3619 = DIRECTION ( 'NONE',  ( 0.5773502691896258421, 0.5773502691896236216, -0.5773502691896278405 ) ) ;
#3620 = PLANE ( 'NONE',  #10234 ) ;
#3621 = LINE ( 'NONE', #11357, #4931 ) ;
#3622 = LINE ( 'NONE', #2702, #3609 ) ;
#3623 = ORIENTED_EDGE ( 'NONE', *, *, #3248, .F. ) ;
#3624 = ORIENTED_EDGE ( 'NONE', *, *, #2739, .F. ) ;
#3625 = ORIENTED_EDGE ( 'NONE', *, *, #4151, .F. ) ;
#3626 = PLANE ( 'NONE',  #289 ) ;
#3627 = VERTEX_POINT ( 'NONE', #11397 ) ;
#3628 = EDGE_CURVE ( 'NONE', #5960, #704, #11328, .T. ) ;
#3629 = EDGE_CURVE ( 'NONE', #3660, #4396, #9462, .T. ) ;
#3630 = ORIENTED_EDGE ( 'NONE', *, *, #1078, .F. ) ;
#3631 = LINE ( 'NONE', #3566, #10109 ) ;
#3632 = CARTESIAN_POINT ( 'NONE',  ( -16.51000000000000156, 0.5080000000000000071, 2.022881810244992806 ) ) ;
#3633 = VECTOR ( 'NONE', #10323, 1000.000000000000000 ) ;
#3634 = DIRECTION ( 'NONE',  ( 0.000000000000000000, 0.000000000000000000, 1.000000000000000000 ) ) ;
#3635 = LINE ( 'NONE', #1476, #2629 ) ;
#3636 = EDGE_CURVE ( 'NONE', #12248, #8446, #3329, .T. ) ;
#3637 = CARTESIAN_POINT ( 'NONE',  ( 8.890000000000002345, 0.5080000000000000071, 2.022881810244992806 ) ) ;
#3638 = EDGE_LOOP ( 'NONE', ( #5222, #2603, #10975, #4148 ) ) ;
#3639 = CARTESIAN_POINT ( 'NONE',  ( -14.85899999999999999, 7.239000000000000767, 1.650999999999999801 ) ) ;
#3640 = ADVANCED_FACE ( 'NONE', ( #10491 ), #11268, .F. ) ;
#3641 = FACE_OUTER_BOUND ( 'NONE', #4381, .T. ) ;
#3642 = VERTEX_POINT ( 'NONE', #5347 ) ;
#3643 = ORIENTED_EDGE ( 'NONE', *, *, #6582, .F. ) ;
#3644 = ORIENTED_EDGE ( 'NONE', *, *, #8153, .T. ) ;
#3645 = DIRECTION ( 'NONE',  ( 0.000000000000000000, 0.000000000000000000, -1.000000000000000000 ) ) ;
#3646 = EDGE_CURVE ( 'NONE', #1399, #10909, #8802, .T. ) ;
#3647 = VECTOR ( 'NONE', #1664, 1000.000000000000000 ) ;
#3648 = ORIENTED_EDGE ( 'NONE', *, *, #11832, .F. ) ;
#3649 = CARTESIAN_POINT ( 'NONE',  ( -11.42999999999999972, 0.000000000000000000, 2.539999999999999147 ) ) ;
#3650 = DIRECTION ( 'NONE',  ( -0.000000000000000000, 0.2588190451025140781, 0.9659258262890700886 ) ) ;
#3651 = CARTESIAN_POINT ( 'NONE',  ( -0.3810000000000000053, -2.692399999999994797, 0.000000000000000000 ) ) ;
#3652 = LINE ( 'NONE', #6657, #11782 ) ;
#3653 = PLANE ( 'NONE',  #1521 ) ;
#3654 = LINE ( 'NONE', #7630, #2693 ) ;
#3655 = VECTOR ( 'NONE', #7523, 1000.000000000000000 ) ;
#3656 = VERTEX_POINT ( 'NONE', #8611 ) ;
#3657 = VERTEX_POINT ( 'NONE', #10815 ) ;
#3658 = ADVANCED_FACE ( 'NONE', ( #8678 ), #6724, .F. ) ;
#3659 = CARTESIAN_POINT ( 'NONE',  ( -19.30400000000000205, 6.505213034913026604E-16, -2.540000000000000924 ) ) ;
#3660 = VERTEX_POINT ( 'NONE', #2675 ) ;
#3661 = ORIENTED_EDGE ( 'NONE', *, *, #12632, .F. ) ;
#3662 = VECTOR ( 'NONE', #4053, 1000.000000000000000 ) ;
#3663 = ADVANCED_FACE ( 'NONE', ( #5866 ), #5619, .F. ) ;
#3664 = AXIS2_PLACEMENT_3D ( 'NONE', #10582, #9616, #680 ) ;
#3665 = ORIENTED_EDGE ( 'NONE', *, *, #676, .T. ) ;
#3666 = CARTESIAN_POINT ( 'NONE',  ( -16.95449999999999591, 8.509000000000000341, 0.4444999999999970086 ) ) ;
#3667 = CARTESIAN_POINT ( 'NONE',  ( -2.920999999999999819, 8.064500000000002444, -0.8890000000000000124 ) ) ;
#3668 = PLANE ( 'NONE',  #1101 ) ;
#3669 = PLANE ( 'NONE',  #12073 ) ;
#3670 = VECTOR ( 'NONE', #5969, 1000.000000000000114 ) ;
#3671 = LINE ( 'NONE', #3743, #954 ) ;
#3672 = ORIENTED_EDGE ( 'NONE', *, *, #147, .T. ) ;
#3673 = CARTESIAN_POINT ( 'NONE',  ( -17.39900000000000091, 8.064500000000002444, -0.8890000000000001235 ) ) ;
#3674 = VECTOR ( 'NONE', #5305, 1000.000000000000000 ) ;
#3675 = CARTESIAN_POINT ( 'NONE',  ( 16.51000000000000156, -8.578981026812224210E-17, 2.158999999999999364 ) ) ;
#3676 = EDGE_LOOP ( 'NONE', ( #8861, #1319, #5479, #10363 ) ) ;
#3677 = AXIS2_PLACEMENT_3D ( 'NONE', #10807, #9836, #9899 ) ;
#3678 = ADVANCED_FACE ( 'NONE', ( #11661 ), #6664, .F. ) ;
#3679 = VECTOR ( 'NONE', #4809, 1000.000000000000000 ) ;
#3680 = CARTESIAN_POINT ( 'NONE',  ( -19.30400000000000205, 0.5080000000000000071, 2.022881810244992806 ) ) ;
#3681 = ORIENTED_EDGE ( 'NONE', *, *, #5169, .F. ) ;
#3682 = VECTOR ( 'NONE', #1071, 1000.000000000000000 ) ;
#3683 = FACE_OUTER_BOUND ( 'NONE', #3949, .T. ) ;
#3684 = VECTOR ( 'NONE', #4140, 1000.000000000000000 ) ;
#3685 = DIRECTION ( 'NONE',  ( 0.000000000000000000, 1.733406087350420004E-16, -1.000000000000000000 ) ) ;
#3686 = DIRECTION ( 'NONE',  ( 0.000000000000000000, -0.7071067811865475727, 0.7071067811865475727 ) ) ;
#3687 = CARTESIAN_POINT ( 'NONE',  ( -12.31900000000000084, 7.239000000000000767, -0.8890000000000001235 ) ) ;
#3688 = VECTOR ( 'NONE', #3617, 1000.000000000000000 ) ;
#3689 = PLANE ( 'NONE',  #11988 ) ;
#3690 = CARTESIAN_POINT ( 'NONE',  ( -11.87449999999999584, 8.509000000000000341, 2.095500000000002139 ) ) ;
#3691 = EDGE_LOOP ( 'NONE', ( #2442, #4803, #5894, #4131 ) ) ;
#3692 = VERTEX_POINT ( 'NONE', #12639 ) ;
#3693 = VERTEX_POINT ( 'NONE', #4642 ) ;
#3694 = FACE_OUTER_BOUND ( 'NONE', #300, .T. ) ;
#3695 = AXIS2_PLACEMENT_3D ( 'NONE', #2212, #8095, #8029 ) ;
#3696 = EDGE_CURVE ( 'NONE', #11621, #11910, #7893, .T. ) ;
#3697 = ORIENTED_EDGE ( 'NONE', *, *, #7929, .T. ) ;
#3698 = DIRECTION ( 'NONE',  ( 0.7071067811865462405, -0.7071067811865489050, 0.000000000000000000 ) ) ;
#3699 =( GEOMETRIC_REPRESENTATION_CONTEXT ( 3 ) GLOBAL_UNCERTAINTY_ASSIGNED_CONTEXT ( ( #7787 ) ) GLOBAL_UNIT_ASSIGNED_CONTEXT ( ( #10411, #9242, #12426 ) ) REPRESENTATION_CONTEXT ( 'NONE', 'WORKASPACE' ) );
#3700 = DIRECTION ( 'NONE',  ( 0.000000000000000000, 0.000000000000000000, 1.000000000000000000 ) ) ;
#3701 = LINE ( 'NONE', #956, #1345 ) ;
#3702 = LINE ( 'NONE', #10531, #3173 ) ;
#3703 = EDGE_LOOP ( 'NONE', ( #7069, #2069, #5282, #5696 ) ) ;
#3704 = DIRECTION ( 'NONE',  ( 0.000000000000000000, 0.000000000000000000, -1.000000000000000000 ) ) ;
#3705 = EDGE_CURVE ( 'NONE', #8002, #1986, #3787, .T. ) ;
#3706 = DIRECTION ( 'NONE',  ( 0.000000000000000000, -0.000000000000000000, -1.000000000000000000 ) ) ;
#3707 = ORIENTED_EDGE ( 'NONE', *, *, #12384, .T. ) ;
#3708 = ORIENTED_EDGE ( 'NONE', *, *, #126, .F. ) ;
#3709 = ORIENTED_EDGE ( 'NONE', *, *, #10693, .F. ) ;
#3710 = FACE_OUTER_BOUND ( 'NONE', #2610, .T. ) ;
#3711 = AXIS2_PLACEMENT_3D ( 'NONE', #11535, #12379, #1512 ) ;
#3712 = EDGE_CURVE ( 'NONE', #11798, #8743, #11790, .T. ) ;
#3713 = VECTOR ( 'NONE', #2425, 1000.000000000000000 ) ;
#3714 = ADVANCED_FACE ( 'NONE', ( #9782 ), #10684, .F. ) ;
#3715 = EDGE_LOOP ( 'NONE', ( #11515, #8401, #198, #6198 ) ) ;
#3716 = EDGE_CURVE ( 'NONE', #7876, #3338, #7635, .T. ) ;
#3717 = DIRECTION ( 'NONE',  ( 0.000000000000000000, -1.607907343367028359E-16, 1.000000000000000000 ) ) ;
#3718 = DIRECTION ( 'NONE',  ( 0.000000000000000000, 5.691349986800550837E-16, -1.000000000000000000 ) ) ;
#3719 = EDGE_CURVE ( 'NONE', #11581, #9361, #5679, .T. ) ;
#3720 = CARTESIAN_POINT ( 'NONE',  ( -10.98550000000000004, 8.509000000000000341, -0.4444999999999983409 ) ) ;
#3721 = ADVANCED_FACE ( 'NONE', ( #1641 ), #8865, .F. ) ;
#3722 = CARTESIAN_POINT ( 'NONE',  ( 4.699000000000001620, 8.064499999999998892, 1.651000000000000023 ) ) ;
#3723 = PLANE ( 'NONE',  #5758 ) ;
#3724 = DIRECTION ( 'NONE',  ( -1.000000000000000000, 0.000000000000000000, -0.000000000000000000 ) ) ;
#3725 = CARTESIAN_POINT ( 'NONE',  ( -8.890000000000000568, 8.509000000000000341, 2.540000000000001812 ) ) ;
#3726 = VECTOR ( 'NONE', #1006, 1000.000000000000114 ) ;
#3727 = ADVANCED_FACE ( 'NONE', ( #5741 ), #8742, .F. ) ;
#3728 = CARTESIAN_POINT ( 'NONE',  ( 14.85899999999999999, 8.064500000000002444, -0.8890000000000001235 ) ) ;
#3729 = ORIENTED_EDGE ( 'NONE', *, *, #11108, .F. ) ;
#3730 = ORIENTED_EDGE ( 'NONE', *, *, #9687, .F. ) ;
#3731 = CARTESIAN_POINT ( 'NONE',  ( 0.1269999999999986418, 7.810500000000001997, -1.396999999999998021 ) ) ;
#3732 = DIRECTION ( 'NONE',  ( 0.000000000000000000, -0.7071067811865475727, 0.7071067811865475727 ) ) ;
#3733 = ORIENTED_EDGE ( 'NONE', *, *, #7705, .F. ) ;
#3734 = ORIENTED_EDGE ( 'NONE', *, *, #9721, .T. ) ;
#3735 = EDGE_CURVE ( 'NONE', #7351, #7171, #1890, .T. ) ;
#3736 = VECTOR ( 'NONE', #4717, 1000.000000000000000 ) ;
#3737 = VERTEX_POINT ( 'NONE', #10750 ) ;
#3738 = EDGE_CURVE ( 'NONE', #2912, #5991, #5810, .T. ) ;
#3739 = CARTESIAN_POINT ( 'NONE',  ( 12.31900000000000084, 7.239000000000000767, 1.650999999999999801 ) ) ;
#3740 = DIRECTION ( 'NONE',  ( 0.000000000000000000, 0.000000000000000000, 1.000000000000000000 ) ) ;
#3741 = CARTESIAN_POINT ( 'NONE',  ( -13.97000000000000064, 8.509000000000000341, -2.540000000000001812 ) ) ;
#3742 = DIRECTION ( 'NONE',  ( 0.000000000000000000, 5.691349986800550837E-16, -1.000000000000000000 ) ) ;
#3743 = CARTESIAN_POINT ( 'NONE',  ( 16.51000000000000156, -8.578981026812224210E-17, 2.158999999999999364 ) ) ;
#3744 = ORIENTED_EDGE ( 'NONE', *, *, #8505, .T. ) ;
#3745 = CARTESIAN_POINT ( 'NONE',  ( 2.920999999999999819, 7.239000000000000767, -1.651000000000000023 ) ) ;
#3746 = VECTOR ( 'NONE', #3839, 1000.000000000000000 ) ;
#3747 = APPLICATION_CONTEXT ( 'automotive_design' ) ;
#3748 = CARTESIAN_POINT ( 'NONE',  ( -8.890000000000000568, 0.5080000000000006732, -2.022881810244994583 ) ) ;
#3749 = ORIENTED_EDGE ( 'NONE', *, *, #1432, .F. ) ;
#3750 = CARTESIAN_POINT ( 'NONE',  ( -12.31900000000000084, 8.064500000000002444, -0.8890000000000001235 ) ) ;
#3751 = ORIENTED_EDGE ( 'NONE', *, *, #8910, .T. ) ;
#3752 = EDGE_CURVE ( 'NONE', #11575, #639, #4832, .T. ) ;
#3753 = DIRECTION ( 'NONE',  ( 0.000000000000000000, -0.7071067811865499042, 0.7071067811865451302 ) ) ;
#3754 = CARTESIAN_POINT ( 'NONE',  ( -3.809999999999999165, 0.5080000000000006732, -2.022881810244994583 ) ) ;
#3755 = CARTESIAN_POINT ( 'NONE',  ( 4.699000000000001620, 8.064500000000002444, -0.8890000000000001235 ) ) ;
#3756 = CARTESIAN_POINT ( 'NONE',  ( -10.54100000000000037, 7.239000000000000767, -0.8890000000000001235 ) ) ;
#3757 = FACE_OUTER_BOUND ( 'NONE', #3715, .T. ) ;
#3758 = CARTESIAN_POINT ( 'NONE',  ( -6.349999999999999645, 8.509000000000000341, -2.540000000000001812 ) ) ;
#3759 = ORIENTED_EDGE ( 'NONE', *, *, #9778, .F. ) ;
#3760 = EDGE_LOOP ( 'NONE', ( #3614, #12781, #4023, #11004 ) ) ;
#3761 = VERTEX_POINT ( 'NONE', #2867 ) ;
#3762 = DIRECTION ( 'NONE',  ( 0.000000000000000000, 2.251701056906096594E-16, 1.000000000000000000 ) ) ;
#3763 = ORIENTED_EDGE ( 'NONE', *, *, #6322, .F. ) ;
#3764 = DIRECTION ( 'NONE',  ( 0.000000000000000000, 0.000000000000000000, 1.000000000000000000 ) ) ;
#3765 = CARTESIAN_POINT ( 'NONE',  ( 7.239000000000002544, 7.239000000000000767, 1.650999999999999801 ) ) ;
#3766 = DIRECTION ( 'NONE',  ( 0.000000000000000000, 0.000000000000000000, 1.000000000000000000 ) ) ;
#3767 = FACE_OUTER_BOUND ( 'NONE', #12615, .T. ) ;
#3768 = ADVANCED_FACE ( 'NONE', ( #11003 ), #4409, .F. ) ;
#3769 = CARTESIAN_POINT ( 'NONE',  ( -13.97000000000000064, 4.336808689942017736E-16, -2.159000000000001140 ) ) ;
#3770 = CARTESIAN_POINT ( 'NONE',  ( 19.30400000000000205, 0.000000000000000000, 2.539999999999999147 ) ) ;
#3771 = EDGE_LOOP ( 'NONE', ( #10926, #4185, #9831, #10265 ) ) ;
#3772 = ORIENTED_EDGE ( 'NONE', *, *, #2709, .F. ) ;
#3773 = ORIENTED_EDGE ( 'NONE', *, *, #4261, .F. ) ;
#3774 = CARTESIAN_POINT ( 'NONE',  ( -0.8254999999999999005, 8.509000000000000341, -2.540000000000001812 ) ) ;
#3775 = VERTEX_POINT ( 'NONE', #8385 ) ;
#3776 = ADVANCED_FACE ( 'NONE', ( #4270 ), #7043, .F. ) ;
#3777 = PLANE ( 'NONE',  #2616 ) ;
#3778 = DIRECTION ( 'NONE',  ( 0.000000000000000000, -1.733406087350420004E-16, 1.000000000000000000 ) ) ;
#3779 = FACE_OUTER_BOUND ( 'NONE', #817, .T. ) ;
#3780 = DIRECTION ( 'NONE',  ( 1.000000000000000000, 0.000000000000000000, 0.000000000000000000 ) ) ;
#3781 = LINE ( 'NONE', #10808, #10882 ) ;
#3782 = PLANE ( 'NONE',  #9784 ) ;
#3783 = CARTESIAN_POINT ( 'NONE',  ( 13.97000000000000064, 6.505213034913026604E-16, -2.540000000000000924 ) ) ;
#3784 = ORIENTED_EDGE ( 'NONE', *, *, #708, .T. ) ;
#3785 = VERTEX_POINT ( 'NONE', #8016 ) ;
#3786 = DIRECTION ( 'NONE',  ( 0.000000000000000000, 0.000000000000000000, 1.000000000000000000 ) ) ;
#3787 = LINE ( 'NONE', #3659, #2034 ) ;
#3788 = ORIENTED_EDGE ( 'NONE', *, *, #2244, .T. ) ;
#3789 = ADVANCED_FACE ( 'NONE', ( #12274 ), #2018, .F. ) ;
#3790 = ADVANCED_FACE ( 'NONE', ( #9364 ), #288, .F. ) ;
#3791 = DIRECTION ( 'NONE',  ( -1.000000000000000000, -0.000000000000000000, -0.000000000000000000 ) ) ;
#3792 = VECTOR ( 'NONE', #8230, 1000.000000000000000 ) ;
#3793 = FACE_OUTER_BOUND ( 'NONE', #5421, .T. ) ;
#3794 = LINE ( 'NONE', #2935, #8302 ) ;
#3795 = FACE_OUTER_BOUND ( 'NONE', #7056, .T. ) ;
#3796 = CARTESIAN_POINT ( 'NONE',  ( -13.97000000000000064, 8.509000000000000341, 2.540000000000001812 ) ) ;
#3797 = DIRECTION ( 'NONE',  ( -0.000000000000000000, 1.000000000000000000, 1.733406087350420004E-16 ) ) ;
#3798 = EDGE_CURVE ( 'NONE', #2293, #4793, #416, .T. ) ;
#3799 = ORIENTED_EDGE ( 'NONE', *, *, #5851, .T. ) ;
#3800 = ADVANCED_FACE ( 'NONE', ( #8256 ), #4961, .F. ) ;
#3801 = DIRECTION ( 'NONE',  ( 0.7071067811865462405, -0.7071067811865489050, 0.000000000000000000 ) ) ;
#3802 = EDGE_LOOP ( 'NONE', ( #5064, #6291, #12663, #8307 ) ) ;
#3803 = ADVANCED_FACE ( 'NONE', ( #984 ), #8937, .F. ) ;
#3804 =( GEOMETRIC_REPRESENTATION_CONTEXT ( 3 ) GLOBAL_UNCERTAINTY_ASSIGNED_CONTEXT ( ( #7657 ) ) GLOBAL_UNIT_ASSIGNED_CONTEXT ( ( #2729, #8299, #7311 ) ) REPRESENTATION_CONTEXT ( 'NONE', 'WORKASPACE' ) );
#3805 = DIRECTION ( 'NONE',  ( -0.000000000000000000, -2.667820306312759283E-16, 1.000000000000000000 ) ) ;
#3806 = EDGE_LOOP ( 'NONE', ( #2094, #9760, #8788, #11518 ) ) ;
#3807 = DIRECTION ( 'NONE',  ( 0.000000000000000000, 1.733406087350420004E-16, -1.000000000000000000 ) ) ;
#3808 = DIRECTION ( 'NONE',  ( 0.000000000000000000, 1.000000000000000000, 1.733406087350420004E-16 ) ) ;
#3809 = VECTOR ( 'NONE', #2303, 1000.000000000000000 ) ;
#3810 = LINE ( 'NONE', #7722, #11964 ) ;
#3811 = DIRECTION ( 'NONE',  ( 0.000000000000000000, -1.607907343367028359E-16, 1.000000000000000000 ) ) ;
#3812 = ORIENTED_EDGE ( 'NONE', *, *, #3798, .F. ) ;
#3813 = DIRECTION ( 'NONE',  ( 0.000000000000000000, -1.000000000000000000, -1.733406087350420004E-16 ) ) ;
#3814 = CARTESIAN_POINT ( 'NONE',  ( 11.43000000000000327, 8.509000000000000341, -2.540000000000001812 ) ) ;
#3815 = VERTEX_POINT ( 'NONE', #2996 ) ;
#3816 = VERTEX_POINT ( 'NONE', #6974 ) ;
#3817 = VERTEX_POINT ( 'NONE', #8995 ) ;
#3818 = EDGE_CURVE ( 'NONE', #12067, #6317, #10269, .T. ) ;
#3819 = LINE ( 'NONE', #4807, #2381 ) ;
#3820 =( GEOMETRIC_REPRESENTATION_CONTEXT ( 3 ) GLOBAL_UNCERTAINTY_ASSIGNED_CONTEXT ( ( #614 ) ) GLOBAL_UNIT_ASSIGNED_CONTEXT ( ( #11041, #9154, #4764 ) ) REPRESENTATION_CONTEXT ( 'NONE', 'WORKASPACE' ) );
#3821 = VECTOR ( 'NONE', #2943, 1000.000000000000000 ) ;
#3822 = EDGE_CURVE ( 'NONE', #5174, #11558, #5378, .T. ) ;
#3823 = VERTEX_POINT ( 'NONE', #3974 ) ;
#3824 = CARTESIAN_POINT ( 'NONE',  ( 11.43000000000000327, 6.505213034913026604E-16, -2.540000000000000924 ) ) ;
#3825 = CARTESIAN_POINT ( 'NONE',  ( -13.97000000000000064, 8.509000000000000341, 2.540000000000001812 ) ) ;
#3826 = CARTESIAN_POINT ( 'NONE',  ( 13.97000000000000064, 0.5080000000000000071, 2.022881810244992806 ) ) ;
#3827 = CARTESIAN_POINT ( 'NONE',  ( 7.239000000000002544, 7.239000000000000767, 1.650999999999999801 ) ) ;
#3828 = DIRECTION ( 'NONE',  ( -0.000000000000000000, 1.000000000000000000, 5.691349986800550837E-16 ) ) ;
#3829 = LINE ( 'NONE', #1870, #3394 ) ;
#3830 = EDGE_LOOP ( 'NONE', ( #2673, #1466, #9990, #7084 ) ) ;
#3831 = ORIENTED_EDGE ( 'NONE', *, *, #5463, .F. ) ;
#3832 = VERTEX_POINT ( 'NONE', #7271 ) ;
#3833 = PLANE ( 'NONE',  #6178 ) ;
#3834 = EDGE_CURVE ( 'NONE', #4490, #177, #11300, .T. ) ;
#3835 = EDGE_LOOP ( 'NONE', ( #5649, #12865, #3263, #7984 ) ) ;
#3836 = CARTESIAN_POINT ( 'NONE',  ( 2.920999999999999819, 8.064499999999998892, 0.8889999999999999014 ) ) ;
#3837 = CARTESIAN_POINT ( 'NONE',  ( -0.3810000000000000053, -2.692399999999994797, -1.066800000000000637 ) ) ;
#3838 = LINE ( 'NONE', #5179, #3171 ) ;
#3839 = DIRECTION ( 'NONE',  ( -0.000000000000000000, -0.000000000000000000, 1.000000000000000000 ) ) ;
#3840 = DIRECTION ( 'NONE',  ( 0.000000000000000000, -1.607907343367028359E-16, 1.000000000000000000 ) ) ;
#3841 = DIRECTION ( 'NONE',  ( 0.000000000000000000, 0.000000000000000000, -1.000000000000000000 ) ) ;
#3842 = PLANE ( 'NONE',  #11643 ) ;
#3843 = VECTOR ( 'NONE', #9428, 1000.000000000000000 ) ;
#3844 =( NAMED_UNIT ( * ) PLANE_ANGLE_UNIT ( ) SI_UNIT ( $, .RADIAN. ) );
#3845 = ORIENTED_EDGE ( 'NONE', *, *, #3948, .T. ) ;
#3846 = ORIENTED_EDGE ( 'NONE', *, *, #8259, .T. ) ;
#3847 = PRESENTATION_LAYER_ASSIGNMENT (  '', '', ( #8614 ) ) ;
#3848 = LINE ( 'NONE', #9056, #8484 ) ;
#3849 = ADVANCED_FACE ( 'NONE', ( #1330 ), #1265, .F. ) ;
#3850 = CARTESIAN_POINT ( 'NONE',  ( -13.08099999999999952, 7.239000000000000767, -0.8890000000000001235 ) ) ;
#3851 = VERTEX_POINT ( 'NONE', #11914 ) ;
#3852 = AXIS2_PLACEMENT_3D ( 'NONE', #890, #951, #2961 ) ;
#3853 = ORIENTED_EDGE ( 'NONE', *, *, #12647, .F. ) ;
#3854 = DIRECTION ( 'NONE',  ( 1.000000000000000000, 0.000000000000000000, 0.000000000000000000 ) ) ;
#3855 = DIRECTION ( 'NONE',  ( 1.000000000000000000, 0.000000000000000000, 0.000000000000000000 ) ) ;
#3856 = DIRECTION ( 'NONE',  ( 1.000000000000000000, 0.000000000000000000, -0.000000000000000000 ) ) ;
#3857 = DIRECTION ( 'NONE',  ( 0.000000000000000000, -2.338910953479677683E-16, -1.000000000000000000 ) ) ;
#3858 = DIRECTION ( 'NONE',  ( 0.000000000000000000, -1.000000000000000000, -1.733406087350420004E-16 ) ) ;
#3859 = VERTEX_POINT ( 'NONE', #9296 ) ;
#3860 = LINE ( 'NONE', #3745, #2213 ) ;
#3861 = ADVANCED_FACE ( 'NONE', ( #8320 ), #3356, .F. ) ;
#3862 = CARTESIAN_POINT ( 'NONE',  ( 13.52549999999999919, 8.509000000000000341, -0.4444999999999983409 ) ) ;
#3863 = ORIENTED_EDGE ( 'NONE', *, *, #12012, .F. ) ;
#3864 = AXIS2_PLACEMENT_3D ( 'NONE', #6396, #397, #11339 ) ;
#3865 = CARTESIAN_POINT ( 'NONE',  ( -3.365500000000003933, 8.509000000000000341, 0.4444999999999970086 ) ) ;
#3866 = ADVANCED_FACE ( 'NONE', ( #4340 ), #5995, .F. ) ;
#3867 = ORIENTED_EDGE ( 'NONE', *, *, #293, .F. ) ;
#3868 = ADVANCED_FACE ( 'NONE', ( #11362 ), #10454, .F. ) ;
#3869 = AXIS2_PLACEMENT_3D ( 'NONE', #10046, #5100, #11449 ) ;
#3870 = LINE ( 'NONE', #11023, #4945 ) ;
#3871 = CARTESIAN_POINT ( 'NONE',  ( -8.890000000000000568, 4.336808689942017736E-16, -2.159000000000001140 ) ) ;
#3872 = VECTOR ( 'NONE', #9331, 1000.000000000000000 ) ;
#3873 = EDGE_CURVE ( 'NONE', #1746, #3883, #10396, .T. ) ;
#3874 = CARTESIAN_POINT ( 'NONE',  ( -5.460999999999998522, 7.239000000000000767, -0.8890000000000001235 ) ) ;
#3875 = VECTOR ( 'NONE', #11719, 1000.000000000000000 ) ;
#3876 = DIRECTION ( 'NONE',  ( 0.000000000000000000, 0.000000000000000000, -1.000000000000000000 ) ) ;
#3877 = EDGE_LOOP ( 'NONE', ( #4528, #285, #86, #12021 ) ) ;
#3878 = CARTESIAN_POINT ( 'NONE',  ( -1.270000000000000240, 0.000000000000000000, 2.539999999999999147 ) ) ;
#3879 = EDGE_CURVE ( 'NONE', #3102, #4956, #11634, .T. ) ;
#3880 = LINE ( 'NONE', #1914, #4224 ) ;
#3881 = EDGE_LOOP ( 'NONE', ( #8399, #58, #6465, #11 ) ) ;
#3882 = ORIENTED_EDGE ( 'NONE', *, *, #7940, .F. ) ;
#3883 = VERTEX_POINT ( 'NONE', #12670 ) ;
#3884 = DIRECTION ( 'NONE',  ( 0.000000000000000000, 1.733406087350420004E-16, -1.000000000000000000 ) ) ;
#3885 = VECTOR ( 'NONE', #10336, 999.9999999999998863 ) ;
#3886 = VECTOR ( 'NONE', #6612, 1000.000000000000000 ) ;
#3887 = AXIS2_PLACEMENT_3D ( 'NONE', #1386, #7232, #10161 ) ;
#3888 = ORIENTED_EDGE ( 'NONE', *, *, #3712, .T. ) ;
#3889 = LINE ( 'NONE', #6031, #2004 ) ;
#3890 = DIRECTION ( 'NONE',  ( 0.000000000000000000, 0.000000000000000000, -1.000000000000000000 ) ) ;
#3891 = EDGE_CURVE ( 'NONE', #9466, #8976, #4676, .T. ) ;
#3892 = SHAPE_DEFINITION_REPRESENTATION ( #11148, #12679 ) ;
#3893 = CARTESIAN_POINT ( 'NONE',  ( 0.3810000000000000053, -3.200400000000000134, -1.473199999999999843 ) ) ;
#3894 = CARTESIAN_POINT ( 'NONE',  ( 0.3809999999999993947, 7.239000000000000767, -0.8890000000000001235 ) ) ;
#3895 = CARTESIAN_POINT ( 'NONE',  ( -1.270000000000000240, 8.509000000000000341, 2.540000000000001812 ) ) ;
#3896 =( GEOMETRIC_REPRESENTATION_CONTEXT ( 3 ) GLOBAL_UNCERTAINTY_ASSIGNED_CONTEXT ( ( #11935 ) ) GLOBAL_UNIT_ASSIGNED_CONTEXT ( ( #3009, #6006, #5096 ) ) REPRESENTATION_CONTEXT ( 'NONE', 'WORKASPACE' ) );
#3897 = CARTESIAN_POINT ( 'NONE',  ( 3.810000000000000941, 8.509000000000000341, 2.540000000000001812 ) ) ;
#3898 = ORIENTED_EDGE ( 'NONE', *, *, #708, .F. ) ;
#3899 = EDGE_LOOP ( 'NONE', ( #1121, #1143, #10922, #5621 ) ) ;
#3900 = ORIENTED_EDGE ( 'NONE', *, *, #5234, .T. ) ;
#3901 = LINE ( 'NONE', #9828, #4326 ) ;
#3902 = VERTEX_POINT ( 'NONE', #5440 ) ;
#3903 =( GEOMETRIC_REPRESENTATION_CONTEXT ( 3 ) GLOBAL_UNCERTAINTY_ASSIGNED_CONTEXT ( ( #2413 ) ) GLOBAL_UNIT_ASSIGNED_CONTEXT ( ( #6784, #587, #6849 ) ) REPRESENTATION_CONTEXT ( 'NONE', 'WORKASPACE' ) );
#3904 = CARTESIAN_POINT ( 'NONE',  ( 19.05000000000000071, -8.578981026812224210E-17, 2.158999999999999364 ) ) ;
#3905 = LINE ( 'NONE', #11652, #5160 ) ;
#3906 = CARTESIAN_POINT ( 'NONE',  ( 18.16100000000000136, 7.239000000000000767, -1.651000000000000023 ) ) ;
#3907 = PLANE ( 'NONE',  #12178 ) ;
#3908 = LINE ( 'NONE', #1884, #5261 ) ;
#3909 = DIRECTION ( 'NONE',  ( -0.000000000000000000, 0.000000000000000000, 1.000000000000000000 ) ) ;
#3910 = VECTOR ( 'NONE', #11085, 1000.000000000000000 ) ;
#3911 = CARTESIAN_POINT ( 'NONE',  ( 16.51000000000000156, 8.509000000000000341, 0.4444999999999970086 ) ) ;
#3912 = ORIENTED_EDGE ( 'NONE', *, *, #7239, .F. ) ;
#3913 = ORIENTED_EDGE ( 'NONE', *, *, #5414, .T. ) ;
#3914 = ADVANCED_FACE ( 'NONE', ( #4609 ), #6694, .F. ) ;
#3915 = CARTESIAN_POINT ( 'NONE',  ( -12.31900000000000084, 7.239000000000000767, 0.8889999999999997904 ) ) ;
#3916 = VECTOR ( 'NONE', #4021, 1000.000000000000000 ) ;
#3917 = DIRECTION ( 'NONE',  ( 0.7071067811865462405, -0.7071067811865489050, 0.000000000000000000 ) ) ;
#3918 = ORIENTED_EDGE ( 'NONE', *, *, #11108, .T. ) ;
#3919 = VECTOR ( 'NONE', #5249, 1000.000000000000000 ) ;
#3920 = FACE_OUTER_BOUND ( 'NONE', #9191, .T. ) ;
#3921 = VECTOR ( 'NONE', #12786, 1000.000000000000000 ) ;
#3922 = DIRECTION ( 'NONE',  ( 0.000000000000000000, -1.000000000000000000, 0.000000000000000000 ) ) ;
#3923 = CARTESIAN_POINT ( 'NONE',  ( 19.30400000000000205, 4.336808689942017736E-16, -2.159000000000001140 ) ) ;
#3924 = CARTESIAN_POINT ( 'NONE',  ( 2.159000000000001140, 7.239000000000000767, 1.650999999999999801 ) ) ;
#3925 = CARTESIAN_POINT ( 'NONE',  ( 0.3810000000000000053, 0.5079999999999998961, -1.066800000000001303 ) ) ;
#3926 = CARTESIAN_POINT ( 'NONE',  ( -19.30400000000000205, 0.000000000000000000, 0.000000000000000000 ) ) ;
#3927 = ORIENTED_EDGE ( 'NONE', *, *, #10228, .F. ) ;
#3928 = EDGE_CURVE ( 'NONE', #9464, #8698, #7533, .T. ) ;
#3929 = DIRECTION ( 'NONE',  ( 0.000000000000000000, 1.000000000000000000, -2.251701056906096594E-16 ) ) ;
#3930 = DIRECTION ( 'NONE',  ( 0.000000000000000000, 0.2588190451025140226, -0.9659258262890701996 ) ) ;
#3931 = ORIENTED_EDGE ( 'NONE', *, *, #7899, .T. ) ;
#3932 = AXIS2_PLACEMENT_3D ( 'NONE', #2857, #12823, #12690 ) ;
#3933 = DIRECTION ( 'NONE',  ( 0.000000000000000000, -2.251701056906096594E-16, -1.000000000000000000 ) ) ;
#3934 = ORIENTED_EDGE ( 'NONE', *, *, #472, .F. ) ;
#3935 = CARTESIAN_POINT ( 'NONE',  ( -9.334500000000000242, 8.509000000000000341, -2.095500000000001695 ) ) ;
#3936 = CARTESIAN_POINT ( 'NONE',  ( 14.85899999999999999, 7.239000000000000767, -0.8890000000000001235 ) ) ;
#3937 = DIRECTION ( 'NONE',  ( 0.000000000000000000, -1.000000000000000000, 0.000000000000000000 ) ) ;
#3938 = AXIS2_PLACEMENT_3D ( 'NONE', #4615, #5319, #3362 ) ;
#3939 = ADVANCED_FACE ( 'NONE', ( #3694 ), #5512, .F. ) ;
#3940 = LINE ( 'NONE', #12000, #103 ) ;
#3941 = DIRECTION ( 'NONE',  ( -0.000000000000000000, 1.000000000000000000, 1.607907343367028359E-16 ) ) ;
#3942 = LINE ( 'NONE', #7724, #12822 ) ;
#3943 = DIRECTION ( 'NONE',  ( -0.000000000000000000, 1.000000000000000000, 1.733406087350420004E-16 ) ) ;
#3944 = EDGE_LOOP ( 'NONE', ( #673, #7472, #1605, #9368 ) ) ;
#3945 = EDGE_LOOP ( 'NONE', ( #6594, #7252, #1815, #315, #10014, #8547, #3457, #515 ) ) ;
#3946 = ORIENTED_EDGE ( 'NONE', *, *, #1173, .F. ) ;
#3947 = LINE ( 'NONE', #4006, #9688 ) ;
#3948 = EDGE_CURVE ( 'NONE', #11021, #10284, #8448, .T. ) ;
#3949 = EDGE_LOOP ( 'NONE', ( #1639, #1033, #5839, #9530 ) ) ;
#3950 = ADVANCED_FACE ( 'NONE', ( #12409 ), #8710, .F. ) ;
#3951 = CARTESIAN_POINT ( 'NONE',  ( -10.03300000000000125, 7.810500000000002885, -1.143000000000000460 ) ) ;
#3952 = CARTESIAN_POINT ( 'NONE',  ( 3.810000000000000941, 0.5080000000000000071, 2.022881810244992806 ) ) ;
#3953 = DIRECTION ( 'NONE',  ( 0.000000000000000000, 0.000000000000000000, 1.000000000000000000 ) ) ;
#3954 = DIRECTION ( 'NONE',  ( 0.000000000000000000, -5.691349986800550837E-16, 1.000000000000000000 ) ) ;
#3955 = CARTESIAN_POINT ( 'NONE',  ( -6.349999999999999645, 0.000000000000000000, 2.539999999999999147 ) ) ;
#3956 = ORIENTED_EDGE ( 'NONE', *, *, #2344, .F. ) ;
#3957 = ORIENTED_EDGE ( 'NONE', *, *, #4485, .T. ) ;
#3958 = EDGE_CURVE ( 'NONE', #7053, #3859, #2571, .T. ) ;
#3959 = VERTEX_POINT ( 'NONE', #3496 ) ;
#3960 = EDGE_CURVE ( 'NONE', #11578, #9162, #6558, .T. ) ;
#3961 = CARTESIAN_POINT ( 'NONE',  ( 15.11300000000000132, 7.810500000000001997, -1.396999999999998021 ) ) ;
#3962 = ADVANCED_FACE ( 'NONE', ( #6483 ), #12474, .F. ) ;
#3963 = ORIENTED_EDGE ( 'NONE', *, *, #6156, .T. ) ;
#3964 = DIRECTION ( 'NONE',  ( -0.000000000000000000, -0.000000000000000000, 1.000000000000000000 ) ) ;
#3965 = CARTESIAN_POINT ( 'NONE',  ( 14.41449999999999676, 8.509000000000000341, 0.4444999999999970086 ) ) ;
#3966 = CARTESIAN_POINT ( 'NONE',  ( -13.08099999999999952, 7.239000000000000767, -0.8890000000000001235 ) ) ;
#3967 = FACE_OUTER_BOUND ( 'NONE', #10504, .T. ) ;
#3968 = FACE_OUTER_BOUND ( 'NONE', #8471, .T. ) ;
#3969 = DIRECTION ( 'NONE',  ( -1.000000000000000000, -0.000000000000000000, -0.000000000000000000 ) ) ;
#3970 = EDGE_LOOP ( 'NONE', ( #8516, #8429, #8420, #4423 ) ) ;
#3971 = ORIENTED_EDGE ( 'NONE', *, *, #3000, .F. ) ;
#3972 = ORIENTED_EDGE ( 'NONE', *, *, #7327, .F. ) ;
#3973 =( NAMED_UNIT ( * ) SI_UNIT ( $, .STERADIAN. ) SOLID_ANGLE_UNIT ( ) );
#3974 = CARTESIAN_POINT ( 'NONE',  ( 6.350000000000001421, 8.509000000000000341, -2.540000000000001812 ) ) ;
#3975 = VERTEX_POINT ( 'NONE', #1607 ) ;
#3976 = EDGE_CURVE ( 'NONE', #8356, #8079, #5585, .T. ) ;
#3977 = VERTEX_POINT ( 'NONE', #8575 ) ;
#3978 = ADVANCED_FACE ( 'NONE', ( #12537 ), #3626, .F. ) ;
#3979 = PLANE ( 'NONE',  #10569 ) ;
#3980 = LINE ( 'NONE', #10756, #377 ) ;
#3981 = DIRECTION ( 'NONE',  ( 0.000000000000000000, -1.000000000000000000, -3.058038798877906014E-16 ) ) ;
#3982 = DIRECTION ( 'NONE',  ( 0.7071067811865462405, -0.7071067811865489050, 0.000000000000000000 ) ) ;
#3983 = AXIS2_PLACEMENT_3D ( 'NONE', #7577, #9665, #10692 ) ;
#3984 = VECTOR ( 'NONE', #3259, 1000.000000000000000 ) ;
#3985 = LINE ( 'NONE', #1898, #10319 ) ;
#3986 = VERTEX_POINT ( 'NONE', #2641 ) ;
#3987 = DIRECTION ( 'NONE',  ( 0.000000000000000000, -1.607907343367028359E-16, 1.000000000000000000 ) ) ;
#3988 = CARTESIAN_POINT ( 'NONE',  ( -8.890000000000000568, 0.000000000000000000, 0.000000000000000000 ) ) ;
#3989 = ORIENTED_EDGE ( 'NONE', *, *, #10859, .F. ) ;
#3990 = AXIS2_PLACEMENT_3D ( 'NONE', #12481, #3570, #2579 ) ;
#3991 = LINE ( 'NONE', #1491, #8653 ) ;
#3992 = VERTEX_POINT ( 'NONE', #1673 ) ;
#3993 = EDGE_CURVE ( 'NONE', #2445, #7303, #5650, .T. ) ;
#3994 = DIRECTION ( 'NONE',  ( 0.000000000000000000, -0.9659258262890700886, 0.2588190451025140781 ) ) ;
#3995 = CARTESIAN_POINT ( 'NONE',  ( -16.51000000000000156, 0.5080000000000006732, -2.022881810244994583 ) ) ;
#3996 = CARTESIAN_POINT ( 'NONE',  ( 6.350000000000001421, 4.336808689942017736E-16, -2.159000000000001140 ) ) ;
#3997 = DIRECTION ( 'NONE',  ( 0.000000000000000000, 0.000000000000000000, 1.000000000000000000 ) ) ;
#3998 = CARTESIAN_POINT ( 'NONE',  ( -0.1961031209927689145, -3.200400000000000134, 1.473199999999999843 ) ) ;
#3999 = AXIS2_PLACEMENT_3D ( 'NONE', #1259, #12200, #2242 ) ;
#4000 = DIRECTION ( 'NONE',  ( -1.000000000000000000, -0.000000000000000000, -0.000000000000000000 ) ) ;
#4001 = CARTESIAN_POINT ( 'NONE',  ( -12.57300000000000040, 7.810499999999998444, 1.397000000000000242 ) ) ;
#4002 = CLOSED_SHELL ( 'NONE', ( #3276, #875, #3561, #5574, #12536, #8007, #12374, #7488, #10004, #8759, #1256, #316, #831, #4442, #4596, #9834, #11421, #10765, #421, #6543, #7031, #12134, #7399, #236, #3323, #4437, #12369, #2404 ) ) ;
#4003 = ORIENTED_EDGE ( 'NONE', *, *, #3208, .F. ) ;
#4004 = VERTEX_POINT ( 'NONE', #10911 ) ;
#4005 = VERTEX_POINT ( 'NONE', #2768 ) ;
#4006 = CARTESIAN_POINT ( 'NONE',  ( 9.779000000000003467, 8.064499999999998892, 1.650999999999999801 ) ) ;
#4007 = EDGE_CURVE ( 'NONE', #4223, #12405, #8836, .T. ) ;
#4008 = ORIENTED_EDGE ( 'NONE', *, *, #2679, .T. ) ;
#4009 = MECHANICAL_DESIGN_GEOMETRIC_PRESENTATION_REPRESENTATION (  '', ( #5461 ), #10445 ) ;
#4010 = DIRECTION ( 'NONE',  ( -0.5773502691896258421, 0.5773502691896236216, -0.5773502691896278405 ) ) ;
#4011 = VECTOR ( 'NONE', #8620, 1000.000000000000000 ) ;
#4012 = PLANE ( 'NONE',  #12824 ) ;
#4013 = CARTESIAN_POINT ( 'NONE',  ( 9.334500000000002018, 8.509000000000000341, -2.540000000000001812 ) ) ;
#4014 = CARTESIAN_POINT ( 'NONE',  ( -13.97000000000000064, 0.5080000000000000071, 2.022881810244992806 ) ) ;
#4015 = VECTOR ( 'NONE', #7155, 1000.000000000000000 ) ;
#4016 = DIRECTION ( 'NONE',  ( 0.000000000000000000, 1.000000000000000000, 2.923638691849597351E-16 ) ) ;
#4017 = ORIENTED_EDGE ( 'NONE', *, *, #7312, .F. ) ;
#4018 = EDGE_LOOP ( 'NONE', ( #2209, #10670, #8902, #9877, #5079, #10920, #12560, #638 ) ) ;
#4019 = ORIENTED_EDGE ( 'NONE', *, *, #2889, .F. ) ;
#4020 = AXIS2_PLACEMENT_3D ( 'NONE', #10854, #9887, #5911 ) ;
#4021 = DIRECTION ( 'NONE',  ( -0.5773502691896258421, 0.5773502691896236216, -0.5773502691896278405 ) ) ;
#4022 = ADVANCED_FACE ( 'NONE', ( #8771 ), #11878, .F. ) ;
#4023 = ORIENTED_EDGE ( 'NONE', *, *, #6257, .F. ) ;
#4024 = PLANE ( 'NONE',  #2624 ) ;
#4025 = ADVANCED_FACE ( 'NONE', ( #1983 ), #12733, .F. ) ;
#4026 = LINE ( 'NONE', #1210, #4562 ) ;
#4027 = EDGE_CURVE ( 'NONE', #3883, #1294, #4992, .T. ) ;
#4028 = VECTOR ( 'NONE', #12652, 1000.000000000000000 ) ;
#4029 = SURFACE_SIDE_STYLE ('',( #3167 ) ) ;
#4030 = CARTESIAN_POINT ( 'NONE',  ( -9.779000000000001691, 8.064499999999998892, 1.650999999999999801 ) ) ;
#4031 = DIRECTION ( 'NONE',  ( 0.000000000000000000, 1.000000000000000000, 3.058038798877906014E-16 ) ) ;
#4032 = LINE ( 'NONE', #10809, #1236 ) ;
#4033 = ADVANCED_FACE ( 'NONE', ( #11757 ), #4929, .F. ) ;
#4034 = FACE_OUTER_BOUND ( 'NONE', #8077, .T. ) ;
#4035 = ORIENTED_EDGE ( 'NONE', *, *, #1151, .T. ) ;
#4036 = ORIENTED_EDGE ( 'NONE', *, *, #293, .T. ) ;
#4037 = ORIENTED_EDGE ( 'NONE', *, *, #11832, .T. ) ;
#4038 = FILL_AREA_STYLE_COLOUR ( '', #12427 ) ;
#4039 = DIRECTION ( 'NONE',  ( 0.000000000000000000, 0.000000000000000000, -1.000000000000000000 ) ) ;
#4040 = VERTEX_POINT ( 'NONE', #7859 ) ;
#4041 = AXIS2_PLACEMENT_3D ( 'NONE', #11208, #9989, #8031 ) ;
#4042 = ORIENTED_EDGE ( 'NONE', *, *, #7707, .T. ) ;
#4043 = LINE ( 'NONE', #6000, #8469 ) ;
#4044 = CARTESIAN_POINT ( 'NONE',  ( -7.493000000000001215, 7.810500000000002885, -1.143000000000000460 ) ) ;
#4045 = FACE_OUTER_BOUND ( 'NONE', #6614, .T. ) ;
#4046 = EDGE_CURVE ( 'NONE', #1077, #11014, #8905, .T. ) ;
#4047 = DIRECTION ( 'NONE',  ( -1.000000000000000000, -0.000000000000000000, -0.000000000000000000 ) ) ;
#4048 = CARTESIAN_POINT ( 'NONE',  ( 5.905500000000000860, 8.509000000000000341, -2.095500000000001695 ) ) ;
#4049 = ORIENTED_EDGE ( 'NONE', *, *, #12183, .T. ) ;
#4050 = SURFACE_STYLE_USAGE ( .BOTH. , #8949 ) ;
#4051 = LINE ( 'NONE', #136, #10893 ) ;
#4052 = ORIENTED_EDGE ( 'NONE', *, *, #4681, .T. ) ;
#4053 = DIRECTION ( 'NONE',  ( 0.5773502691896258421, 0.5773502691896236216, -0.5773502691896278405 ) ) ;
#4054 = EDGE_LOOP ( 'NONE', ( #3799, #6813, #12471, #3043 ) ) ;
#4055 = FACE_OUTER_BOUND ( 'NONE', #687, .T. ) ;
#4056 = DIRECTION ( 'NONE',  ( 0.000000000000000000, 0.9659258262890701996, 0.2588190451025140226 ) ) ;
#4057 = DIRECTION ( 'NONE',  ( -0.000000000000000000, -0.000000000000000000, 1.000000000000000000 ) ) ;
#4058 = CARTESIAN_POINT ( 'NONE',  ( -10.54100000000000037, 8.064499999999998892, 1.650999999999999801 ) ) ;
#4059 = CARTESIAN_POINT ( 'NONE',  ( 19.30400000000000205, 0.000000000000000000, 2.539999999999999147 ) ) ;
#4060 = EDGE_LOOP ( 'NONE', ( #5200, #6423, #8722, #10452, #9681, #4475, #10470, #4680 ) ) ;
#4061 = CARTESIAN_POINT ( 'NONE',  ( -12.31900000000000084, 7.239000000000000767, 1.650999999999999801 ) ) ;
#4062 = AXIS2_PLACEMENT_3D ( 'NONE', #10275, #226, #4212 ) ;
#4063 = CARTESIAN_POINT ( 'NONE',  ( 13.97000000000000064, 0.5080000000000000071, 2.022881810244992806 ) ) ;
#4064 = ORIENTED_EDGE ( 'NONE', *, *, #11664, .F. ) ;
#4065 = ORIENTED_EDGE ( 'NONE', *, *, #3873, .T. ) ;
#4066 = EDGE_CURVE ( 'NONE', #11791, #5806, #3819, .T. ) ;
#4067 = AXIS2_PLACEMENT_3D ( 'NONE', #1750, #5669, #709 ) ;
#4068 = ORIENTED_EDGE ( 'NONE', *, *, #3210, .F. ) ;
#4069 = VECTOR ( 'NONE', #8044, 1000.000000000000000 ) ;
#4070 = CARTESIAN_POINT ( 'NONE',  ( 10.03300000000000303, 7.810499999999998444, 1.143000000000000016 ) ) ;
#4071 = LINE ( 'NONE', #212, #5692 ) ;
#4072 = CONTEXT_DEPENDENT_SHAPE_REPRESENTATION ( #2643, #11049 ) ;
#4073 = FACE_OUTER_BOUND ( 'NONE', #6769, .T. ) ;
#4074 = CARTESIAN_POINT ( 'NONE',  ( 4.699000000000001620, 8.064499999999998892, 1.650999999999999801 ) ) ;
#4075 = VECTOR ( 'NONE', #5445, 1000.000000000000000 ) ;
#4076 = PLANE ( 'NONE',  #322 ) ;
#4077 = DIRECTION ( 'NONE',  ( 0.000000000000000000, -0.000000000000000000, -1.000000000000000000 ) ) ;
#4078 = ORIENTED_EDGE ( 'NONE', *, *, #4087, .F. ) ;
#4079 = ORIENTED_EDGE ( 'NONE', *, *, #5252, .F. ) ;
#4080 = VERTEX_POINT ( 'NONE', #7924 ) ;
#4081 = EDGE_CURVE ( 'NONE', #6110, #2569, #3947, .T. ) ;
#4082 = AXIS2_PLACEMENT_3D ( 'NONE', #3099, #7266, #2062 ) ;
#4083 = VECTOR ( 'NONE', #12084, 1000.000000000000000 ) ;
#4084 = EDGE_LOOP ( 'NONE', ( #1860, #12090, #11932, #231 ) ) ;
#4085 = LINE ( 'NONE', #8070, #6794 ) ;
#4086 = CARTESIAN_POINT ( 'NONE',  ( 13.97000000000000064, 0.5080000000000000071, 2.022881810244992806 ) ) ;
#4087 = EDGE_CURVE ( 'NONE', #167, #736, #5901, .T. ) ;
#4088 = AXIS2_PLACEMENT_3D ( 'NONE', #10119, #205, #7186 ) ;
#4089 = CARTESIAN_POINT ( 'NONE',  ( -3.809999999999999165, 6.505213034913026604E-16, -2.540000000000000924 ) ) ;
#4090 = DIRECTION ( 'NONE',  ( 0.000000000000000000, -2.251701056906096594E-16, -1.000000000000000000 ) ) ;
#4091 = DIRECTION ( 'NONE',  ( 0.000000000000000000, -1.000000000000000000, 1.019346266292635338E-16 ) ) ;
#4092 = ORIENTED_EDGE ( 'NONE', *, *, #561, .F. ) ;
#4093 = ORIENTED_EDGE ( 'NONE', *, *, #1008, .T. ) ;
#4094 = ORIENTED_EDGE ( 'NONE', *, *, #1379, .F. ) ;
#4095 = FILL_AREA_STYLE ('',( #4038 ) ) ;
#4096 = EDGE_LOOP ( 'NONE', ( #11398, #1511, #4957, #1036 ) ) ;
#4097 = EDGE_CURVE ( 'NONE', #2716, #10747, #5836, .T. ) ;
#4098 = ADVANCED_FACE ( 'NONE', ( #9880 ), #10714, .F. ) ;
#4099 = PRESENTATION_LAYER_ASSIGNMENT (  '', '', ( #9729 ) ) ;
#4100 = EDGE_CURVE ( 'NONE', #1858, #12683, #8966, .T. ) ;
#4101 = EDGE_CURVE ( 'NONE', #1399, #8741, #11691, .T. ) ;
#4102 = DIRECTION ( 'NONE',  ( 0.000000000000000000, -1.000000000000000000, 0.000000000000000000 ) ) ;
#4103 = EDGE_CURVE ( 'NONE', #5019, #1420, #5775, .T. ) ;
#4104 = DIRECTION ( 'NONE',  ( -1.000000000000000000, 0.000000000000000000, 0.000000000000000000 ) ) ;
#4105 = DIRECTION ( 'NONE',  ( 0.000000000000000000, 0.000000000000000000, 1.000000000000000000 ) ) ;
#4106 = CARTESIAN_POINT ( 'NONE',  ( 15.62099999999999866, 7.239000000000000767, -0.8890000000000001235 ) ) ;
#4107 = CARTESIAN_POINT ( 'NONE',  ( 13.97000000000000064, -8.578981026812224210E-17, 2.158999999999999364 ) ) ;
#4108 = LINE ( 'NONE', #4903, #2100 ) ;
#4109 = COLOUR_RGB ( '',0.2509803921568627416, 0.2509803921568627416, 0.2509803921568627416 ) ;
#4110 = PLANE ( 'NONE',  #4499 ) ;
#4111 = ORIENTED_EDGE ( 'NONE', *, *, #121, .T. ) ;
#4112 = DIRECTION ( 'NONE',  ( -0.000000000000000000, -0.000000000000000000, 1.000000000000000000 ) ) ;
#4113 = LINE ( 'NONE', #5097, #2998 ) ;
#4114 = ORIENTED_EDGE ( 'NONE', *, *, #8494, .F. ) ;
#4115 = EDGE_CURVE ( 'NONE', #6521, #9723, #7718, .T. ) ;
#4116 = VECTOR ( 'NONE', #6790, 1000.000000000000000 ) ;
#4117 = EDGE_CURVE ( 'NONE', #8963, #1342, #6471, .T. ) ;
#4118 = VECTOR ( 'NONE', #8659, 1000.000000000000000 ) ;
#4119 = LINE ( 'NONE', #7177, #5949 ) ;
#4120 = EDGE_LOOP ( 'NONE', ( #5156, #6815, #1784, #2275 ) ) ;
#4121 = DIRECTION ( 'NONE',  ( -0.000000000000000000, 1.000000000000000000, 1.733406087350420004E-16 ) ) ;
#4122 = CARTESIAN_POINT ( 'NONE',  ( -3.810000000000000941, -8.578981026812224210E-17, 2.158999999999999364 ) ) ;
#4123 = UNCERTAINTY_MEASURE_WITH_UNIT (LENGTH_MEASURE( 1.000000000000000082E-05 ), #12713, 'distance_accuracy_value', 'NONE');
#4124 = FILL_AREA_STYLE_COLOUR ( '', #6946 ) ;
#4125 = CARTESIAN_POINT ( 'NONE',  ( 12.31900000000000084, 7.239000000000000767, 0.8889999999999997904 ) ) ;
#4126 = DIRECTION ( 'NONE',  ( 0.000000000000000000, -5.691349986800550837E-16, 1.000000000000000000 ) ) ;
#4127 = VERTEX_POINT ( 'NONE', #739 ) ;
#4128 = LINE ( 'NONE', #8109, #1165 ) ;
#4129 = AXIS2_PLACEMENT_3D ( 'NONE', #2159, #6262, #12250 ) ;
#4130 = DIRECTION ( 'NONE',  ( 0.000000000000000000, 1.607907343367028359E-16, -1.000000000000000000 ) ) ;
#4131 = ORIENTED_EDGE ( 'NONE', *, *, #1409, .F. ) ;
#4132 = EDGE_CURVE ( 'NONE', #11526, #8831, #672, .T. ) ;
#4133 = LINE ( 'NONE', #6143, #7160 ) ;
#4134 = ORIENTED_EDGE ( 'NONE', *, *, #3738, .T. ) ;
#4135 = AXIS2_PLACEMENT_3D ( 'NONE', #7375, #1579, #3468 ) ;
#4136 = CARTESIAN_POINT ( 'NONE',  ( -8.890000000000000568, 8.509000000000000341, 2.540000000000001812 ) ) ;
#4137 = ADVANCED_FACE ( 'NONE', ( #1719 ), #11481, .F. ) ;
#4138 = PLANE ( 'NONE',  #691 ) ;
#4139 = CONTEXT_DEPENDENT_SHAPE_REPRESENTATION ( #7066, #7535 ) ;
#4140 = DIRECTION ( 'NONE',  ( 1.000000000000000000, 0.000000000000000000, 0.000000000000000000 ) ) ;
#4141 = DIRECTION ( 'NONE',  ( 0.000000000000000000, -1.000000000000000000, -1.733406087350420004E-16 ) ) ;
#4142 = PLANE ( 'NONE',  #7624 ) ;
#4143 = LINE ( 'NONE', #1261, #3809 ) ;
#4144 = ORIENTED_EDGE ( 'NONE', *, *, #8421, .F. ) ;
#4145 = ORIENTED_EDGE ( 'NONE', *, *, #8322, .F. ) ;
#4146 = ORIENTED_EDGE ( 'NONE', *, *, #44, .T. ) ;
#4147 =( GEOMETRIC_REPRESENTATION_CONTEXT ( 3 ) GLOBAL_UNCERTAINTY_ASSIGNED_CONTEXT ( ( #5827 ) ) GLOBAL_UNIT_ASSIGNED_CONTEXT ( ( #6104, #9234, #294 ) ) REPRESENTATION_CONTEXT ( 'NONE', 'WORKASPACE' ) );
#4148 = ORIENTED_EDGE ( 'NONE', *, *, #12863, .T. ) ;
#4149 = DIRECTION ( 'NONE',  ( -1.000000000000000000, 0.000000000000000000, 0.000000000000000000 ) ) ;
#4150 = DIRECTION ( 'NONE',  ( 0.000000000000000000, 1.000000000000000000, 3.058038798877906014E-16 ) ) ;
#4151 = EDGE_CURVE ( 'NONE', #12259, #11491, #6545, .T. ) ;
#4152 = LINE ( 'NONE', #108, #2622 ) ;
#4153 = CARTESIAN_POINT ( 'NONE',  ( -13.08099999999999952, 8.064500000000002444, -0.8890000000000000124 ) ) ;
#4154 = CARTESIAN_POINT ( 'NONE',  ( 16.51000000000000156, 0.5080000000000006732, -2.022881810244994583 ) ) ;
#4155 = DIRECTION ( 'NONE',  ( -0.000000000000000000, 0.000000000000000000, 1.000000000000000000 ) ) ;
#4156 = VERTEX_POINT ( 'NONE', #4728 ) ;
#4157 = ORIENTED_EDGE ( 'NONE', *, *, #8999, .F. ) ;
#4158 = ORIENTED_EDGE ( 'NONE', *, *, #10122, .F. ) ;
#4159 = CARTESIAN_POINT ( 'NONE',  ( -16.51000000000000156, 6.505213034913026604E-16, -2.540000000000000924 ) ) ;
#4160 = EDGE_CURVE ( 'NONE', #1235, #1369, #538, .T. ) ;
#4161 = CARTESIAN_POINT ( 'NONE',  ( 27.94000000000000128, 7.239000000000000767, -2.201425730935033664E-16 ) ) ;
#4162 = DIRECTION ( 'NONE',  ( -1.000000000000000000, 0.000000000000000000, -0.000000000000000000 ) ) ;
#4163 = LINE ( 'NONE', #12099, #10377 ) ;
#4164 = LINE ( 'NONE', #1355, #756 ) ;
#4165 = CARTESIAN_POINT ( 'NONE',  ( 16.51000000000000156, 0.5080000000000000071, 2.022881810244992806 ) ) ;
#4166 = DIRECTION ( 'NONE',  ( 1.000000000000000000, 0.000000000000000000, -0.000000000000000000 ) ) ;
#4167 = DIRECTION ( 'NONE',  ( 0.7071067811865462405, -0.7071067811865489050, 0.000000000000000000 ) ) ;
#4168 = ORIENTED_EDGE ( 'NONE', *, *, #6322, .T. ) ;
#4169 = VERTEX_POINT ( 'NONE', #3613 ) ;
#4170 = CARTESIAN_POINT ( 'NONE',  ( -0.3809999999999993947, 8.064499999999998892, 1.651000000000000023 ) ) ;
#4171 = PLANE ( 'NONE',  #3616 ) ;
#4172 = ORIENTED_EDGE ( 'NONE', *, *, #6979, .F. ) ;
#4173 = ADVANCED_FACE ( 'NONE', ( #1592 ), #9609, .F. ) ;
#4174 = EDGE_CURVE ( 'NONE', #11601, #3423, #6682, .T. ) ;
#4175 = FACE_OUTER_BOUND ( 'NONE', #1204, .T. ) ;
#4176 = EDGE_LOOP ( 'NONE', ( #1831, #9114, #9227, #1700 ) ) ;
#4177 = AXIS2_PLACEMENT_3D ( 'NONE', #131, #7965, #5091 ) ;
#4178 = FACE_OUTER_BOUND ( 'NONE', #9551, .T. ) ;
#4179 = DIRECTION ( 'NONE',  ( 1.000000000000000000, 0.000000000000000000, 0.000000000000000000 ) ) ;
#4180 = ADVANCED_FACE ( 'NONE', ( #4532 ), #9672, .F. ) ;
#4181 = ADVANCED_FACE ( 'NONE', ( #610 ), #8506, .F. ) ;
#4182 =( LENGTH_UNIT ( ) NAMED_UNIT ( * ) SI_UNIT ( .MILLI., .METRE. ) );
#4183 = CARTESIAN_POINT ( 'NONE',  ( 15.62099999999999866, 8.064500000000002444, -0.8890000000000001235 ) ) ;
#4184 = LINE ( 'NONE', #2288, #3152 ) ;
#4185 = ORIENTED_EDGE ( 'NONE', *, *, #2984, .T. ) ;
#4186 = CARTESIAN_POINT ( 'NONE',  ( 15.24000000000000021, 7.239000000000000767, -2.201425730935033664E-16 ) ) ;
#4187 = DIRECTION ( 'NONE',  ( 0.000000000000000000, 1.607907343367028359E-16, -1.000000000000000000 ) ) ;
#4188 = EDGE_CURVE ( 'NONE', #9575, #1547, #11620, .T. ) ;
#4189 = VERTEX_POINT ( 'NONE', #474 ) ;
#4190 = VECTOR ( 'NONE', #4749, 1000.000000000000000 ) ;
#4191 = DIRECTION ( 'NONE',  ( 1.000000000000000000, 0.000000000000000000, 0.000000000000000000 ) ) ;
#4192 = VERTEX_POINT ( 'NONE', #4463 ) ;
#4193 = PLANE ( 'NONE',  #3466 ) ;
#4194 = CARTESIAN_POINT ( 'NONE',  ( 7.239000000000002544, 7.239000000000000767, 0.8889999999999997904 ) ) ;
#4195 = VECTOR ( 'NONE', #4246, 1000.000000000000000 ) ;
#4196 = CLOSED_SHELL ( 'NONE', ( #12132, #9929, #1383, #5837, #4512, #5067, #440, #10398, #7080, #598, #3776, #11622, #5701, #2118, #1471, #8174, #10155, #3077, #3262, #78, #3310, #3430, #6184, #7988, #1508, #10705, #9582, #675 ) ) ;
#4197 = CARTESIAN_POINT ( 'NONE',  ( -15.62099999999999866, 7.239000000000000767, -0.8890000000000001235 ) ) ;
#4198 = DIRECTION ( 'NONE',  ( 0.000000000000000000, -0.9659258262890701996, -0.2588190451025140226 ) ) ;
#4199 = EDGE_CURVE ( 'NONE', #2927, #3693, #2625, .T. ) ;
#4200 = CARTESIAN_POINT ( 'NONE',  ( -19.30400000000000205, 0.5080000000000000071, 2.022881810244992806 ) ) ;
#4201 = FACE_BOUND ( 'NONE', #10087, .T. ) ;
#4202 = ORIENTED_EDGE ( 'NONE', *, *, #2884, .F. ) ;
#4203 = VERTEX_POINT ( 'NONE', #7454 ) ;
#4204 = ORIENTED_EDGE ( 'NONE', *, *, #2678, .T. ) ;
#4205 = ADVANCED_FACE ( 'NONE', ( #12460 ), #11415, .F. ) ;
#4206 = AXIS2_PLACEMENT_3D ( 'NONE', #5923, #9903, #4955 ) ;
#4207 = VECTOR ( 'NONE', #7710, 1000.000000000000000 ) ;
#4208 = VERTEX_POINT ( 'NONE', #4662 ) ;
#4209 = PLANE ( 'NONE',  #11975 ) ;
#4210 = DIRECTION ( 'NONE',  ( 1.000000000000000000, -0.000000000000000000, -0.000000000000000000 ) ) ;
#4211 = FACE_BOUND ( 'NONE', #9888, .T. ) ;
#4212 = DIRECTION ( 'NONE',  ( 0.000000000000000000, -0.9659258262890700886, 0.2588190451025140226 ) ) ;
#4213 = LINE ( 'NONE', #6296, #11500 ) ;
#4214 = LINE ( 'NONE', #10277, #3389 ) ;
#4215 = AXIS2_PLACEMENT_3D ( 'NONE', #1017, #9943, #11814 ) ;
#4216 = VECTOR ( 'NONE', #8794, 1000.000000000000000 ) ;
#4217 = CARTESIAN_POINT ( 'NONE',  ( -2.920999999999999819, 7.239000000000000767, 0.8889999999999997904 ) ) ;
#4218 = ORIENTED_EDGE ( 'NONE', *, *, #141, .F. ) ;
#4219 = ORIENTED_EDGE ( 'NONE', *, *, #2663, .F. ) ;
#4220 = ORIENTED_EDGE ( 'NONE', *, *, #12632, .T. ) ;
#4221 = EDGE_CURVE ( 'NONE', #6251, #11798, #8630, .T. ) ;
#4222 = EDGE_CURVE ( 'NONE', #5496, #6617, #7520, .T. ) ;
#4223 = VERTEX_POINT ( 'NONE', #11739 ) ;
#4224 = VECTOR ( 'NONE', #9875, 1000.000000000000000 ) ;
#4225 = DIRECTION ( 'NONE',  ( 0.000000000000000000, -2.251701056906096594E-16, -1.000000000000000000 ) ) ;
#4226 = CARTESIAN_POINT ( 'NONE',  ( -12.57300000000000040, 7.810500000000002885, -1.143000000000000460 ) ) ;
#4227 = LINE ( 'NONE', #10093, #3094 ) ;
#4228 = LINE ( 'NONE', #9124, #5540 ) ;
#4229 = DIRECTION ( 'NONE',  ( 0.000000000000000000, -0.000000000000000000, -1.000000000000000000 ) ) ;
#4230 = DIRECTION ( 'NONE',  ( -0.000000000000000000, 1.000000000000000000, 1.733406087350420004E-16 ) ) ;
#4231 = AXIS2_PLACEMENT_3D ( 'NONE', #6498, #11570, #9439 ) ;
#4232 = EDGE_CURVE ( 'NONE', #1235, #11910, #5035, .T. ) ;
#4233 = PLANE ( 'NONE',  #2619 ) ;
#4234 = ORIENTED_EDGE ( 'NONE', *, *, #10716, .T. ) ;
#4235 = VERTEX_POINT ( 'NONE', #8035 ) ;
#4236 = FACE_OUTER_BOUND ( 'NONE', #3835, .T. ) ;
#4237 = LINE ( 'NONE', #1181, #8033 ) ;
#4238 = ORIENTED_EDGE ( 'NONE', *, *, #4811, .T. ) ;
#4239 = EDGE_LOOP ( 'NONE', ( #5483, #565, #9734, #10118 ) ) ;
#4240 = EDGE_CURVE ( 'NONE', #2367, #3564, #7973, .T. ) ;
#4241 = EDGE_LOOP ( 'NONE', ( #9975, #1576, #3556, #12875 ) ) ;
#4242 = DIRECTION ( 'NONE',  ( -1.000000000000000000, -0.000000000000000000, 0.000000000000000000 ) ) ;
#4243 = CARTESIAN_POINT ( 'NONE',  ( 1.270000000000000240, 0.5080000000000006732, -2.022881810244994583 ) ) ;
#4244 = DIRECTION ( 'NONE',  ( -0.5773502691896258421, 0.5773502691896236216, -0.5773502691896278405 ) ) ;
#4245 = CARTESIAN_POINT ( 'NONE',  ( 7.239000000000002544, 8.064500000000002444, -0.8890000000000001235 ) ) ;
#4246 = DIRECTION ( 'NONE',  ( 0.000000000000000000, 5.691349986800550837E-16, -1.000000000000000000 ) ) ;
#4247 = ORIENTED_EDGE ( 'NONE', *, *, #122, .T. ) ;
#4248 = DIRECTION ( 'NONE',  ( 1.000000000000000000, 0.000000000000000000, 0.000000000000000000 ) ) ;
#4249 = CARTESIAN_POINT ( 'NONE',  ( -11.42999999999999972, 8.509000000000000341, 2.540000000000001812 ) ) ;
#4250 = ORIENTED_EDGE ( 'NONE', *, *, #2061, .F. ) ;
#4251 = LINE ( 'NONE', #5294, #11608 ) ;
#4252 = VECTOR ( 'NONE', #11745, 1000.000000000000000 ) ;
#4253 = EDGE_CURVE ( 'NONE', #12156, #497, #12783, .T. ) ;
#4254 = EDGE_CURVE ( 'NONE', #1704, #12023, #9012, .T. ) ;
#4255 = DIRECTION ( 'NONE',  ( -1.000000000000000000, -0.000000000000000000, -0.000000000000000000 ) ) ;
#4256 = ORIENTED_EDGE ( 'NONE', *, *, #8900, .F. ) ;
#4257 = VECTOR ( 'NONE', #2296, 1000.000000000000000 ) ;
#4258 = CARTESIAN_POINT ( 'NONE',  ( 16.51000000000000156, 8.509000000000000341, -2.540000000000001812 ) ) ;
#4259 = EDGE_CURVE ( 'NONE', #5544, #9138, #8757, .T. ) ;
#4260 = LINE ( 'NONE', #408, #2982 ) ;
#4261 = EDGE_CURVE ( 'NONE', #10469, #1761, #9991, .T. ) ;
#4262 = AXIS2_PLACEMENT_3D ( 'NONE', #7870, #7804, #11886 ) ;
#4263 = CARTESIAN_POINT ( 'NONE',  ( 7.239000000000002544, 7.239000000000000767, -0.8890000000000001235 ) ) ;
#4264 = DIRECTION ( 'NONE',  ( 0.000000000000000000, -1.000000000000000000, 0.000000000000000000 ) ) ;
#4265 = CARTESIAN_POINT ( 'NONE',  ( 1.270000000000000240, 0.5080000000000000071, 2.022881810244992806 ) ) ;
#4266 = CARTESIAN_POINT ( 'NONE',  ( -8.890000000000000568, 8.509000000000000341, 2.540000000000001812 ) ) ;
#4267 = ORIENTED_EDGE ( 'NONE', *, *, #3629, .T. ) ;
#4268 = ORIENTED_EDGE ( 'NONE', *, *, #5467, .T. ) ;
#4269 = EDGE_LOOP ( 'NONE', ( #59, #11915, #1419, #8572 ) ) ;
#4270 = FACE_OUTER_BOUND ( 'NONE', #6665, .T. ) ;
#4271 = VECTOR ( 'NONE', #6616, 1000.000000000000000 ) ;
#4272 = VECTOR ( 'NONE', #4861, 1000.000000000000000 ) ;
#4273 = ORIENTED_EDGE ( 'NONE', *, *, #519, .T. ) ;
#4274 = ADVANCED_FACE ( 'NONE', ( #2098 ), #808, .F. ) ;
#4275 = CARTESIAN_POINT ( 'NONE',  ( -9.779000000000001691, 7.239000000000000767, 0.8889999999999997904 ) ) ;
#4276 = DIRECTION ( 'NONE',  ( 0.000000000000000000, -1.000000000000000000, 0.000000000000000000 ) ) ;
#4277 = AXIS2_PLACEMENT_3D ( 'NONE', #12522, #12586, #10699 ) ;
#4278 = PLANE ( 'NONE',  #389 ) ;
#4279 = CARTESIAN_POINT ( 'NONE',  ( 2.159000000000001140, 8.064500000000002444, -0.8890000000000001235 ) ) ;
#4280 = DIRECTION ( 'NONE',  ( 0.000000000000000000, 2.251701056906096594E-16, 1.000000000000000000 ) ) ;
#4281 = CARTESIAN_POINT ( 'NONE',  ( -1.270000000000000240, -8.578981026812224210E-17, 2.158999999999999364 ) ) ;
#4282 = VECTOR ( 'NONE', #8215, 1000.000000000000000 ) ;
#4283 = DIRECTION ( 'NONE',  ( -1.000000000000000000, -0.000000000000000000, -0.000000000000000000 ) ) ;
#4284 = VERTEX_POINT ( 'NONE', #8953 ) ;
#4285 = ORIENTED_EDGE ( 'NONE', *, *, #11922, .T. ) ;
#4286 = AXIS2_PLACEMENT_3D ( 'NONE', #1695, #4633, #6380 ) ;
#4287 = ORIENTED_EDGE ( 'NONE', *, *, #3079, .F. ) ;
#4288 = CARTESIAN_POINT ( 'NONE',  ( 0.8255000000000033422, 8.509000000000000341, 2.095500000000002139 ) ) ;
#4289 = VECTOR ( 'NONE', #10656, 1000.000000000000000 ) ;
#4290 = ORIENTED_EDGE ( 'NONE', *, *, #1688, .F. ) ;
#4291 = ADVANCED_FACE ( 'NONE', ( #4792 ), #4854, .F. ) ;
#4292 = VECTOR ( 'NONE', #6752, 1000.000000000000000 ) ;
#4293 = PRODUCT_DEFINITION_SHAPE ( 'NONE', 'NONE',  #12890 ) ;
#4294 = VECTOR ( 'NONE', #3766, 1000.000000000000000 ) ;
#4295 = CARTESIAN_POINT ( 'NONE',  ( 13.08099999999999952, 7.239000000000000767, 1.650999999999999801 ) ) ;
#4296 = CARTESIAN_POINT ( 'NONE',  ( -8.000999999999999446, 8.064500000000002444, -0.8890000000000001235 ) ) ;
#4297 = CARTESIAN_POINT ( 'NONE',  ( -5.460999999999998522, 7.239000000000000767, -0.8890000000000001235 ) ) ;
#4298 = DIRECTION ( 'NONE',  ( 0.7071067811865462405, -0.7071067811865489050, 0.000000000000000000 ) ) ;
#4299 = PLANE ( 'NONE',  #2201 ) ;
#4300 = LINE ( 'NONE', #8281, #3599 ) ;
#4301 = EDGE_CURVE ( 'NONE', #4533, #11350, #7783, .T. ) ;
#4302 = CARTESIAN_POINT ( 'NONE',  ( -18.16100000000000136, 7.239000000000000767, -0.8890000000000001235 ) ) ;
#4303 = VECTOR ( 'NONE', #8562, 1000.000000000000000 ) ;
#4304 = DIRECTION ( 'NONE',  ( -0.000000000000000000, -0.000000000000000000, 1.000000000000000000 ) ) ;
#4305 = VERTEX_POINT ( 'NONE', #936 ) ;
#4306 = ORIENTED_EDGE ( 'NONE', *, *, #6177, .T. ) ;
#4307 = VECTOR ( 'NONE', #10762, 1000.000000000000000 ) ;
#4308 = LINE ( 'NONE', #1505, #9950 ) ;
#4309 = ORIENTED_EDGE ( 'NONE', *, *, #6919, .F. ) ;
#4310 = ORIENTED_EDGE ( 'NONE', *, *, #9676, .T. ) ;
#4311 = ORIENTED_EDGE ( 'NONE', *, *, #10318, .F. ) ;
#4312 = VECTOR ( 'NONE', #9976, 1000.000000000000000 ) ;
#4313 = LINE ( 'NONE', #8294, #8066 ) ;
#4314 = DIRECTION ( 'NONE',  ( -0.000000000000000000, -0.7071067811865501263, -0.7071067811865449082 ) ) ;
#4315 = EDGE_CURVE ( 'NONE', #11693, #903, #10767, .T. ) ;
#4316 = DIRECTION ( 'NONE',  ( -0.000000000000000000, 0.000000000000000000, -1.000000000000000000 ) ) ;
#4317 = CARTESIAN_POINT ( 'NONE',  ( -5.460999999999998522, 7.239000000000000767, 0.8889999999999997904 ) ) ;
#4318 = LINE ( 'NONE', #465, #5250 ) ;
#4319 = ORIENTED_EDGE ( 'NONE', *, *, #6391, .T. ) ;
#4320 = VECTOR ( 'NONE', #3460, 1000.000000000000000 ) ;
#4321 = VECTOR ( 'NONE', #9263, 1000.000000000000000 ) ;
#4322 = LINE ( 'NONE', #468, #5332 ) ;
#4323 = CARTESIAN_POINT ( 'NONE',  ( 17.78000000000000114, 7.239000000000000767, -2.201425730935033664E-16 ) ) ;
#4324 = ORIENTED_EDGE ( 'NONE', *, *, #11158, .F. ) ;
#4325 = DIRECTION ( 'NONE',  ( 0.5773502691896268413, 0.5773502691896247319, -0.5773502691896256200 ) ) ;
#4326 = VECTOR ( 'NONE', #7937, 1000.000000000000000 ) ;
#4327 = ADVANCED_FACE ( 'NONE', ( #6011 ), #4912, .F. ) ;
#4328 = DIRECTION ( 'NONE',  ( -1.000000000000000000, -0.000000000000000000, -0.000000000000000000 ) ) ;
#4329 = VERTEX_POINT ( 'NONE', #3865 ) ;
#4330 = VECTOR ( 'NONE', #62, 1000.000000000000114 ) ;
#4331 = CARTESIAN_POINT ( 'NONE',  ( -10.54100000000000037, 7.239000000000000767, -1.651000000000000023 ) ) ;
#4332 = AXIS2_PLACEMENT_3D ( 'NONE', #3936, #2817, #10901 ) ;
#4333 = DIRECTION ( 'NONE',  ( 0.000000000000000000, 0.000000000000000000, 1.000000000000000000 ) ) ;
#4334 = CARTESIAN_POINT ( 'NONE',  ( 12.31900000000000084, 8.064500000000002444, -1.650999999999999801 ) ) ;
#4335 = CARTESIAN_POINT ( 'NONE',  ( -19.05000000000000071, 0.5080000000000000071, 2.022881810244992806 ) ) ;
#4336 = CARTESIAN_POINT ( 'NONE',  ( -3.810000000000000941, 8.509000000000000341, 2.540000000000001812 ) ) ;
#4337 = ORIENTED_EDGE ( 'NONE', *, *, #7138, .T. ) ;
#4338 = VERTEX_POINT ( 'NONE', #2813 ) ;
#4339 = ORIENTED_EDGE ( 'NONE', *, *, #10202, .F. ) ;
#4340 = FACE_OUTER_BOUND ( 'NONE', #9922, .T. ) ;
#4341 = ORIENTED_EDGE ( 'NONE', *, *, #11692, .F. ) ;
#4342 = ADVANCED_FACE ( 'NONE', ( #7843 ), #79, .F. ) ;
#4343 = ADVANCED_FACE ( 'NONE', ( #9797 ), #11019, .F. ) ;
#4344 = VECTOR ( 'NONE', #4632, 1000.000000000000000 ) ;
#4345 = ADVANCED_FACE ( 'NONE', ( #11865 ), #2946, .F. ) ;
#4346 = ORIENTED_EDGE ( 'NONE', *, *, #2560, .T. ) ;
#4347 = CARTESIAN_POINT ( 'NONE',  ( 6.350000000000001421, 0.5080000000000006732, -2.022881810244994583 ) ) ;
#4348 = CARTESIAN_POINT ( 'NONE',  ( -14.41449999999999676, 8.509000000000000341, -2.540000000000001812 ) ) ;
#4349 = DIRECTION ( 'NONE',  ( 0.000000000000000000, 0.000000000000000000, -1.000000000000000000 ) ) ;
#4350 = EDGE_CURVE ( 'NONE', #1205, #3815, #5947, .T. ) ;
#4351 = LINE ( 'NONE', #3232, #2555 ) ;
#4352 = LINE ( 'NONE', #6297, #10042 ) ;
#4353 = EDGE_CURVE ( 'NONE', #3823, #9596, #3991, .T. ) ;
#4354 = VECTOR ( 'NONE', #1272, 1000.000000000000114 ) ;
#4355 = VECTOR ( 'NONE', #12566, 999.9999999999998863 ) ;
#4356 = CARTESIAN_POINT ( 'NONE',  ( 9.779000000000003467, 7.239000000000000767, -1.651000000000000023 ) ) ;
#4357 = ORIENTED_EDGE ( 'NONE', *, *, #9383, .T. ) ;
#4358 = EDGE_LOOP ( 'NONE', ( #6259, #11787, #9160, #8013, #5662, #5882, #6441, #2247 ) ) ;
#4359 = ORIENTED_EDGE ( 'NONE', *, *, #2289, .T. ) ;
#4360 = ADVANCED_FACE ( 'NONE', ( #11519 ), #9073, .F. ) ;
#4361 = CARTESIAN_POINT ( 'NONE',  ( 19.05000000000000071, 6.505213034913026604E-16, -2.540000000000000924 ) ) ;
#4362 = ORIENTED_EDGE ( 'NONE', *, *, #9278, .F. ) ;
#4363 = AXIS2_PLACEMENT_3D ( 'NONE', #7478, #5717, #10788 ) ;
#4364 = DIRECTION ( 'NONE',  ( 0.000000000000000000, 0.000000000000000000, 1.000000000000000000 ) ) ;
#4365 = LINE ( 'NONE', #9585, #3277 ) ;
#4366 = DIRECTION ( 'NONE',  ( -1.000000000000000000, -0.000000000000000000, -0.000000000000000000 ) ) ;
#4367 = CARTESIAN_POINT ( 'NONE',  ( -12.31900000000000084, 7.239000000000000767, -1.651000000000000023 ) ) ;
#4368 = FACE_OUTER_BOUND ( 'NONE', #5976, .T. ) ;
#4369 = FACE_OUTER_BOUND ( 'NONE', #12653, .T. ) ;
#4370 = LINE ( 'NONE', #11324, #9767 ) ;
#4371 = CARTESIAN_POINT ( 'NONE',  ( 3.810000000000000941, 0.000000000000000000, 2.539999999999999147 ) ) ;
#4372 = ORIENTED_EDGE ( 'NONE', *, *, #12136, .T. ) ;
#4373 = ORIENTED_EDGE ( 'NONE', *, *, #6944, .F. ) ;
#4374 = EDGE_CURVE ( 'NONE', #4705, #11492, #3582, .T. ) ;
#4375 = DIRECTION ( 'NONE',  ( 0.000000000000000000, -0.9659258262890701996, -0.2588190451025140226 ) ) ;
#4376 = DIRECTION ( 'NONE',  ( -1.000000000000000000, 0.000000000000000000, 0.000000000000000000 ) ) ;
#4377 = EDGE_LOOP ( 'NONE', ( #8240, #5325, #9381, #6053 ) ) ;
#4378 = VECTOR ( 'NONE', #10081, 1000.000000000000000 ) ;
#4379 = ORIENTED_EDGE ( 'NONE', *, *, #606, .F. ) ;
#4380 = EDGE_CURVE ( 'NONE', #1788, #5510, #4119, .T. ) ;
#4381 = EDGE_LOOP ( 'NONE', ( #3495, #8814, #3175, #7170 ) ) ;
#4382 = LINE ( 'NONE', #1370, #4321 ) ;
#4383 = DIRECTION ( 'NONE',  ( -0.000000000000000000, -0.7071067811865482389, -0.7071067811865469066 ) ) ;
#4384 = DIRECTION ( 'NONE',  ( 0.000000000000000000, 0.000000000000000000, -1.000000000000000000 ) ) ;
#4385 = VECTOR ( 'NONE', #2414, 1000.000000000000000 ) ;
#4386 = FACE_OUTER_BOUND ( 'NONE', #7486, .T. ) ;
#4387 = CARTESIAN_POINT ( 'NONE',  ( 13.97000000000000064, 0.000000000000000000, 2.539999999999999147 ) ) ;
#4388 = ORIENTED_EDGE ( 'NONE', *, *, #2681, .T. ) ;
#4389 = CARTESIAN_POINT ( 'NONE',  ( 7.239000000000002544, 7.239000000000000767, -1.651000000000000023 ) ) ;
#4390 = LINE ( 'NONE', #7581, #74 ) ;
#4391 = ORIENTED_EDGE ( 'NONE', *, *, #10384, .F. ) ;
#4392 = CARTESIAN_POINT ( 'NONE',  ( 10.98550000000000182, 8.509000000000000341, -2.095500000000001695 ) ) ;
#4393 = ADVANCED_FACE ( 'NONE', ( #10477 ), #503, .F. ) ;
#4394 = VECTOR ( 'NONE', #3742, 1000.000000000000000 ) ;
#4395 = LINE ( 'NONE', #340, #273 ) ;
#4396 = VERTEX_POINT ( 'NONE', #11082 ) ;
#4397 =( REPRESENTATION_RELATIONSHIP ('NONE','NONE', #12679, #10636 ) REPRESENTATION_RELATIONSHIP_WITH_TRANSFORMATION ( #12137 )SHAPE_REPRESENTATION_RELATIONSHIP( ) );
#4398 = DIRECTION ( 'NONE',  ( 0.000000000000000000, -1.733406087350420004E-16, 1.000000000000000000 ) ) ;
#4399 =( LENGTH_UNIT ( ) NAMED_UNIT ( * ) SI_UNIT ( .MILLI., .METRE. ) );
#4400 = LINE ( 'NONE', #7392, #9261 ) ;
#4401 = CARTESIAN_POINT ( 'NONE',  ( 5.461000000000000298, 7.239000000000000767, 1.650999999999999801 ) ) ;
#4402 = VECTOR ( 'NONE', #11012, 1000.000000000000000 ) ;
#4403 = FACE_OUTER_BOUND ( 'NONE', #6756, .T. ) ;
#4404 = ADVANCED_FACE ( 'NONE', ( #4175 ), #3515, .F. ) ;
#4405 = DIRECTION ( 'NONE',  ( 0.000000000000000000, -1.000000000000000000, -0.000000000000000000 ) ) ;
#4406 = ORIENTED_EDGE ( 'NONE', *, *, #7132, .T. ) ;
#4407 = ORIENTED_EDGE ( 'NONE', *, *, #12669, .T. ) ;
#4408 = ORIENTED_EDGE ( 'NONE', *, *, #5535, .T. ) ;
#4409 = PLANE ( 'NONE',  #10146 ) ;
#4410 = ORIENTED_EDGE ( 'NONE', *, *, #6450, .T. ) ;
#4411 = PRODUCT_DEFINITION_SHAPE ( 'NONE', 'NONE',  #11965 ) ;
#4412 = ORIENTED_EDGE ( 'NONE', *, *, #2335, .T. ) ;
#4413 = VECTOR ( 'NONE', #10707, 1000.000000000000000 ) ;
#4414 = CARTESIAN_POINT ( 'NONE',  ( -10.54100000000000037, 8.064499999999998892, 1.650999999999999801 ) ) ;
#4415 = DIRECTION ( 'NONE',  ( 1.000000000000000000, 0.000000000000000000, -0.000000000000000000 ) ) ;
#4416 =( NAMED_UNIT ( * ) SI_UNIT ( $, .STERADIAN. ) SOLID_ANGLE_UNIT ( ) );
#4417 = LINE ( 'NONE', #6431, #9928 ) ;
#4418 = PLANE ( 'NONE',  #11917 ) ;
#4419 = VERTEX_POINT ( 'NONE', #8158 ) ;
#4420 = LINE ( 'NONE', #7547, #4668 ) ;
#4421 = EDGE_CURVE ( 'NONE', #11047, #2997, #1557, .T. ) ;
#4422 = DIRECTION ( 'NONE',  ( 1.000000000000000000, 0.000000000000000000, 0.000000000000000000 ) ) ;
#4423 = ORIENTED_EDGE ( 'NONE', *, *, #7209, .F. ) ;
#4424 = ORIENTED_EDGE ( 'NONE', *, *, #10829, .T. ) ;
#4425 = ORIENTED_EDGE ( 'NONE', *, *, #2178, .F. ) ;
#4426 = AXIS2_PLACEMENT_3D ( 'NONE', #5017, #5805, #11847 ) ;
#4427 = AXIS2_PLACEMENT_3D ( 'NONE', #8807, #12836, #12769 ) ;
#4428 = EDGE_CURVE ( 'NONE', #6908, #1342, #139, .T. ) ;
#4429 = EDGE_LOOP ( 'NONE', ( #12045, #10653, #10134, #7469 ) ) ;
#4430 = EDGE_CURVE ( 'NONE', #3505, #8992, #12430, .T. ) ;
#4431 = DIRECTION ( 'NONE',  ( 0.000000000000000000, 1.000000000000000000, -2.338910953479677683E-16 ) ) ;
#4432 = DIRECTION ( 'NONE',  ( -1.000000000000000000, -0.000000000000000000, -0.000000000000000000 ) ) ;
#4433 = PLANE ( 'NONE',  #10360 ) ;
#4434 = AXIS2_PLACEMENT_3D ( 'NONE', #9823, #4879, #8974 ) ;
#4435 =( NAMED_UNIT ( * ) PLANE_ANGLE_UNIT ( ) SI_UNIT ( $, .RADIAN. ) );
#4436 = AXIS2_PLACEMENT_3D ( 'NONE', #9181, #9250, #4229 ) ;
#4437 = ADVANCED_FACE ( 'NONE', ( #4496 ), #1183, .F. ) ;
#4438 = DIRECTION ( 'NONE',  ( -1.000000000000000000, -0.000000000000000000, -0.000000000000000000 ) ) ;
#4439 = CARTESIAN_POINT ( 'NONE',  ( 9.779000000000003467, 7.239000000000000767, 0.8889999999999997904 ) ) ;
#4440 = LINE ( 'NONE', #7430, #1287 ) ;
#4441 = CARTESIAN_POINT ( 'NONE',  ( 5.206999999999999851, 7.810499999999998444, 1.143000000000000016 ) ) ;
#4442 = ADVANCED_FACE ( 'NONE', ( #5531 ), #7115, .F. ) ;
#4443 = CARTESIAN_POINT ( 'NONE',  ( -5.460999999999998522, 8.064500000000002444, -0.8890000000000000124 ) ) ;
#4444 = VERTEX_POINT ( 'NONE', #7424 ) ;
#4445 = EDGE_LOOP ( 'NONE', ( #10104, #12599, #9690, #251 ) ) ;
#4446 = CARTESIAN_POINT ( 'NONE',  ( 9.779000000000003467, 8.064500000000002444, -1.650999999999999801 ) ) ;
#4447 = FACE_OUTER_BOUND ( 'NONE', #5124, .T. ) ;
#4448 = ORIENTED_EDGE ( 'NONE', *, *, #8652, .F. ) ;
#4449 = ORIENTED_EDGE ( 'NONE', *, *, #2344, .T. ) ;
#4450 = VECTOR ( 'NONE', #6467, 1000.000000000000000 ) ;
#4451 = EDGE_LOOP ( 'NONE', ( #8449, #6051, #1278, #12273 ) ) ;
#4452 = EDGE_CURVE ( 'NONE', #2157, #2175, #12051, .T. ) ;
#4453 = VECTOR ( 'NONE', #12483, 1000.000000000000114 ) ;
#4454 = DIRECTION ( 'NONE',  ( -1.000000000000000000, 0.000000000000000000, -0.000000000000000000 ) ) ;
#4455 = CARTESIAN_POINT ( 'NONE',  ( 11.43000000000000327, 0.5080000000000000071, 2.022881810244992806 ) ) ;
#4456 = DIRECTION ( 'NONE',  ( -0.000000000000000000, 1.000000000000000000, 1.733406087350420004E-16 ) ) ;
#4457 = DIRECTION ( 'NONE',  ( 0.7071067811865462405, -0.7071067811865489050, 0.000000000000000000 ) ) ;
#4458 = DIRECTION ( 'NONE',  ( 0.000000000000000000, 1.000000000000000000, 3.058038798877906014E-16 ) ) ;
#4459 = EDGE_LOOP ( 'NONE', ( #5657, #4623, #5916, #11952 ) ) ;
#4460 = CARTESIAN_POINT ( 'NONE',  ( 19.30400000000000205, 0.5080000000000006732, -2.022881810244994583 ) ) ;
#4461 = VERTEX_POINT ( 'NONE', #1240 ) ;
#4462 = LINE ( 'NONE', #3544, #3500 ) ;
#4463 = CARTESIAN_POINT ( 'NONE',  ( -19.05000000000000071, 8.509000000000000341, -2.540000000000001812 ) ) ;
#4464 = ORIENTED_EDGE ( 'NONE', *, *, #7929, .F. ) ;
#4465 = CARTESIAN_POINT ( 'NONE',  ( -17.39900000000000091, 7.239000000000000767, -0.8890000000000001235 ) ) ;
#4466 =( LENGTH_UNIT ( ) NAMED_UNIT ( * ) SI_UNIT ( .MILLI., .METRE. ) );
#4467 = LINE ( 'NONE', #3488, #8034 ) ;
#4468 = DIRECTION ( 'NONE',  ( -0.000000000000000000, 1.000000000000000000, 5.691349986800550837E-16 ) ) ;
#4469 = EDGE_CURVE ( 'NONE', #633, #413, #2156, .T. ) ;
#4470 = STYLED_ITEM ( 'NONE', ( #5575 ), #6487 ) ;
#4471 = DIRECTION ( 'NONE',  ( 0.000000000000000000, -1.733406087350420004E-16, 1.000000000000000000 ) ) ;
#4472 = CARTESIAN_POINT ( 'NONE',  ( 17.39900000000000091, 8.064499999999998892, 1.650999999999999801 ) ) ;
#4473 = EDGE_LOOP ( 'NONE', ( #1331, #1051, #419, #2882 ) ) ;
#4474 = ORIENTED_EDGE ( 'NONE', *, *, #11497, .T. ) ;
#4475 = ORIENTED_EDGE ( 'NONE', *, *, #8100, .F. ) ;
#4476 = CARTESIAN_POINT ( 'NONE',  ( -12.31900000000000084, 7.239000000000000767, -0.8890000000000001235 ) ) ;
#4477 = ORIENTED_EDGE ( 'NONE', *, *, #10578, .F. ) ;
#4478 = ORIENTED_EDGE ( 'NONE', *, *, #12508, .T. ) ;
#4479 = DIRECTION ( 'NONE',  ( -1.000000000000000000, -0.000000000000000000, -0.000000000000000000 ) ) ;
#4480 = DIRECTION ( 'NONE',  ( -0.000000000000000000, -0.000000000000000000, 1.000000000000000000 ) ) ;
#4481 = CARTESIAN_POINT ( 'NONE',  ( -2.540000000000000480, 0.000000000000000000, 0.000000000000000000 ) ) ;
#4482 = PLANE ( 'NONE',  #10925 ) ;
#4483 = CARTESIAN_POINT ( 'NONE',  ( 8.890000000000002345, 4.336808689942017736E-16, -2.159000000000001140 ) ) ;
#4484 = ORIENTED_EDGE ( 'NONE', *, *, #1486, .F. ) ;
#4485 = EDGE_CURVE ( 'NONE', #2798, #4956, #5161, .T. ) ;
#4486 = DIRECTION ( 'NONE',  ( 0.000000000000000000, 0.000000000000000000, 1.000000000000000000 ) ) ;
#4487 = LINE ( 'NONE', #567, #65 ) ;
#4488 = EDGE_LOOP ( 'NONE', ( #12088, #11967, #839, #3093 ) ) ;
#4489 = ORIENTED_EDGE ( 'NONE', *, *, #5267, .F. ) ;
#4490 = VERTEX_POINT ( 'NONE', #9449 ) ;
#4491 = DIRECTION ( 'NONE',  ( 0.000000000000000000, -0.7071067811865499042, 0.7071067811865451302 ) ) ;
#4492 = VECTOR ( 'NONE', #3472, 1000.000000000000000 ) ;
#4493 = VERTEX_POINT ( 'NONE', #2463 ) ;
#4494 = AXIS2_PLACEMENT_3D ( 'NONE', #6866, #10830, #7910 ) ;
#4495 = EDGE_CURVE ( 'NONE', #12156, #12248, #197, .T. ) ;
#4496 = FACE_OUTER_BOUND ( 'NONE', #6189, .T. ) ;
#4497 = LINE ( 'NONE', #505, #4841 ) ;
#4498 = CARTESIAN_POINT ( 'NONE',  ( -18.60549999999999926, 8.509000000000000341, -2.540000000000001812 ) ) ;
#4500 = CARTESIAN_POINT ( 'NONE',  ( -6.794499999999996653, 8.509000000000000341, 2.095500000000002139 ) ) ;
#4499 = AXIS2_PLACEMENT_3D ( 'NONE', #8091, #451, #11571 ) ;
#4501 = LINE ( 'NONE', #1429, #174 ) ;
#4502 = LINE ( 'NONE', #10357, #10944 ) ;
#4503 = PLANE ( 'NONE',  #3380 ) ;
#4504 = DIRECTION ( 'NONE',  ( -1.000000000000000000, -0.000000000000000000, -0.000000000000000000 ) ) ;
#4505 = VERTEX_POINT ( 'NONE', #12357 ) ;
#4506 = VERTEX_POINT ( 'NONE', #3446 ) ;
#4507 = DIRECTION ( 'NONE',  ( 0.7071067811865462405, -0.7071067811865489050, 0.000000000000000000 ) ) ;
#4508 = VECTOR ( 'NONE', #7927, 1000.000000000000114 ) ;
#4509 = DIRECTION ( 'NONE',  ( 0.000000000000000000, 0.000000000000000000, -1.000000000000000000 ) ) ;
#4510 = EDGE_LOOP ( 'NONE', ( #2947, #5586, #9171, #8990 ) ) ;
#4511 = EDGE_LOOP ( 'NONE', ( #11738, #5932, #9747, #5314, #9040, #452, #6337, #5898 ) ) ;
#4512 = ADVANCED_FACE ( 'NONE', ( #6443 ), #10414, .F. ) ;
#4513 = VECTOR ( 'NONE', #1913, 1000.000000000000000 ) ;
#4514 = EDGE_CURVE ( 'NONE', #9578, #4235, #10671, .T. ) ;
#4515 = VECTOR ( 'NONE', #6903, 999.9999999999998863 ) ;
#4516 = EDGE_CURVE ( 'NONE', #321, #11171, #2855, .T. ) ;
#4517 = ORIENTED_EDGE ( 'NONE', *, *, #11005, .T. ) ;
#4518 = CARTESIAN_POINT ( 'NONE',  ( 5.461000000000000298, 7.239000000000000767, 0.8889999999999997904 ) ) ;
#4519 = DIRECTION ( 'NONE',  ( -1.000000000000000000, 0.000000000000000000, 0.000000000000000000 ) ) ;
#4520 = FACE_OUTER_BOUND ( 'NONE', #1812, .T. ) ;
#4521 = CARTESIAN_POINT ( 'NONE',  ( -1.270000000000000240, 4.336808689942017736E-16, -2.159000000000001140 ) ) ;
#4522 = DIRECTION ( 'NONE',  ( 0.000000000000000000, 0.000000000000000000, 1.000000000000000000 ) ) ;
#4523 = EDGE_CURVE ( 'NONE', #6204, #5428, #4885, .T. ) ;
#4524 = EDGE_LOOP ( 'NONE', ( #6364, #8964, #3773, #10329 ) ) ;
#4525 = EDGE_CURVE ( 'NONE', #7303, #12263, #1628, .T. ) ;
#4526 = CARTESIAN_POINT ( 'NONE',  ( -4.698999999999999844, 7.239000000000000767, 1.650999999999999801 ) ) ;
#4527 = CARTESIAN_POINT ( 'NONE',  ( -8.000999999999999446, 8.064499999999998892, 1.651000000000000023 ) ) ;
#4528 = ORIENTED_EDGE ( 'NONE', *, *, #8596, .T. ) ;
#4529 = DIRECTION ( 'NONE',  ( -0.000000000000000000, 1.000000000000000000, 5.691349986800550837E-16 ) ) ;
#4530 = ADVANCED_FACE ( 'NONE', ( #10607 ), #8731, .T. ) ;
#4531 = VECTOR ( 'NONE', #7812, 1000.000000000000000 ) ;
#4532 = FACE_OUTER_BOUND ( 'NONE', #12475, .T. ) ;
#4533 = VERTEX_POINT ( 'NONE', #10804 ) ;
#4534 = DIRECTION ( 'NONE',  ( 0.000000000000000000, -1.000000000000000000, -1.733406087350420004E-16 ) ) ;
#4535 = VECTOR ( 'NONE', #4242, 1000.000000000000000 ) ;
#4536 = LINE ( 'NONE', #5577, #5933 ) ;
#4537 = CARTESIAN_POINT ( 'NONE',  ( 5.461000000000000298, 7.239000000000000767, 1.650999999999999801 ) ) ;
#4538 = DIRECTION ( 'NONE',  ( 0.000000000000000000, -1.000000000000000000, 1.019346266292635338E-16 ) ) ;
#4539 = VECTOR ( 'NONE', #9477, 1000.000000000000000 ) ;
#4540 = LINE ( 'NONE', #8515, #1518 ) ;
#4541 = ORIENTED_EDGE ( 'NONE', *, *, #12375, .F. ) ;
#4542 = ORIENTED_EDGE ( 'NONE', *, *, #3705, .F. ) ;
#4543 = ORIENTED_EDGE ( 'NONE', *, *, #8179, .F. ) ;
#4544 = ADVANCED_FACE ( 'NONE', ( #8598 ), #909, .F. ) ;
#4545 = DIRECTION ( 'NONE',  ( -1.000000000000000000, 0.000000000000000000, 0.000000000000000000 ) ) ;
#4546 = ORIENTED_EDGE ( 'NONE', *, *, #7121, .F. ) ;
#4547 = AXIS2_PLACEMENT_3D ( 'NONE', #7333, #5021, #4039 ) ;
#4548 = ADVANCED_FACE ( 'NONE', ( #6710 ), #7746, .F. ) ;
#4549 = ORIENTED_EDGE ( 'NONE', *, *, #9654, .T. ) ;
#4550 = VECTOR ( 'NONE', #5591, 1000.000000000000000 ) ;
#4551 = PLANE ( 'NONE',  #8038 ) ;
#4552 = DIRECTION ( 'NONE',  ( -1.000000000000000000, 0.000000000000000000, 0.000000000000000000 ) ) ;
#4553 = CARTESIAN_POINT ( 'NONE',  ( 6.350000000000001421, -8.578981026812224210E-17, 2.158999999999999364 ) ) ;
#4554 = LINE ( 'NONE', #10342, #10849 ) ;
#4555 = ORIENTED_EDGE ( 'NONE', *, *, #10745, .F. ) ;
#4556 = LINE ( 'NONE', #2651, #10262 ) ;
#4557 = CARTESIAN_POINT ( 'NONE',  ( -13.97000000000000064, 0.000000000000000000, 2.539999999999999147 ) ) ;
#4558 = VERTEX_POINT ( 'NONE', #2786 ) ;
#4559 = ORIENTED_EDGE ( 'NONE', *, *, #10802, .F. ) ;
#4560 = ORIENTED_EDGE ( 'NONE', *, *, #861, .F. ) ;
#4561 = DIRECTION ( 'NONE',  ( -0.000000000000000000, 0.000000000000000000, 1.000000000000000000 ) ) ;
#4562 = VECTOR ( 'NONE', #4210, 1000.000000000000000 ) ;
#4563 = EDGE_CURVE ( 'NONE', #5379, #11171, #1878, .T. ) ;
#4564 = ORIENTED_EDGE ( 'NONE', *, *, #6054, .F. ) ;
#4565 = DIRECTION ( 'NONE',  ( -0.000000000000000000, 1.000000000000000000, 1.733406087350420004E-16 ) ) ;
#4566 = FACE_OUTER_BOUND ( 'NONE', #11209, .T. ) ;
#4567 = VECTOR ( 'NONE', #6517, 1000.000000000000000 ) ;
#4568 = DIRECTION ( 'NONE',  ( 0.000000000000000000, 1.000000000000000000, 3.058038798877906014E-16 ) ) ;
#4569 = LINE ( 'NONE', #9454, #2466 ) ;
#4570 = LINE ( 'NONE', #4439, #11353 ) ;
#4571 = DIRECTION ( 'NONE',  ( 0.000000000000000000, 1.733406087350420004E-16, -1.000000000000000000 ) ) ;
#4572 = FACE_OUTER_BOUND ( 'NONE', #6352, .T. ) ;
#4573 = ORIENTED_EDGE ( 'NONE', *, *, #1481, .F. ) ;
#4574 = VERTEX_POINT ( 'NONE', #7881 ) ;
#4575 = LINE ( 'NONE', #3731, #4947 ) ;
#4576 = CARTESIAN_POINT ( 'NONE',  ( 19.05000000000000071, 0.5080000000000000071, 2.022881810244992806 ) ) ;
#4577 = EDGE_LOOP ( 'NONE', ( #9254, #271, #10442, #11811, #9258, #2527, #483, #7681 ) ) ;
#4578 = ORIENTED_EDGE ( 'NONE', *, *, #5703, .T. ) ;
#4579 = AXIS2_PLACEMENT_3D ( 'NONE', #3722, #7750, #11718 ) ;
#4580 = ORIENTED_EDGE ( 'NONE', *, *, #12290, .T. ) ;
#4581 = CARTESIAN_POINT ( 'NONE',  ( -15.62099999999999866, 7.239000000000000767, -0.8890000000000001235 ) ) ;
#4582 = LINE ( 'NONE', #7575, #5177 ) ;
#4583 = CARTESIAN_POINT ( 'NONE',  ( 7.239000000000002544, 7.239000000000000767, -1.651000000000000023 ) ) ;
#4584 = CARTESIAN_POINT ( 'NONE',  ( -2.159000000000001140, 8.064500000000002444, -1.650999999999999801 ) ) ;
#4585 = EDGE_CURVE ( 'NONE', #4608, #8992, #6167, .T. ) ;
#4586 = VECTOR ( 'NONE', #6845, 1000.000000000000000 ) ;
#4587 = PLANE ( 'NONE',  #307 ) ;
#4588 = EDGE_CURVE ( 'NONE', #656, #3427, #5854, .T. ) ;
#4589 = ORIENTED_EDGE ( 'NONE', *, *, #536, .T. ) ;
#4590 = SURFACE_STYLE_FILL_AREA ( #9271 ) ;
#4591 = ADVANCED_FACE ( 'NONE', ( #7815 ), #3777, .F. ) ;
#4592 = CARTESIAN_POINT ( 'NONE',  ( -8.000999999999999446, 7.239000000000000767, -0.8890000000000001235 ) ) ;
#4593 = ORIENTED_EDGE ( 'NONE', *, *, #6224, .F. ) ;
#4594 = DIRECTION ( 'NONE',  ( 0.000000000000000000, -5.691349986800550837E-16, 1.000000000000000000 ) ) ;
#4595 = CARTESIAN_POINT ( 'NONE',  ( -6.349999999999999645, 0.000000000000000000, 2.539999999999999147 ) ) ;
#4596 = ADVANCED_FACE ( 'NONE', ( #4696 ), #11777, .F. ) ;
#4597 = VERTEX_POINT ( 'NONE', #3836 ) ;
#4598 = EDGE_CURVE ( 'NONE', #10956, #2852, #7687, .T. ) ;
#4599 = CARTESIAN_POINT ( 'NONE',  ( -6.349999999999999645, 0.000000000000000000, 2.539999999999999147 ) ) ;
#4600 = DIRECTION ( 'NONE',  ( -0.000000000000000000, 0.000000000000000000, 1.000000000000000000 ) ) ;
#4601 = EDGE_CURVE ( 'NONE', #7810, #5382, #2721, .T. ) ;
#4602 = CARTESIAN_POINT ( 'NONE',  ( -3.365500000000003933, 8.509000000000000341, -2.540000000000001812 ) ) ;
#4603 = CARTESIAN_POINT ( 'NONE',  ( 16.51000000000000156, 8.509000000000000341, -2.540000000000001812 ) ) ;
#4604 = DIRECTION ( 'NONE',  ( 0.000000000000000000, -1.000000000000000000, -1.733406087350420004E-16 ) ) ;
#4605 = CARTESIAN_POINT ( 'NONE',  ( -19.30400000000000205, 0.5080000000000006732, -2.022881810244994583 ) ) ;
#4606 = ORIENTED_EDGE ( 'NONE', *, *, #10018, .T. ) ;
#4607 = ORIENTED_EDGE ( 'NONE', *, *, #11930, .T. ) ;
#4608 = VERTEX_POINT ( 'NONE', #776 ) ;
#4609 = FACE_OUTER_BOUND ( 'NONE', #2766, .T. ) ;
#4610 = ORIENTED_EDGE ( 'NONE', *, *, #10318, .T. ) ;
#4611 = EDGE_LOOP ( 'NONE', ( #4346, #5698, #10029, #11000 ) ) ;
#4612 = CARTESIAN_POINT ( 'NONE',  ( -3.809999999999999165, 0.000000000000000000, 2.539999999999999147 ) ) ;
#4613 = LINE ( 'NONE', #3871, #11619 ) ;
#4614 = EDGE_CURVE ( 'NONE', #6703, #9583, #12687, .T. ) ;
#4615 = CARTESIAN_POINT ( 'NONE',  ( -12.69999999999999929, 0.000000000000000000, 0.000000000000000000 ) ) ;
#4616 = FACE_OUTER_BOUND ( 'NONE', #12642, .T. ) ;
#4617 = DIRECTION ( 'NONE',  ( -0.7071067811865462405, -0.7071067811865489050, 0.000000000000000000 ) ) ;
#4618 = EDGE_LOOP ( 'NONE', ( #10685, #5620, #7145, #3524 ) ) ;
#4619 = CARTESIAN_POINT ( 'NONE',  ( 11.43000000000000327, 8.509000000000000341, 2.540000000000001812 ) ) ;
#4620 = CARTESIAN_POINT ( 'NONE',  ( -8.000999999999999446, 8.064500000000002444, -1.650999999999999801 ) ) ;
#4621 = ORIENTED_EDGE ( 'NONE', *, *, #12807, .F. ) ;
#4622 = ORIENTED_EDGE ( 'NONE', *, *, #9134, .T. ) ;
#4623 = ORIENTED_EDGE ( 'NONE', *, *, #5627, .F. ) ;
#4624 = EDGE_CURVE ( 'NONE', #3194, #3528, #6773, .T. ) ;
#4625 = CARTESIAN_POINT ( 'NONE',  ( 16.51000000000000156, 0.000000000000000000, 0.000000000000000000 ) ) ;
#4626 = VECTOR ( 'NONE', #4047, 1000.000000000000000 ) ;
#4627 = VECTOR ( 'NONE', #7218, 1000.000000000000000 ) ;
#4628 = ORIENTED_EDGE ( 'NONE', *, *, #8967, .F. ) ;
#4629 = CARTESIAN_POINT ( 'NONE',  ( 0.3810000000000000053, 0.000000000000000000, 0.000000000000000000 ) ) ;
#4630 = DIRECTION ( 'NONE',  ( 0.000000000000000000, 5.691349986800550837E-16, -1.000000000000000000 ) ) ;
#4631 = CARTESIAN_POINT ( 'NONE',  ( -19.05000000000000071, -8.578981026812224210E-17, 2.158999999999999364 ) ) ;
#4632 = DIRECTION ( 'NONE',  ( -1.000000000000000000, -0.000000000000000000, -0.000000000000000000 ) ) ;
#4633 = DIRECTION ( 'NONE',  ( 0.000000000000000000, 0.2588190451025140226, -0.9659258262890701996 ) ) ;
#4634 = FACE_OUTER_BOUND ( 'NONE', #25, .T. ) ;
#4635 = CARTESIAN_POINT ( 'NONE',  ( 16.51000000000000156, 0.5080000000000006732, -2.022881810244994583 ) ) ;
#4636 = AXIS2_PLACEMENT_3D ( 'NONE', #11166, #4264, #7079 ) ;
#4637 = VECTOR ( 'NONE', #441, 1000.000000000000000 ) ;
#4638 = VERTEX_POINT ( 'NONE', #840 ) ;
#4639 = VERTEX_POINT ( 'NONE', #2920 ) ;
#4640 = EDGE_CURVE ( 'NONE', #3959, #749, #10863, .T. ) ;
#4641 = PRESENTATION_STYLE_ASSIGNMENT (( #8545 ) ) ;
#4642 = CARTESIAN_POINT ( 'NONE',  ( 8.890000000000002345, 6.505213034913026604E-16, -2.540000000000000924 ) ) ;
#4643 = EDGE_LOOP ( 'NONE', ( #5413, #9009, #794, #999 ) ) ;
#4644 = ORIENTED_EDGE ( 'NONE', *, *, #10122, .T. ) ;
#4645 = STYLED_ITEM ( 'NONE', ( #12433 ), #6228 ) ;
#4646 = VECTOR ( 'NONE', #11722, 1000.000000000000000 ) ;
#4647 = AXIS2_PLACEMENT_3D ( 'NONE', #6918, #130, #10887 ) ;
#4648 = ORIENTED_EDGE ( 'NONE', *, *, #3513, .F. ) ;
#4649 = DIRECTION ( 'NONE',  ( 1.000000000000000000, 0.000000000000000000, 0.000000000000000000 ) ) ;
#4650 = LINE ( 'NONE', #1708, #10153 ) ;
#4651 = DIRECTION ( 'NONE',  ( -1.000000000000000000, -0.000000000000000000, -0.000000000000000000 ) ) ;
#4652 = CARTESIAN_POINT ( 'NONE',  ( -9.779000000000001691, 7.239000000000000767, -0.8890000000000001235 ) ) ;
#4653 = VECTOR ( 'NONE', #11309, 1000.000000000000000 ) ;
#4654 = CARTESIAN_POINT ( 'NONE',  ( 17.39900000000000091, 7.239000000000000767, 0.8889999999999997904 ) ) ;
#4655 = ORIENTED_EDGE ( 'NONE', *, *, #4910, .T. ) ;
#4656 = EDGE_CURVE ( 'NONE', #6555, #12225, #11898, .T. ) ;
#4657 = AXIS2_PLACEMENT_3D ( 'NONE', #7395, #2439, #1463 ) ;
#4658 = LINE ( 'NONE', #5631, #6166 ) ;
#4659 = DIRECTION ( 'NONE',  ( 0.000000000000000000, 1.000000000000000000, 1.733406087350420004E-16 ) ) ;
#4660 = VECTOR ( 'NONE', #3169, 1000.000000000000000 ) ;
#4661 = ORIENTED_EDGE ( 'NONE', *, *, #3490, .T. ) ;
#4662 = CARTESIAN_POINT ( 'NONE',  ( -18.16100000000000136, 7.239000000000000767, 1.650999999999999801 ) ) ;
#4663 = ORIENTED_EDGE ( 'NONE', *, *, #11291, .F. ) ;
#4664 = VECTOR ( 'NONE', #12258, 1000.000000000000000 ) ;
#4665 = DIRECTION ( 'NONE',  ( 0.000000000000000000, 0.2588190451025140226, -0.9659258262890701996 ) ) ;
#4666 = FACE_OUTER_BOUND ( 'NONE', #10453, .T. ) ;
#4667 = CARTESIAN_POINT ( 'NONE',  ( 1.270000000000000240, 8.509000000000000341, -0.4444999999999982854 ) ) ;
#4668 = VECTOR ( 'NONE', #5658, 1000.000000000000114 ) ;
#4669 = FACE_OUTER_BOUND ( 'NONE', #3039, .T. ) ;
#4670 = CARTESIAN_POINT ( 'NONE',  ( 16.51000000000000156, 0.5080000000000006732, -2.022881810244994583 ) ) ;
#4671 = ORIENTED_EDGE ( 'NONE', *, *, #7946, .F. ) ;
#4672 = ORIENTED_EDGE ( 'NONE', *, *, #4673, .T. ) ;
#4673 = EDGE_CURVE ( 'NONE', #3352, #818, #1942, .T. ) ;
#4674 = ORIENTED_EDGE ( 'NONE', *, *, #9086, .F. ) ;
#4675 = EDGE_CURVE ( 'NONE', #12019, #12850, #7088, .T. ) ;
#4676 = LINE ( 'NONE', #9686, #3416 ) ;
#4677 = ADVANCED_FACE ( 'NONE', ( #2979 ), #12081, .F. ) ;
#4678 = EDGE_CURVE ( 'NONE', #4040, #3737, #5010, .T. ) ;
#4679 = ADVANCED_FACE ( 'NONE', ( #1148 ), #3107, .F. ) ;
#4680 = ORIENTED_EDGE ( 'NONE', *, *, #6066, .F. ) ;
#4681 = EDGE_CURVE ( 'NONE', #3011, #7096, #6102, .T. ) ;
#4682 = DIRECTION ( 'NONE',  ( 0.000000000000000000, 0.2588190451025140226, -0.9659258262890701996 ) ) ;
#4683 = LINE ( 'NONE', #6828, #3022 ) ;
#4684 = DIRECTION ( 'NONE',  ( 0.7071067811865462405, -0.7071067811865489050, 0.000000000000000000 ) ) ;
#4685 = ORIENTED_EDGE ( 'NONE', *, *, #6708, .F. ) ;
#4686 = CARTESIAN_POINT ( 'NONE',  ( -8.000999999999999446, 7.239000000000000767, 1.650999999999999801 ) ) ;
#4687 = DIRECTION ( 'NONE',  ( 0.000000000000000000, 1.000000000000000000, 1.733406087350420004E-16 ) ) ;
#4688 = ORIENTED_EDGE ( 'NONE', *, *, #2747, .F. ) ;
#4689 = ORIENTED_EDGE ( 'NONE', *, *, #5144, .F. ) ;
#4690 = ADVANCED_FACE ( 'NONE', ( #6043 ), #5130, .F. ) ;
#4691 = ORIENTED_EDGE ( 'NONE', *, *, #7386, .F. ) ;
#4692 = CARTESIAN_POINT ( 'NONE',  ( -17.39900000000000091, 7.239000000000000767, -1.651000000000000023 ) ) ;
#4693 = EDGE_CURVE ( 'NONE', #669, #9565, #6162, .T. ) ;
#4694 =( GEOMETRIC_REPRESENTATION_CONTEXT ( 3 ) GLOBAL_UNCERTAINTY_ASSIGNED_CONTEXT ( ( #10257 ) ) GLOBAL_UNIT_ASSIGNED_CONTEXT ( ( #1779, #4797, #9553 ) ) REPRESENTATION_CONTEXT ( 'NONE', 'WORKASPACE' ) );
#4695 = ORIENTED_EDGE ( 'NONE', *, *, #11432, .T. ) ;
#4696 = FACE_OUTER_BOUND ( 'NONE', #7022, .T. ) ;
#4697 = FACE_OUTER_BOUND ( 'NONE', #5762, .T. ) ;
#4698 =( NAMED_UNIT ( * ) SI_UNIT ( $, .STERADIAN. ) SOLID_ANGLE_UNIT ( ) );
#4699 = DIRECTION ( 'NONE',  ( 0.000000000000000000, 0.000000000000000000, 1.000000000000000000 ) ) ;
#4700 = CARTESIAN_POINT ( 'NONE',  ( -11.42999999999999972, 0.5080000000000000071, 2.022881810244992806 ) ) ;
#4701 = CARTESIAN_POINT ( 'NONE',  ( -2.159000000000001140, 8.064500000000002444, -0.8890000000000001235 ) ) ;
#4702 = DIRECTION ( 'NONE',  ( 1.000000000000000000, 0.000000000000000000, -0.000000000000000000 ) ) ;
#4703 = VECTOR ( 'NONE', #6885, 1000.000000000000000 ) ;
#4704 = LINE ( 'NONE', #1756, #8375 ) ;
#4705 = VERTEX_POINT ( 'NONE', #10141 ) ;
#4706 = EDGE_LOOP ( 'NONE', ( #12020, #9607, #611, #804 ) ) ;
#4707 = SURFACE_STYLE_USAGE ( .BOTH. , #12502 ) ;
#4708 = CARTESIAN_POINT ( 'NONE',  ( 12.31900000000000084, 8.064499999999998892, 0.8889999999999999014 ) ) ;
#4709 = ORIENTED_EDGE ( 'NONE', *, *, #2853, .T. ) ;
#4710 = ORIENTED_EDGE ( 'NONE', *, *, #3138, .T. ) ;
#4711 = EDGE_CURVE ( 'NONE', #7632, #12846, #5191, .T. ) ;
#4712 = VECTOR ( 'NONE', #8853, 1000.000000000000000 ) ;
#4713 = AXIS2_PLACEMENT_3D ( 'NONE', #4183, #7067, #8959 ) ;
#4714 = EDGE_LOOP ( 'NONE', ( #1233, #11662, #11493, #4593 ) ) ;
#4715 = ADVANCED_FACE ( 'NONE', ( #1037 ), #4024, .F. ) ;
#4716 = CARTESIAN_POINT ( 'NONE',  ( 11.43000000000000327, 8.509000000000000341, -0.4444999999999982854 ) ) ;
#4717 = DIRECTION ( 'NONE',  ( 1.000000000000000000, 0.000000000000000000, 0.000000000000000000 ) ) ;
#4718 = DIRECTION ( 'NONE',  ( -0.000000000000000000, 1.000000000000000000, 1.733406087350420004E-16 ) ) ;
#4719 = CARTESIAN_POINT ( 'NONE',  ( 2.159000000000001140, 8.064500000000002444, -1.650999999999999801 ) ) ;
#4720 = VECTOR ( 'NONE', #5384, 1000.000000000000000 ) ;
#4721 = FACE_OUTER_BOUND ( 'NONE', #8609, .T. ) ;
#4722 = ORIENTED_EDGE ( 'NONE', *, *, #11595, .T. ) ;
#4723 = FACE_OUTER_BOUND ( 'NONE', #7417, .T. ) ;
#4724 = AXIS2_PLACEMENT_3D ( 'NONE', #5878, #4167, #8149 ) ;
#4725 = CARTESIAN_POINT ( 'NONE',  ( 3.810000000000000941, 6.505213034913026604E-16, -2.540000000000000924 ) ) ;
#4726 = VERTEX_POINT ( 'NONE', #8129 ) ;
#4727 = AXIS2_PLACEMENT_3D ( 'NONE', #2790, #11654, #3840 ) ;
#4728 = CARTESIAN_POINT ( 'NONE',  ( 9.334500000000002018, 8.509000000000000341, -0.4444999999999983409 ) ) ;
#4729 = ORIENTED_EDGE ( 'NONE', *, *, #462, .T. ) ;
#4730 = EDGE_CURVE ( 'NONE', #10568, #12506, #8003, .T. ) ;
#4731 = AXIS2_PLACEMENT_3D ( 'NONE', #2566, #10647, #7919 ) ;
#4732 = DIRECTION ( 'NONE',  ( 0.000000000000000000, 2.251701056906096594E-16, 1.000000000000000000 ) ) ;
#4733 = DIRECTION ( 'NONE',  ( -0.000000000000000000, 1.000000000000000000, 1.733406087350420004E-16 ) ) ;
#4734 = FACE_OUTER_BOUND ( 'NONE', #7824, .T. ) ;
#4735 = PLANE ( 'NONE',  #3590 ) ;
#4736 = DIRECTION ( 'NONE',  ( 0.000000000000000000, -2.251701056906096594E-16, -1.000000000000000000 ) ) ;
#4737 = LINE ( 'NONE', #10907, #6298 ) ;
#4738 = ORIENTED_EDGE ( 'NONE', *, *, #8179, .T. ) ;
#4739 = ORIENTED_EDGE ( 'NONE', *, *, #1768, .T. ) ;
#4740 = ORIENTED_EDGE ( 'NONE', *, *, #11976, .T. ) ;
#4741 = DIRECTION ( 'NONE',  ( 0.000000000000000000, -5.691349986800550837E-16, 1.000000000000000000 ) ) ;
#4742 = ORIENTED_EDGE ( 'NONE', *, *, #1366, .F. ) ;
#4743 = VECTOR ( 'NONE', #9404, 1000.000000000000000 ) ;
#4744 = LINE ( 'NONE', #11637, #4289 ) ;
#4745 = DIRECTION ( 'NONE',  ( 0.000000000000000000, 5.691349986800550837E-16, -1.000000000000000000 ) ) ;
#4746 = AXIS2_PLACEMENT_3D ( 'NONE', #6176, #3441, #234 ) ;
#4747 = DIRECTION ( 'NONE',  ( 1.000000000000000000, 0.000000000000000000, 0.000000000000000000 ) ) ;
#4748 = DIRECTION ( 'NONE',  ( -1.000000000000000000, -0.000000000000000000, -0.000000000000000000 ) ) ;
#4749 = DIRECTION ( 'NONE',  ( 0.000000000000000000, -2.251701056906096594E-16, -1.000000000000000000 ) ) ;
#4750 = PLANE ( 'NONE',  #3449 ) ;
#4751 = PLANE ( 'NONE',  #11498 ) ;
#4752 = ORIENTED_EDGE ( 'NONE', *, *, #10082, .T. ) ;
#4753 = EDGE_LOOP ( 'NONE', ( #3290, #1107, #10572, #10751 ) ) ;
#4754 = EDGE_CURVE ( 'NONE', #9006, #2155, #4085, .T. ) ;
#4755 = ORIENTED_EDGE ( 'NONE', *, *, #5447, .F. ) ;
#4756 = LINE ( 'NONE', #10249, #9952 ) ;
#4757 = ADVANCED_FACE ( 'NONE', ( #9894, #7151, #11110 ), #4209, .F. ) ;
#4758 = VECTOR ( 'NONE', #7426, 1000.000000000000000 ) ;
#4759 = ORIENTED_EDGE ( 'NONE', *, *, #448, .T. ) ;
#4760 = CARTESIAN_POINT ( 'NONE',  ( -7.493000000000001215, 7.810499999999998444, 1.397000000000000242 ) ) ;
#4761 = EDGE_CURVE ( 'NONE', #1087, #4855, #4948, .T. ) ;
#4762 = CARTESIAN_POINT ( 'NONE',  ( -17.65300000000000225, 7.810500000000002885, -1.143000000000000460 ) ) ;
#4763 = EDGE_CURVE ( 'NONE', #2573, #1684, #6961, .T. ) ;
#4764 =( NAMED_UNIT ( * ) SI_UNIT ( $, .STERADIAN. ) SOLID_ANGLE_UNIT ( ) );
#4765 = CARTESIAN_POINT ( 'NONE',  ( 1.270000000000000240, 8.509000000000000341, -2.540000000000001812 ) ) ;
#4766 = PLANE ( 'NONE',  #323 ) ;
#4767 = CARTESIAN_POINT ( 'NONE',  ( 3.810000000000000941, 8.509000000000000341, 0.4444999999999970086 ) ) ;
#4768 = EDGE_CURVE ( 'NONE', #11631, #656, #3428, .T. ) ;
#4769 = DIRECTION ( 'NONE',  ( 0.000000000000000000, 1.000000000000000000, -2.251701056906096594E-16 ) ) ;
#4770 = VECTOR ( 'NONE', #10176, 1000.000000000000000 ) ;
#4771 = LINE ( 'NONE', #5737, #11906 ) ;
#4772 = ORIENTED_EDGE ( 'NONE', *, *, #5027, .T. ) ;
#4773 = ORIENTED_EDGE ( 'NONE', *, *, #6372, .F. ) ;
#4774 = SURFACE_SIDE_STYLE ('',( #11725 ) ) ;
#4775 = CARTESIAN_POINT ( 'NONE',  ( 12.31900000000000084, 8.064499999999998892, 1.651000000000000023 ) ) ;
#4776 = ORIENTED_EDGE ( 'NONE', *, *, #3132, .F. ) ;
#4777 = VECTOR ( 'NONE', #6118, 1000.000000000000000 ) ;
#4778 = PLANE ( 'NONE',  #11696 ) ;
#4779 = DIRECTION ( 'NONE',  ( -1.000000000000000000, 0.000000000000000000, 0.000000000000000000 ) ) ;
#4780 = FACE_OUTER_BOUND ( 'NONE', #10070, .T. ) ;
#4781 = LINE ( 'NONE', #6672, #1726 ) ;
#4782 = ADVANCED_FACE ( 'NONE', ( #1542 ), #7213, .F. ) ;
#4783 = LINE ( 'NONE', #5689, #2938 ) ;
#4784 = PLANE ( 'NONE',  #5313 ) ;
#4785 = EDGE_LOOP ( 'NONE', ( #9825, #3600, #8658, #607 ) ) ;
#4786 = PLANE ( 'NONE',  #7435 ) ;
#4787 = AXIS2_PLACEMENT_3D ( 'NONE', #2577, #8328, #6430 ) ;
#4788 = CARTESIAN_POINT ( 'NONE',  ( -8.000999999999999446, 8.064499999999998892, 0.8889999999999999014 ) ) ;
#4789 = VERTEX_POINT ( 'NONE', #7338 ) ;
#4790 = VECTOR ( 'NONE', #1636, 1000.000000000000000 ) ;
#4791 = ADVANCED_FACE ( 'NONE', ( #1334 ), #12213, .F. ) ;
#4792 = FACE_OUTER_BOUND ( 'NONE', #5745, .T. ) ;
#4793 = VERTEX_POINT ( 'NONE', #420 ) ;
#4794 = CARTESIAN_POINT ( 'NONE',  ( 11.42999999999999972, 0.5080000000000006732, -2.022881810244994583 ) ) ;
#4795 = LINE ( 'NONE', #8509, #6373 ) ;
#4796 = VECTOR ( 'NONE', #6966, 1000.000000000000000 ) ;
#4797 =( NAMED_UNIT ( * ) PLANE_ANGLE_UNIT ( ) SI_UNIT ( $, .RADIAN. ) );
#4798 = CARTESIAN_POINT ( 'NONE',  ( 5.206999999999999851, 7.810500000000001997, -1.396999999999998021 ) ) ;
#4799 = DIRECTION ( 'NONE',  ( 0.000000000000000000, 0.000000000000000000, 1.000000000000000000 ) ) ;
#4800 = VERTEX_POINT ( 'NONE', #3360 ) ;
#4801 = DIRECTION ( 'NONE',  ( 0.000000000000000000, -1.733406087350420004E-16, 1.000000000000000000 ) ) ;
#4802 = CARTESIAN_POINT ( 'NONE',  ( 16.06550000000000367, 8.509000000000000341, 2.095500000000002139 ) ) ;
#4803 = ORIENTED_EDGE ( 'NONE', *, *, #351, .T. ) ;
#4804 = VERTEX_POINT ( 'NONE', #7406 ) ;
#4805 = ORIENTED_EDGE ( 'NONE', *, *, #6741, .T. ) ;
#4806 = EDGE_CURVE ( 'NONE', #7926, #12076, #11304, .T. ) ;
#4807 = CARTESIAN_POINT ( 'NONE',  ( -16.51000000000000156, 8.509000000000000341, 0.4444999999999970086 ) ) ;
#4808 = ORIENTED_EDGE ( 'NONE', *, *, #4350, .F. ) ;
#4809 = DIRECTION ( 'NONE',  ( 0.000000000000000000, 0.000000000000000000, -1.000000000000000000 ) ) ;
#4810 = CARTESIAN_POINT ( 'NONE',  ( 6.350000000000001421, 4.336808689942017736E-16, -2.159000000000001140 ) ) ;
#4811 = EDGE_CURVE ( 'NONE', #10898, #9876, #10203, .T. ) ;
#4812 = LINE ( 'NONE', #895, #5553 ) ;
#4813 = DIRECTION ( 'NONE',  ( -1.000000000000000000, 0.000000000000000000, 0.000000000000000000 ) ) ;
#4814 = DIRECTION ( 'NONE',  ( 0.000000000000000000, 0.000000000000000000, 1.000000000000000000 ) ) ;
#4815 = LINE ( 'NONE', #10794, #8176 ) ;
#4816 = ORIENTED_EDGE ( 'NONE', *, *, #9685, .T. ) ;
#4817 = VERTEX_POINT ( 'NONE', #11368 ) ;
#4818 = ORIENTED_EDGE ( 'NONE', *, *, #5627, .T. ) ;
#4819 = DIRECTION ( 'NONE',  ( -0.000000000000000000, -0.000000000000000000, 1.000000000000000000 ) ) ;
#4820 = ORIENTED_EDGE ( 'NONE', *, *, #11867, .T. ) ;
#4821 = VECTOR ( 'NONE', #3336, 1000.000000000000000 ) ;
#4822 = CARTESIAN_POINT ( 'NONE',  ( -2.920999999999999819, 8.064500000000002444, -0.8890000000000001235 ) ) ;
#4823 = DIRECTION ( 'NONE',  ( 0.000000000000000000, 1.000000000000000000, 3.058038798877906014E-16 ) ) ;
#4824 = FACE_OUTER_BOUND ( 'NONE', #10795, .T. ) ;
#4825 = LINE ( 'NONE', #5732, #12603 ) ;
#4826 = PLANE ( 'NONE',  #6272 ) ;
#4827 = CARTESIAN_POINT ( 'NONE',  ( 3.810000000000000941, 0.000000000000000000, 2.539999999999999147 ) ) ;
#4828 = DIRECTION ( 'NONE',  ( 0.000000000000000000, 0.000000000000000000, -1.000000000000000000 ) ) ;
#4829 = VERTEX_POINT ( 'NONE', #12343 ) ;
#4830 = ORIENTED_EDGE ( 'NONE', *, *, #7258, .T. ) ;
#4831 = DIRECTION ( 'NONE',  ( 0.5773502691896258421, 0.5773502691896236216, -0.5773502691896278405 ) ) ;
#4832 = LINE ( 'NONE', #12766, #3498 ) ;
#4833 = VERTEX_POINT ( 'NONE', #10460 ) ;
#4834 = ADVANCED_FACE ( 'NONE', ( #5516 ), #558, .F. ) ;
#4835 = EDGE_CURVE ( 'NONE', #10252, #8014, #10272, .T. ) ;
#4836 = EDGE_CURVE ( 'NONE', #5365, #11492, #1269, .T. ) ;
#4837 = ORIENTED_EDGE ( 'NONE', *, *, #159, .T. ) ;
#4838 = VECTOR ( 'NONE', #11948, 999.9999999999998863 ) ;
#4839 = EDGE_CURVE ( 'NONE', #7096, #9495, #2447, .T. ) ;
#4840 = DIRECTION ( 'NONE',  ( 0.000000000000000000, -2.667820306312759283E-16, -1.000000000000000000 ) ) ;
#4841 = VECTOR ( 'NONE', #8341, 1000.000000000000000 ) ;
#4842 = CARTESIAN_POINT ( 'NONE',  ( -14.85899999999999999, 8.064500000000002444, -0.8890000000000000124 ) ) ;
#4843 = CARTESIAN_POINT ( 'NONE',  ( 18.16100000000000136, 8.064500000000002444, -0.8890000000000001235 ) ) ;
#4844 = CARTESIAN_POINT ( 'NONE',  ( -3.810000000000000941, 8.509000000000000341, 2.540000000000001812 ) ) ;
#4845 = DIRECTION ( 'NONE',  ( 0.000000000000000000, 0.9659258262890700886, -0.2588190451025140781 ) ) ;
#4846 = ORIENTED_EDGE ( 'NONE', *, *, #6171, .T. ) ;
#4847 = CARTESIAN_POINT ( 'NONE',  ( -13.97000000000000064, 0.000000000000000000, 2.539999999999999147 ) ) ;
#4848 = CARTESIAN_POINT ( 'NONE',  ( 8.890000000000002345, 8.509000000000000341, -2.540000000000001812 ) ) ;
#4849 = ORIENTED_EDGE ( 'NONE', *, *, #3477, .F. ) ;
#4850 = PRESENTATION_LAYER_ASSIGNMENT (  '', '', ( #4645 ) ) ;
#4851 = VECTOR ( 'NONE', #785, 1000.000000000000000 ) ;
#4852 = VECTOR ( 'NONE', #6062, 1000.000000000000000 ) ;
#4853 = ADVANCED_FACE ( 'NONE', ( #3227 ), #6428, .F. ) ;
#4854 = PLANE ( 'NONE',  #6142 ) ;
#4855 = VERTEX_POINT ( 'NONE', #7475 ) ;
#4856 = DIRECTION ( 'NONE',  ( -0.000000000000000000, -0.000000000000000000, 1.000000000000000000 ) ) ;
#4857 = VECTOR ( 'NONE', #8075, 1000.000000000000000 ) ;
#4858 = LINE ( 'NONE', #7603, #1845 ) ;
#4859 = VECTOR ( 'NONE', #9486, 1000.000000000000000 ) ;
#4860 = AXIS2_PLACEMENT_3D ( 'NONE', #12826, #7885, #4031 ) ;
#4861 = DIRECTION ( 'NONE',  ( -1.000000000000000000, 0.000000000000000000, 0.000000000000000000 ) ) ;
#4862 = LINE ( 'NONE', #8828, #11684 ) ;
#4863 = VERTEX_POINT ( 'NONE', #2311 ) ;
#4864 = FACE_OUTER_BOUND ( 'NONE', #8522, .T. ) ;
#4865 = LINE ( 'NONE', #2764, #10254 ) ;
#4866 = ORIENTED_EDGE ( 'NONE', *, *, #5182, .F. ) ;
#4867 = ORIENTED_EDGE ( 'NONE', *, *, #10545, .T. ) ;
#4868 = ORIENTED_EDGE ( 'NONE', *, *, #6486, .T. ) ;
#4869 = CARTESIAN_POINT ( 'NONE',  ( 3.810000000000000941, 8.509000000000000341, 2.540000000000001812 ) ) ;
#4870 = VECTOR ( 'NONE', #803, 1000.000000000000000 ) ;
#4871 = ORIENTED_EDGE ( 'NONE', *, *, #9243, .F. ) ;
#4872 = CARTESIAN_POINT ( 'NONE',  ( 11.43000000000000327, 0.5080000000000006732, -2.022881810244994583 ) ) ;
#4873 = LINE ( 'NONE', #9664, #8798 ) ;
#4874 = EDGE_CURVE ( 'NONE', #5900, #12111, #1473, .T. ) ;
#4875 = APPLICATION_PROTOCOL_DEFINITION ( 'draft international standard', 'automotive_design', 1998, #1974 ) ;
#4876 = DIRECTION ( 'NONE',  ( 0.000000000000000000, 0.000000000000000000, -1.000000000000000000 ) ) ;
#4877 = DIRECTION ( 'NONE',  ( 0.000000000000000000, 0.000000000000000000, -1.000000000000000000 ) ) ;
#4878 = CARTESIAN_POINT ( 'NONE',  ( 11.43000000000000327, 0.5080000000000006732, -2.022881810244994583 ) ) ;
#4879 = DIRECTION ( 'NONE',  ( -0.7071067811865462405, -0.7071067811865489050, 0.000000000000000000 ) ) ;
#4880 = EDGE_LOOP ( 'NONE', ( #5084, #2305, #299, #2308 ) ) ;
#4881 = EDGE_LOOP ( 'NONE', ( #11532, #11849, #11861, #4464 ) ) ;
#4882 = ORIENTED_EDGE ( 'NONE', *, *, #5470, .F. ) ;
#4883 = LINE ( 'NONE', #2232, #4960 ) ;
#4884 = ORIENTED_EDGE ( 'NONE', *, *, #12739, .T. ) ;
#4885 = LINE ( 'NONE', #4760, #9492 ) ;
#4886 = DIRECTION ( 'NONE',  ( -0.000000000000000000, 0.000000000000000000, 1.000000000000000000 ) ) ;
#4887 = ADVANCED_FACE ( 'NONE', ( #9433 ), #6292, .T. ) ;
#4888 = CARTESIAN_POINT ( 'NONE',  ( 0.1269999999999986418, 7.810500000000002885, -1.143000000000000460 ) ) ;
#4889 = FACE_OUTER_BOUND ( 'NONE', #10985, .T. ) ;
#4890 = DIRECTION ( 'NONE',  ( 0.000000000000000000, -0.9659258262890701996, -0.2588190451025140226 ) ) ;
#4891 = FACE_OUTER_BOUND ( 'NONE', #9491, .T. ) ;
#4892 = FACE_OUTER_BOUND ( 'NONE', #11649, .T. ) ;
#4893 = ORIENTED_EDGE ( 'NONE', *, *, #10159, .T. ) ;
#4894 = ORIENTED_EDGE ( 'NONE', *, *, #2678, .F. ) ;
#4895 = DIRECTION ( 'NONE',  ( -0.000000000000000000, 1.000000000000000000, 1.733406087350420004E-16 ) ) ;
#4896 = DIRECTION ( 'NONE',  ( 1.000000000000000000, 0.000000000000000000, 0.000000000000000000 ) ) ;
#4897 = EDGE_LOOP ( 'NONE', ( #4517, #1570, #8544, #427 ) ) ;
#4898 = CARTESIAN_POINT ( 'NONE',  ( 6.350000000000001421, -8.578981026812224210E-17, 2.158999999999999364 ) ) ;
#4900 = CARTESIAN_POINT ( 'NONE',  ( 35.56000000000000227, 7.239000000000000767, -2.201425730935033664E-16 ) ) ;
#4899 = VECTOR ( 'NONE', #6699, 1000.000000000000000 ) ;
#4901 = LINE ( 'NONE', #8873, #1024 ) ;
#4902 = FACE_OUTER_BOUND ( 'NONE', #7844, .T. ) ;
#4903 = CARTESIAN_POINT ( 'NONE',  ( -6.349999999999999645, 0.5080000000000006732, -2.022881810244994583 ) ) ;
#4904 = CARTESIAN_POINT ( 'NONE',  ( 6.350000000000001421, 8.509000000000000341, 2.540000000000001812 ) ) ;
#4905 = ORIENTED_EDGE ( 'NONE', *, *, #9230, .F. ) ;
#4906 = CARTESIAN_POINT ( 'NONE',  ( -5.460999999999998522, 7.239000000000000767, 1.650999999999999801 ) ) ;
#4907 = EDGE_CURVE ( 'NONE', #9718, #8097, #489, .T. ) ;
#4908 = EDGE_LOOP ( 'NONE', ( #5617, #723, #1457, #8482 ) ) ;
#4909 = EDGE_CURVE ( 'NONE', #6421, #11102, #2374, .T. ) ;
#4910 = EDGE_CURVE ( 'NONE', #1844, #10695, #8453, .T. ) ;
#4911 = AXIS2_PLACEMENT_3D ( 'NONE', #12253, #1374, #2417 ) ;
#4912 = PLANE ( 'NONE',  #7190 ) ;
#4913 = ORIENTED_EDGE ( 'NONE', *, *, #8293, .F. ) ;
#4914 = VECTOR ( 'NONE', #6740, 1000.000000000000000 ) ;
#4915 = LINE ( 'NONE', #1125, #138 ) ;
#4916 = PLANE ( 'NONE',  #11813 ) ;
#4917 = ADVANCED_FACE ( 'NONE', ( #10593 ), #7673, .F. ) ;
#4918 = FACE_OUTER_BOUND ( 'NONE', #2828, .T. ) ;
#4919 = VECTOR ( 'NONE', #12871, 1000.000000000000000 ) ;
#4920 = FACE_OUTER_BOUND ( 'NONE', #4643, .T. ) ;
#4921 = VECTOR ( 'NONE', #7818, 1000.000000000000000 ) ;
#4922 = FACE_OUTER_BOUND ( 'NONE', #7569, .T. ) ;
#4923 = ADVANCED_FACE ( 'NONE', ( #7540 ), #2574, .F. ) ;
#4924 = CARTESIAN_POINT ( 'NONE',  ( 8.890000000000002345, 8.509000000000000341, 2.540000000000001812 ) ) ;
#4925 = FACE_OUTER_BOUND ( 'NONE', #178, .T. ) ;
#4926 = ORIENTED_EDGE ( 'NONE', *, *, #1674, .F. ) ;
#4927 = ORIENTED_EDGE ( 'NONE', *, *, #42, .T. ) ;
#4928 = ORIENTED_EDGE ( 'NONE', *, *, #406, .F. ) ;
#4929 = PLANE ( 'NONE',  #734 ) ;
#4930 = AXIS2_PLACEMENT_3D ( 'NONE', #4414, #8193, #11177 ) ;
#4931 = VECTOR ( 'NONE', #480, 1000.000000000000000 ) ;
#4932 = VECTOR ( 'NONE', #11307, 1000.000000000000000 ) ;
#4933 = ORIENTED_EDGE ( 'NONE', *, *, #1984, .T. ) ;
#4934 = LINE ( 'NONE', #11882, #8456 ) ;
#4935 = LINE ( 'NONE', #10851, #6344 ) ;
#4936 = CARTESIAN_POINT ( 'NONE',  ( -10.54100000000000037, 8.064499999999998892, 1.651000000000000023 ) ) ;
#4937 = ADVANCED_FACE ( 'NONE', ( #695 ), #6760, .F. ) ;
#4938 = PLANE ( 'NONE',  #6584 ) ;
#4939 = CARTESIAN_POINT ( 'NONE',  ( 16.51000000000000156, 0.000000000000000000, 2.539999999999999147 ) ) ;
#4940 = ORIENTED_EDGE ( 'NONE', *, *, #9850, .F. ) ;
#4941 = ORIENTED_EDGE ( 'NONE', *, *, #4087, .T. ) ;
#4942 = VERTEX_POINT ( 'NONE', #2645 ) ;
#4943 = CARTESIAN_POINT ( 'NONE',  ( -7.239000000000000767, 7.239000000000000767, -0.8890000000000001235 ) ) ;
#4944 = EDGE_CURVE ( 'NONE', #7299, #11875, #2771, .T. ) ;
#4945 = VECTOR ( 'NONE', #10048, 1000.000000000000114 ) ;
#4946 = EDGE_LOOP ( 'NONE', ( #7396, #8952, #8000, #11060 ) ) ;
#4947 = VECTOR ( 'NONE', #4831, 1000.000000000000000 ) ;
#4948 = LINE ( 'NONE', #8923, #6596 ) ;
#4949 = LINE ( 'NONE', #10077, #4965 ) ;
#4950 = DIRECTION ( 'NONE',  ( 0.000000000000000000, 0.000000000000000000, 1.000000000000000000 ) ) ;
#4951 = DIRECTION ( 'NONE',  ( -1.000000000000000000, -0.000000000000000000, -0.000000000000000000 ) ) ;
#4952 = DIRECTION ( 'NONE',  ( -0.000000000000000000, -0.000000000000000000, 1.000000000000000000 ) ) ;
#4953 = LINE ( 'NONE', #1885, #4586 ) ;
#4954 = VECTOR ( 'NONE', #2611, 1000.000000000000000 ) ;
#4955 = DIRECTION ( 'NONE',  ( 0.000000000000000000, -1.607907343367028359E-16, 1.000000000000000000 ) ) ;
#4956 = VERTEX_POINT ( 'NONE', #2837 ) ;
#4957 = ORIENTED_EDGE ( 'NONE', *, *, #4836, .T. ) ;
#4958 = VERTEX_POINT ( 'NONE', #1864 ) ;
#4959 =( NAMED_UNIT ( * ) PLANE_ANGLE_UNIT ( ) SI_UNIT ( $, .RADIAN. ) );
#4960 = VECTOR ( 'NONE', #8848, 1000.000000000000000 ) ;
#4961 = PLANE ( 'NONE',  #11195 ) ;
#4962 = ORIENTED_EDGE ( 'NONE', *, *, #4839, .T. ) ;
#4963 = EDGE_CURVE ( 'NONE', #6997, #1623, #7733, .T. ) ;
#4964 = ORIENTED_EDGE ( 'NONE', *, *, #3150, .T. ) ;
#4965 = VECTOR ( 'NONE', #11959, 1000.000000000000000 ) ;
#4966 = LINE ( 'NONE', #8942, #7853 ) ;
#4967 = FACE_OUTER_BOUND ( 'NONE', #1758, .T. ) ;
#4968 = VECTOR ( 'NONE', #8348, 1000.000000000000000 ) ;
#4969 = CARTESIAN_POINT ( 'NONE',  ( 8.890000000000002345, 8.509000000000000341, -0.4444999999999982854 ) ) ;
#4970 = CARTESIAN_POINT ( 'NONE',  ( -19.05000000000000071, 6.505213034913026604E-16, -2.540000000000000924 ) ) ;
#4971 = ADVANCED_FACE ( 'NONE', ( #5716 ), #10786, .F. ) ;
#4972 = CARTESIAN_POINT ( 'NONE',  ( -15.62099999999999866, 7.239000000000000767, 0.8889999999999997904 ) ) ;
#4973 = ORIENTED_EDGE ( 'NONE', *, *, #2599, .T. ) ;
#4974 = PLANE ( 'NONE',  #6804 ) ;
#4975 = CARTESIAN_POINT ( 'NONE',  ( 3.810000000000000941, 0.5080000000000000071, 2.022881810244992806 ) ) ;
#4976 = ORIENTED_EDGE ( 'NONE', *, *, #7532, .T. ) ;
#4977 = AXIS2_PLACEMENT_3D ( 'NONE', #925, #3004, #6984 ) ;
#4978 = DIRECTION ( 'NONE',  ( 0.5773502691896258421, 0.5773502691896236216, -0.5773502691896278405 ) ) ;
#4979 = ORIENTED_EDGE ( 'NONE', *, *, #91, .F. ) ;
#4980 = CARTESIAN_POINT ( 'NONE',  ( -10.98550000000000004, 8.509000000000000341, -2.540000000000001812 ) ) ;
#4981 = CARTESIAN_POINT ( 'NONE',  ( -2.413000000000002032, 7.810500000000002885, -1.143000000000000460 ) ) ;
#4982 = AXIS2_PLACEMENT_3D ( 'NONE', #10340, #12416, #5842 ) ;
#4983 = EDGE_CURVE ( 'NONE', #9353, #12320, #9627, .T. ) ;
#4984 = VECTOR ( 'NONE', #2600, 1000.000000000000000 ) ;
#4985 = CARTESIAN_POINT ( 'NONE',  ( -3.365500000000000380, 8.509000000000000341, -0.4444999999999983409 ) ) ;
#4986 = DIRECTION ( 'NONE',  ( 1.000000000000000000, 0.000000000000000000, 0.000000000000000000 ) ) ;
#4987 = LINE ( 'NONE', #21, #8257 ) ;
#4988 = CARTESIAN_POINT ( 'NONE',  ( -4.698999999999999844, 7.239000000000000767, -0.8890000000000001235 ) ) ;
#4989 = ORIENTED_EDGE ( 'NONE', *, *, #3297, .F. ) ;
#4990 = ORIENTED_EDGE ( 'NONE', *, *, #3960, .T. ) ;
#4991 = VERTEX_POINT ( 'NONE', #3824 ) ;
#4992 = LINE ( 'NONE', #12798, #8643 ) ;
#4993 = EDGE_CURVE ( 'NONE', #2400, #1981, #4744, .T. ) ;
#4994 = EDGE_CURVE ( 'NONE', #3396, #194, #12673, .T. ) ;
#4995 = ORIENTED_EDGE ( 'NONE', *, *, #1016, .F. ) ;
#4996 = ADVANCED_FACE ( 'NONE', ( #8581 ), #7801, .T. ) ;
#4997 = CARTESIAN_POINT ( 'NONE',  ( 14.41449999999999676, 8.509000000000000341, 2.095500000000002139 ) ) ;
#4998 = EDGE_CURVE ( 'NONE', #10295, #705, #11760, .T. ) ;
#4999 = ITEM_DEFINED_TRANSFORMATION ( 'NONE', 'NONE', #4982,  #2067 ) ;
#5000 = DIRECTION ( 'NONE',  ( -1.000000000000000000, -0.000000000000000000, -0.000000000000000000 ) ) ;
#5001 = CARTESIAN_POINT ( 'NONE',  ( -9.779000000000001691, 8.064500000000002444, -1.650999999999999801 ) ) ;
#5002 = CARTESIAN_POINT ( 'NONE',  ( 10.54100000000000215, 8.064499999999998892, 0.8889999999999999014 ) ) ;
#5003 = LINE ( 'NONE', #3036, #11080 ) ;
#5004 = EDGE_LOOP ( 'NONE', ( #6285, #2863, #4555, #7412 ) ) ;
#5005 = EDGE_LOOP ( 'NONE', ( #1130, #11576, #8285, #9737 ) ) ;
#5006 = ORIENTED_EDGE ( 'NONE', *, *, #1404, .F. ) ;
#5007 = DIRECTION ( 'NONE',  ( -0.000000000000000000, 1.000000000000000000, 1.733406087350420004E-16 ) ) ;
#5008 = ORIENTED_EDGE ( 'NONE', *, *, #8834, .T. ) ;
#5009 = ADVANCED_FACE ( 'NONE', ( #6563 ), #11502, .F. ) ;
#5010 = LINE ( 'NONE', #105, #2390 ) ;
#5011 = FACE_OUTER_BOUND ( 'NONE', #4084, .T. ) ;
#5012 = CARTESIAN_POINT ( 'NONE',  ( -6.349999999999999645, 8.509000000000000341, -2.540000000000001812 ) ) ;
#5013 = LINE ( 'NONE', #5193, #124 ) ;
#5014 = CARTESIAN_POINT ( 'NONE',  ( 0.3810000000000000053, 0.000000000000000000, 0.000000000000000000 ) ) ;
#5015 = ADVANCED_FACE ( 'NONE', ( #9815 ), #4551, .F. ) ;
#5016 = CARTESIAN_POINT ( 'NONE',  ( 17.39900000000000091, 8.064500000000002444, -1.650999999999999801 ) ) ;
#5017 = CARTESIAN_POINT ( 'NONE',  ( 13.08099999999999952, 7.239000000000000767, -0.8890000000000001235 ) ) ;
#5018 = ORIENTED_EDGE ( 'NONE', *, *, #8099, .F. ) ;
#5019 = VERTEX_POINT ( 'NONE', #1612 ) ;
#5020 = ORIENTED_EDGE ( 'NONE', *, *, #6462, .F. ) ;
#5021 = DIRECTION ( 'NONE',  ( 1.000000000000000000, 0.000000000000000000, 0.000000000000000000 ) ) ;
#5022 = EDGE_LOOP ( 'NONE', ( #4622, #4808, #12555, #12650 ) ) ;
#5023 = CARTESIAN_POINT ( 'NONE',  ( 13.08099999999999952, 8.064500000000002444, -0.8890000000000001235 ) ) ;
#5024 = CARTESIAN_POINT ( 'NONE',  ( 19.05000000000000071, 0.5080000000000000071, 2.022881810244992806 ) ) ;
#5025 = DIRECTION ( 'NONE',  ( 0.000000000000000000, -2.251701056906096594E-16, -1.000000000000000000 ) ) ;
#5026 = FACE_OUTER_BOUND ( 'NONE', #10422, .T. ) ;
#5027 = EDGE_CURVE ( 'NONE', #11875, #11102, #3631, .T. ) ;
#5028 = PLANE ( 'NONE',  #11883 ) ;
#5029 = CARTESIAN_POINT ( 'NONE',  ( 5.461000000000000298, 8.064499999999998892, 0.8889999999999999014 ) ) ;
#5030 = VERTEX_POINT ( 'NONE', #9570 ) ;
#5031 = CARTESIAN_POINT ( 'NONE',  ( -16.51000000000000156, 8.509000000000000341, -2.540000000000001812 ) ) ;
#5032 = CARTESIAN_POINT ( 'NONE',  ( 4.699000000000001620, 7.239000000000000767, -0.8890000000000001235 ) ) ;
#5033 = ORIENTED_EDGE ( 'NONE', *, *, #10194, .T. ) ;
#5034 = VECTOR ( 'NONE', #2760, 1000.000000000000000 ) ;
#5035 = LINE ( 'NONE', #3013, #1348 ) ;
#5036 = ORIENTED_EDGE ( 'NONE', *, *, #11315, .F. ) ;
#5037 = DIRECTION ( 'NONE',  ( 0.000000000000000000, 0.000000000000000000, -1.000000000000000000 ) ) ;
#5038 = LINE ( 'NONE', #8583, #5804 ) ;
#5039 = PRODUCT_DEFINITION_CONTEXT ( 'detailed design', #12627, 'design' ) ;
#5040 = ADVANCED_FACE ( 'NONE', ( #3149 ), #5904, .F. ) ;
#5041 = FACE_OUTER_BOUND ( 'NONE', #3008, .T. ) ;
#5042 = DIRECTION ( 'NONE',  ( 0.000000000000000000, 0.000000000000000000, 1.000000000000000000 ) ) ;
#5043 = DIRECTION ( 'NONE',  ( 1.000000000000000000, 0.000000000000000000, -0.000000000000000000 ) ) ;
#5044 = ORIENTED_EDGE ( 'NONE', *, *, #9701, .T. ) ;
#5045 =( GEOMETRIC_REPRESENTATION_CONTEXT ( 3 ) GLOBAL_UNCERTAINTY_ASSIGNED_CONTEXT ( ( #6746 ) ) GLOBAL_UNIT_ASSIGNED_CONTEXT ( ( #2664, #4435, #4698 ) ) REPRESENTATION_CONTEXT ( 'NONE', 'WORKASPACE' ) );
#5046 = COLOUR_RGB ( '',0.2509803921568627416, 0.2509803921568627416, 0.2509803921568627416 ) ;
#5047 = DIRECTION ( 'NONE',  ( 0.000000000000000000, -1.000000000000000000, -1.733406087350420004E-16 ) ) ;
#5048 = DIRECTION ( 'NONE',  ( 0.000000000000000000, 0.000000000000000000, 1.000000000000000000 ) ) ;
#5049 = VECTOR ( 'NONE', #2464, 1000.000000000000000 ) ;
#5050 = ORIENTED_EDGE ( 'NONE', *, *, #126, .T. ) ;
#5051 = VERTEX_POINT ( 'NONE', #6146 ) ;
#5052 = VECTOR ( 'NONE', #11115, 1000.000000000000000 ) ;
#5053 = ORIENTED_EDGE ( 'NONE', *, *, #4160, .T. ) ;
#5054 = VECTOR ( 'NONE', #12285, 1000.000000000000000 ) ;
#5055 = CARTESIAN_POINT ( 'NONE',  ( -0.8255000000000033422, 8.509000000000000341, 0.4444999999999970086 ) ) ;
#5056 = VECTOR ( 'NONE', #12363, 1000.000000000000000 ) ;
#5057 = CARTESIAN_POINT ( 'NONE',  ( -7.239000000000000767, 7.239000000000000767, 1.650999999999999801 ) ) ;
#5058 = EDGE_CURVE ( 'NONE', #2997, #8052, #9089, .T. ) ;
#5059 = LINE ( 'NONE', #4074, #8580 ) ;
#5060 = ADVANCED_FACE ( 'NONE', ( #5116 ), #2170, .F. ) ;
#5061 = PLANE ( 'NONE',  #123 ) ;
#5062 = CARTESIAN_POINT ( 'NONE',  ( -8.890000000000000568, -8.578981026812224210E-17, 2.158999999999999364 ) ) ;
#5063 = ORIENTED_EDGE ( 'NONE', *, *, #8327, .T. ) ;
#5064 = ORIENTED_EDGE ( 'NONE', *, *, #4469, .T. ) ;
#5065 = ORIENTED_EDGE ( 'NONE', *, *, #11356, .F. ) ;
#5066 = VECTOR ( 'NONE', #11490, 1000.000000000000000 ) ;
#5067 = ADVANCED_FACE ( 'NONE', ( #7076 ), #9951, .F. ) ;
#5068 = EDGE_CURVE ( 'NONE', #1551, #12776, #3889, .T. ) ;
#5069 = ORIENTED_EDGE ( 'NONE', *, *, #2833, .F. ) ;
#5070 = CARTESIAN_POINT ( 'NONE',  ( -1.270000000000000240, 0.000000000000000000, 0.000000000000000000 ) ) ;
#5071 = DIRECTION ( 'NONE',  ( 0.000000000000000000, 1.000000000000000000, 3.058038798877906014E-16 ) ) ;
#5072 = VECTOR ( 'NONE', #9273, 1000.000000000000000 ) ;
#5073 = LINE ( 'NONE', #3168, #8669 ) ;
#5074 = EDGE_CURVE ( 'NONE', #10169, #12795, #8839, .T. ) ;
#5075 = DIRECTION ( 'NONE',  ( 0.000000000000000000, -2.251701056906096594E-16, -1.000000000000000000 ) ) ;
#5076 = LINE ( 'NONE', #5016, #7908 ) ;
#5077 = EDGE_CURVE ( 'NONE', #749, #8954, #7865, .T. ) ;
#5078 = CARTESIAN_POINT ( 'NONE',  ( -0.3809999999999993947, 7.239000000000000767, 1.650999999999999801 ) ) ;
#5079 = ORIENTED_EDGE ( 'NONE', *, *, #189, .T. ) ;
#5080 = ORIENTED_EDGE ( 'NONE', *, *, #10669, .F. ) ;
#5081 = VERTEX_POINT ( 'NONE', #6882 ) ;
#5082 = EDGE_CURVE ( 'NONE', #11171, #7351, #154, .T. ) ;
#5083 = SURFACE_SIDE_STYLE ('',( #10938 ) ) ;
#5084 = ORIENTED_EDGE ( 'NONE', *, *, #6257, .T. ) ;
#5085 = AXIS2_PLACEMENT_3D ( 'NONE', #10, #10955, #12109 ) ;
#5086 = LINE ( 'NONE', #8275, #3372 ) ;
#5087 = CARTESIAN_POINT ( 'NONE',  ( 16.51000000000000156, 8.509000000000000341, 2.540000000000001812 ) ) ;
#5088 = CARTESIAN_POINT ( 'NONE',  ( -8.890000000000000568, 6.505213034913026604E-16, -2.540000000000000924 ) ) ;
#5089 = LINE ( 'NONE', #9063, #9286 ) ;
#5090 = DIRECTION ( 'NONE',  ( 0.000000000000000000, 1.000000000000000000, -1.019346266292635338E-16 ) ) ;
#5091 = DIRECTION ( 'NONE',  ( 0.000000000000000000, 0.000000000000000000, 1.000000000000000000 ) ) ;
#5092 = MECHANICAL_DESIGN_GEOMETRIC_PRESENTATION_REPRESENTATION (  '', ( #9879 ), #12147 ) ;
#5093 = FACE_OUTER_BOUND ( 'NONE', #11735, .T. ) ;
#5094 = ORIENTED_EDGE ( 'NONE', *, *, #275, .T. ) ;
#5095 = EDGE_CURVE ( 'NONE', #4863, #11175, #11944, .T. ) ;
#5096 =( NAMED_UNIT ( * ) SI_UNIT ( $, .STERADIAN. ) SOLID_ANGLE_UNIT ( ) );
#5097 = CARTESIAN_POINT ( 'NONE',  ( -0.3809999999999993947, 8.064499999999998892, 1.651000000000000023 ) ) ;
#5098 = ORIENTED_EDGE ( 'NONE', *, *, #8421, .T. ) ;
#5099 = ADVANCED_FACE ( 'NONE', ( #10847 ), #10978, .F. ) ;
#5100 = DIRECTION ( 'NONE',  ( 0.000000000000000000, -1.733406087350420004E-16, 1.000000000000000000 ) ) ;
#5101 = ORIENTED_EDGE ( 'NONE', *, *, #9766, .F. ) ;
#5102 = LINE ( 'NONE', #4980, #1611 ) ;
#5103 = PLANE ( 'NONE',  #4129 ) ;
#5104 = CARTESIAN_POINT ( 'NONE',  ( -6.349999999999999645, 8.509000000000000341, 2.095500000000002139 ) ) ;
#5105 = DIRECTION ( 'NONE',  ( -1.000000000000000000, -0.000000000000000000, -0.000000000000000000 ) ) ;
#5106 = PLANE ( 'NONE',  #6914 ) ;
#5107 = EDGE_LOOP ( 'NONE', ( #5848, #10243, #9147, #1142 ) ) ;
#5108 = DIRECTION ( 'NONE',  ( 0.000000000000000000, 0.000000000000000000, -1.000000000000000000 ) ) ;
#5109 = VECTOR ( 'NONE', #10179, 1000.000000000000000 ) ;
#5110 = DIRECTION ( 'NONE',  ( 0.000000000000000000, 0.000000000000000000, 1.000000000000000000 ) ) ;
#5111 = VERTEX_POINT ( 'NONE', #10006 ) ;
#5112 = EDGE_CURVE ( 'NONE', #8323, #7926, #4934, .T. ) ;
#5113 = AXIS2_PLACEMENT_3D ( 'NONE', #2695, #5571, #10441 ) ;
#5114 = VERTEX_POINT ( 'NONE', #4997 ) ;
#5115 = VECTOR ( 'NONE', #8654, 1000.000000000000000 ) ;
#5116 = FACE_OUTER_BOUND ( 'NONE', #11501, .T. ) ;
#5117 = SURFACE_STYLE_USAGE ( .BOTH. , #10008 ) ;
#5118 = CARTESIAN_POINT ( 'NONE',  ( 16.51000000000000156, 6.505213034913026604E-16, -2.540000000000000924 ) ) ;
#5119 = LINE ( 'NONE', #3286, #9626 ) ;
#5120 = AXIS2_PLACEMENT_3D ( 'NONE', #5315, #9304, #361 ) ;
#5121 = LINE ( 'NONE', #1201, #10943 ) ;
#5122 = CARTESIAN_POINT ( 'NONE',  ( -2.159000000000001140, 8.064499999999998892, 1.650999999999999801 ) ) ;
#5123 = ORIENTED_EDGE ( 'NONE', *, *, #4525, .T. ) ;
#5124 = EDGE_LOOP ( 'NONE', ( #10532, #4092, #707, #1941 ) ) ;
#5125 = ORIENTED_EDGE ( 'NONE', *, *, #12559, .F. ) ;
#5126 = VECTOR ( 'NONE', #6811, 1000.000000000000000 ) ;
#5127 = VECTOR ( 'NONE', #1289, 1000.000000000000000 ) ;
#5128 = ORIENTED_EDGE ( 'NONE', *, *, #2907, .T. ) ;
#5129 = AXIS2_PLACEMENT_3D ( 'NONE', #12658, #4665, #12590 ) ;
#5130 = PLANE ( 'NONE',  #11566 ) ;
#5131 = PLANE ( 'NONE',  #10573 ) ;
#5132 = AXIS2_PLACEMENT_3D ( 'NONE', #8417, #2475, #10490 ) ;
#5133 = FACE_BOUND ( 'NONE', #3595, .T. ) ;
#5134 = DIRECTION ( 'NONE',  ( 0.000000000000000000, 0.000000000000000000, -1.000000000000000000 ) ) ;
#5135 = EDGE_CURVE ( 'NONE', #6392, #8740, #8909, .T. ) ;
#5136 = DIRECTION ( 'NONE',  ( -0.000000000000000000, 1.000000000000000000, 1.733406087350420004E-16 ) ) ;
#5137 = FACE_OUTER_BOUND ( 'NONE', #3881, .T. ) ;
#5138 = EDGE_CURVE ( 'NONE', #5111, #2196, #1136, .T. ) ;
#5139 = LINE ( 'NONE', #8398, #3377 ) ;
#5140 = ORIENTED_EDGE ( 'NONE', *, *, #1881, .F. ) ;
#5141 = ORIENTED_EDGE ( 'NONE', *, *, #7781, .F. ) ;
#5142 = ORIENTED_EDGE ( 'NONE', *, *, #5861, .F. ) ;
#5143 = CARTESIAN_POINT ( 'NONE',  ( 12.31900000000000084, 7.239000000000000767, 0.8889999999999997904 ) ) ;
#5144 = EDGE_CURVE ( 'NONE', #11311, #8318, #6949, .T. ) ;
#5145 = EDGE_CURVE ( 'NONE', #12225, #1606, #1989, .T. ) ;
#5146 = CARTESIAN_POINT ( 'NONE',  ( -18.16100000000000136, 7.239000000000000767, 0.8889999999999997904 ) ) ;
#5147 = AXIS2_PLACEMENT_3D ( 'NONE', #11997, #9139, #8358 ) ;
#5148 = DIRECTION ( 'NONE',  ( 0.000000000000000000, 0.000000000000000000, -1.000000000000000000 ) ) ;
#5149 = EDGE_CURVE ( 'NONE', #6110, #8938, #7015, .T. ) ;
#5150 = LINE ( 'NONE', #3183, #4777 ) ;
#5151 = DIRECTION ( 'NONE',  ( 0.000000000000000000, -0.9659258262890701996, -0.2588190451025140226 ) ) ;
#5152 = DIRECTION ( 'NONE',  ( -0.000000000000000000, 1.000000000000000000, 1.733406087350420004E-16 ) ) ;
#5153 = DIRECTION ( 'NONE',  ( 0.000000000000000000, -0.9659258262890700886, 0.2588190451025140781 ) ) ;
#5154 = LINE ( 'NONE', #4972, #11138 ) ;
#5155 = VERTEX_POINT ( 'NONE', #5055 ) ;
#5156 = ORIENTED_EDGE ( 'NONE', *, *, #10859, .T. ) ;
#5157 = DIRECTION ( 'NONE',  ( 0.000000000000000000, 0.000000000000000000, -1.000000000000000000 ) ) ;
#5158 = LINE ( 'NONE', #193, #11772 ) ;
#5159 = EDGE_LOOP ( 'NONE', ( #8189, #8871, #7537, #5080 ) ) ;
#5160 = VECTOR ( 'NONE', #3718, 1000.000000000000000 ) ;
#5161 = LINE ( 'NONE', #9137, #6787 ) ;
#5162 = ORIENTED_EDGE ( 'NONE', *, *, #423, .T. ) ;
#5163 = EDGE_CURVE ( 'NONE', #3426, #6251, #9031, .T. ) ;
#5164 = CARTESIAN_POINT ( 'NONE',  ( 0.3810000000000000053, -3.200400000000000134, -1.473199999999999843 ) ) ;
#5165 = FACE_OUTER_BOUND ( 'NONE', #5791, .T. ) ;
#5166 =( NAMED_UNIT ( * ) PLANE_ANGLE_UNIT ( ) SI_UNIT ( $, .RADIAN. ) );
#5167 = LINE ( 'NONE', #4058, #7391 ) ;
#5168 = LINE ( 'NONE', #11937, #7113 ) ;
#5169 = EDGE_CURVE ( 'NONE', #3817, #3456, #11226, .T. ) ;
#5170 = EDGE_LOOP ( 'NONE', ( #12305, #1757, #4691, #3709 ) ) ;
#5171 = CARTESIAN_POINT ( 'NONE',  ( -2.920999999999999819, 8.064499999999998892, 1.651000000000000023 ) ) ;
#5172 = VECTOR ( 'NONE', #661, 1000.000000000000114 ) ;
#5173 = LINE ( 'NONE', #12005, #10687 ) ;
#5174 = VERTEX_POINT ( 'NONE', #5299 ) ;
#5175 = CARTESIAN_POINT ( 'NONE',  ( 13.97000000000000064, 6.505213034913026604E-16, -2.540000000000000924 ) ) ;
#5176 = ORIENTED_EDGE ( 'NONE', *, *, #9772, .F. ) ;
#5177 = VECTOR ( 'NONE', #6606, 1000.000000000000000 ) ;
#5178 = CARTESIAN_POINT ( 'NONE',  ( 4.699000000000001620, 7.239000000000000767, 1.650999999999999801 ) ) ;
#5179 = CARTESIAN_POINT ( 'NONE',  ( 0.3810000000000000053, 0.5079999999999997851, -1.473200000000000953 ) ) ;
#5180 = CARTESIAN_POINT ( 'NONE',  ( 6.350000000000001421, 0.000000000000000000, 0.000000000000000000 ) ) ;
#5181 = CARTESIAN_POINT ( 'NONE',  ( 8.001000000000001222, 8.064500000000002444, -0.8890000000000000124 ) ) ;
#5182 = EDGE_CURVE ( 'NONE', #9927, #7811, #8310, .T. ) ;
#5183 = CARTESIAN_POINT ( 'NONE',  ( -13.97000000000000064, 4.336808689942017736E-16, -2.159000000000001140 ) ) ;
#5184 = LINE ( 'NONE', #4266, #1100 ) ;
#5185 = ORIENTED_EDGE ( 'NONE', *, *, #10899, .T. ) ;
#5186 = EDGE_LOOP ( 'NONE', ( #8991, #7958, #2731, #12205 ) ) ;
#5187 = ORIENTED_EDGE ( 'NONE', *, *, #8492, .F. ) ;
#5188 = VECTOR ( 'NONE', #6046, 1000.000000000000000 ) ;
#5189 = ORIENTED_EDGE ( 'NONE', *, *, #5784, .F. ) ;
#5190 = ADVANCED_FACE ( 'NONE', ( #5430 ), #2237, .F. ) ;
#5191 = LINE ( 'NONE', #9104, #5964 ) ;
#5192 = CARTESIAN_POINT ( 'NONE',  ( 8.890000000000002345, -8.578981026812224210E-17, 2.158999999999999364 ) ) ;
#5193 = CARTESIAN_POINT ( 'NONE',  ( -3.809999999999999165, -8.578981026812224210E-17, 2.158999999999999364 ) ) ;
#5194 = PLANE ( 'NONE',  #4062 ) ;
#5195 = CARTESIAN_POINT ( 'NONE',  ( -3.809999999999999165, 0.5080000000000000071, 2.022881810244992806 ) ) ;
#5196 = EDGE_CURVE ( 'NONE', #2868, #12405, #1320, .T. ) ;
#5197 = LINE ( 'NONE', #10147, #7913 ) ;
#5198 = PLANE ( 'NONE',  #1923 ) ;
#5199 = ORIENTED_EDGE ( 'NONE', *, *, #10486, .F. ) ;
#5200 = ORIENTED_EDGE ( 'NONE', *, *, #4994, .F. ) ;
#5201 = VERTEX_POINT ( 'NONE', #277 ) ;
#5202 = DIRECTION ( 'NONE',  ( -1.000000000000000000, -0.000000000000000000, -0.000000000000000000 ) ) ;
#5203 = EDGE_CURVE ( 'NONE', #8321, #8904, #477, .T. ) ;
#5204 = LINE ( 'NONE', #7289, #11065 ) ;
#5205 = CARTESIAN_POINT ( 'NONE',  ( -2.920999999999999819, 7.239000000000000767, 1.650999999999999801 ) ) ;
#5206 = DIRECTION ( 'NONE',  ( 0.000000000000000000, -1.607907343367028359E-16, 1.000000000000000000 ) ) ;
#5207 = LINE ( 'NONE', #3123, #11563 ) ;
#5208 = DIRECTION ( 'NONE',  ( -0.7071067811865462405, -0.7071067811865489050, 0.000000000000000000 ) ) ;
#5209 = DIRECTION ( 'NONE',  ( -1.000000000000000000, 0.000000000000000000, 0.000000000000000000 ) ) ;
#5210 = FACE_OUTER_BOUND ( 'NONE', #8445, .T. ) ;
#5211 = EDGE_LOOP ( 'NONE', ( #2782, #1250, #5587, #5185 ) ) ;
#5212 = ADVANCED_FACE ( 'NONE', ( #12197 ), #3346, .F. ) ;
#5213 = ORIENTED_EDGE ( 'NONE', *, *, #12428, .T. ) ;
#5214 = EDGE_CURVE ( 'NONE', #8963, #7352, #3282, .T. ) ;
#5215 = LINE ( 'NONE', #6124, #11159 ) ;
#5216 = CARTESIAN_POINT ( 'NONE',  ( 19.05000000000000071, 0.5080000000000006732, -2.022881810244994583 ) ) ;
#5217 = VERTEX_POINT ( 'NONE', #2298 ) ;
#5218 = ORIENTED_EDGE ( 'NONE', *, *, #5490, .T. ) ;
#5219 = EDGE_CURVE ( 'NONE', #10553, #9173, #10385, .T. ) ;
#5220 = ADVANCED_FACE ( 'NONE', ( #1197 ), #407, .F. ) ;
#5221 = CARTESIAN_POINT ( 'NONE',  ( 13.97000000000000064, 0.5080000000000006732, -2.022881810244994583 ) ) ;
#5222 = ORIENTED_EDGE ( 'NONE', *, *, #11506, .T. ) ;
#5223 = CARTESIAN_POINT ( 'NONE',  ( -3.809999999999999165, 0.5080000000000000071, 2.022881810244992806 ) ) ;
#5224 = DIRECTION ( 'NONE',  ( 0.000000000000000000, 0.9659258262890701996, 0.2588190451025140226 ) ) ;
#5225 = SURFACE_STYLE_FILL_AREA ( #3471 ) ;
#5226 = PRODUCT_DEFINITION_SHAPE ( 'NONE', 'NONE',  #12891 ) ;
#5227 = CARTESIAN_POINT ( 'NONE',  ( -11.43000000000000149, 6.505213034913026604E-16, -2.540000000000000924 ) ) ;
#5228 = CARTESIAN_POINT ( 'NONE',  ( -3.809999999999999165, 8.509000000000000341, -2.540000000000001812 ) ) ;
#5229 = EDGE_LOOP ( 'NONE', ( #6072, #4868, #9826, #7879 ) ) ;
#5230 = DIRECTION ( 'NONE',  ( 1.000000000000000000, 0.000000000000000000, 0.000000000000000000 ) ) ;
#5231 = CARTESIAN_POINT ( 'NONE',  ( -2.159000000000001140, 8.064499999999998892, 1.650999999999999801 ) ) ;
#5232 = ORIENTED_EDGE ( 'NONE', *, *, #2049, .F. ) ;
#5233 = CARTESIAN_POINT ( 'NONE',  ( -14.41450000000000031, 8.509000000000000341, -2.095500000000001695 ) ) ;
#5234 = EDGE_CURVE ( 'NONE', #8903, #1420, #5238, .T. ) ;
#5235 = VECTOR ( 'NONE', #5136, 1000.000000000000000 ) ;
#5236 = DIRECTION ( 'NONE',  ( -0.000000000000000000, 1.000000000000000000, 1.733406087350420004E-16 ) ) ;
#5237 = EDGE_LOOP ( 'NONE', ( #1472, #4449, #12275, #4357, #4710, #6212, #5493, #1669 ) ) ;
#5238 = LINE ( 'NONE', #11352, #1175 ) ;
#5239 = DIRECTION ( 'NONE',  ( 1.000000000000000000, 0.000000000000000000, 0.000000000000000000 ) ) ;
#5240 = VECTOR ( 'NONE', #12855, 1000.000000000000000 ) ;
#5241 = VECTOR ( 'NONE', #11196, 1000.000000000000000 ) ;
#5242 = LINE ( 'NONE', #280, #5515 ) ;
#5243 = DIRECTION ( 'NONE',  ( -1.000000000000000000, -0.000000000000000000, -0.000000000000000000 ) ) ;
#5244 = DIRECTION ( 'NONE',  ( 0.000000000000000000, -0.9659258262890701996, -0.2588190451025140226 ) ) ;
#5245 = CARTESIAN_POINT ( 'NONE',  ( 6.350000000000001421, 6.505213034913026604E-16, -2.540000000000000924 ) ) ;
#5246 = ORIENTED_EDGE ( 'NONE', *, *, #11381, .T. ) ;
#5247 = ORIENTED_EDGE ( 'NONE', *, *, #6347, .T. ) ;
#5248 = VERTEX_POINT ( 'NONE', #3211 ) ;
#5249 = DIRECTION ( 'NONE',  ( 0.000000000000000000, 0.000000000000000000, 1.000000000000000000 ) ) ;
#5250 = VECTOR ( 'NONE', #9842, 1000.000000000000000 ) ;
#5251 = AXIS2_PLACEMENT_3D ( 'NONE', #1635, #5614, #5733 ) ;
#5252 = EDGE_CURVE ( 'NONE', #1073, #4203, #8436, .T. ) ;
#5253 = ORIENTED_EDGE ( 'NONE', *, *, #1832, .F. ) ;
#5254 = DIRECTION ( 'NONE',  ( -0.3420201433256661594, 0.9396926207859093161, 2.197857363660188051E-16 ) ) ;
#5255 = LINE ( 'NONE', #422, #2669 ) ;
#5256 = CARTESIAN_POINT ( 'NONE',  ( -6.349999999999999645, 6.505213034913026604E-16, -2.540000000000000924 ) ) ;
#5257 = DIRECTION ( 'NONE',  ( -0.000000000000000000, 1.000000000000000000, 1.733406087350420004E-16 ) ) ;
#5258 = DIRECTION ( 'NONE',  ( 0.000000000000000000, -0.9659258262890701996, -0.2588190451025140226 ) ) ;
#5259 = LINE ( 'NONE', #1213, #12744 ) ;
#5260 = VECTOR ( 'NONE', #748, 1000.000000000000000 ) ;
#5261 = VECTOR ( 'NONE', #7947, 1000.000000000000000 ) ;
#5262 = PLANE ( 'NONE',  #10870 ) ;
#5263 = ORIENTED_EDGE ( 'NONE', *, *, #5149, .T. ) ;
#5264 = EDGE_LOOP ( 'NONE', ( #7437, #2570, #7098, #1541 ) ) ;
#5265 = VERTEX_POINT ( 'NONE', #12398 ) ;
#5266 = PLANE ( 'NONE',  #2026 ) ;
#5267 = EDGE_CURVE ( 'NONE', #2785, #2688, #9284, .T. ) ;
#5268 = ORIENTED_EDGE ( 'NONE', *, *, #641, .F. ) ;
#5269 = VECTOR ( 'NONE', #6754, 1000.000000000000000 ) ;
#5270 = CARTESIAN_POINT ( 'NONE',  ( -15.62099999999999866, 7.239000000000000767, 1.650999999999999801 ) ) ;
#5271 = CARTESIAN_POINT ( 'NONE',  ( 6.350000000000001421, 8.509000000000000341, 2.540000000000001812 ) ) ;
#5272 = CARTESIAN_POINT ( 'NONE',  ( -8.890000000000000568, 0.5080000000000000071, 2.022881810244992806 ) ) ;
#5273 = CARTESIAN_POINT ( 'NONE',  ( -13.97000000000000064, -8.578981026812224210E-17, 2.158999999999999364 ) ) ;
#5274 = CARTESIAN_POINT ( 'NONE',  ( 12.31900000000000084, 7.239000000000000767, -1.651000000000000023 ) ) ;
#5275 = DIRECTION ( 'NONE',  ( -1.000000000000000000, 0.000000000000000000, 0.000000000000000000 ) ) ;
#5276 = CARTESIAN_POINT ( 'NONE',  ( 1.270000000000000240, 6.505213034913026604E-16, -2.540000000000000924 ) ) ;
#5277 = ORIENTED_EDGE ( 'NONE', *, *, #9687, .T. ) ;
#5278 = ORIENTED_EDGE ( 'NONE', *, *, #12756, .F. ) ;
#5279 = FACE_OUTER_BOUND ( 'NONE', #6188, .T. ) ;
#5280 = ORIENTED_EDGE ( 'NONE', *, *, #5734, .T. ) ;
#5281 = ORIENTED_EDGE ( 'NONE', *, *, #7224, .F. ) ;
#5282 = ORIENTED_EDGE ( 'NONE', *, *, #6944, .T. ) ;
#5283 = DIRECTION ( 'NONE',  ( -1.000000000000000000, -0.000000000000000000, 0.000000000000000000 ) ) ;
#5284 = DIRECTION ( 'NONE',  ( -1.000000000000000000, -0.000000000000000000, -0.000000000000000000 ) ) ;
#5285 = DIRECTION ( 'NONE',  ( 1.000000000000000000, 0.000000000000000000, -0.000000000000000000 ) ) ;
#5286 = EDGE_CURVE ( 'NONE', #736, #7381, #343, .T. ) ;
#5287 = PLANE ( 'NONE',  #11124 ) ;
#5288 = SURFACE_SIDE_STYLE ('',( #11657 ) ) ;
#5289 = EDGE_LOOP ( 'NONE', ( #3239, #8520, #5549, #8573 ) ) ;
#5290 = DIRECTION ( 'NONE',  ( 0.000000000000000000, -0.000000000000000000, -1.000000000000000000 ) ) ;
#5291 = EDGE_CURVE ( 'NONE', #3358, #11968, #6342, .T. ) ;
#5292 = LINE ( 'NONE', #11092, #4664 ) ;
#5293 = ORIENTED_EDGE ( 'NONE', *, *, #2818, .F. ) ;
#5294 = CARTESIAN_POINT ( 'NONE',  ( 6.350000000000001421, 0.5080000000000006732, -2.022881810244994583 ) ) ;
#5295 = LINE ( 'NONE', #8306, #12399 ) ;
#5296 = EDGE_CURVE ( 'NONE', #12412, #8002, #8373, .T. ) ;
#5297 = ORIENTED_EDGE ( 'NONE', *, *, #6470, .T. ) ;
#5298 = EDGE_CURVE ( 'NONE', #7874, #4329, #211, .T. ) ;
#5299 = CARTESIAN_POINT ( 'NONE',  ( -0.1961031209927686925, -3.200400000000000134, -1.066800000000000415 ) ) ;
#5300 = ADVANCED_FACE ( 'NONE', ( #9152 ), #4193, .F. ) ;
#5301 = CARTESIAN_POINT ( 'NONE',  ( -5.460999999999998522, 8.064500000000002444, -0.8890000000000000124 ) ) ;
#5302 = AXIS2_PLACEMENT_3D ( 'NONE', #6951, #1678, #9884 ) ;
#5303 = FACE_OUTER_BOUND ( 'NONE', #8613, .T. ) ;
#5304 = FACE_OUTER_BOUND ( 'NONE', #8187, .T. ) ;
#5305 = DIRECTION ( 'NONE',  ( -1.000000000000000000, -0.000000000000000000, -0.000000000000000000 ) ) ;
#5306 = DIRECTION ( 'NONE',  ( 0.000000000000000000, -0.9659258262890701996, -0.2588190451025140226 ) ) ;
#5307 = ORIENTED_EDGE ( 'NONE', *, *, #7629, .F. ) ;
#5308 = ORIENTED_EDGE ( 'NONE', *, *, #10194, .F. ) ;
#5309 = ORIENTED_EDGE ( 'NONE', *, *, #11162, .T. ) ;
#5310 = CARTESIAN_POINT ( 'NONE',  ( -8.890000000000000568, 6.505213034913026604E-16, -2.540000000000000924 ) ) ;
#5311 = VERTEX_POINT ( 'NONE', #6685 ) ;
#5312 = AXIS2_PLACEMENT_3D ( 'NONE', #10638, #1525, #7584 ) ;
#5313 = AXIS2_PLACEMENT_3D ( 'NONE', #6860, #11613, #6734 ) ;
#5314 = ORIENTED_EDGE ( 'NONE', *, *, #7501, .T. ) ;
#5315 = CARTESIAN_POINT ( 'NONE',  ( -1.270000000000000240, 0.000000000000000000, 0.000000000000000000 ) ) ;
#5316 = DIRECTION ( 'NONE',  ( -0.5773502691896272854, -0.5773502691896250649, -0.5773502691896250649 ) ) ;
#5317 = EDGE_CURVE ( 'NONE', #4208, #8518, #4795, .T. ) ;
#5318 = AXIS2_PLACEMENT_3D ( 'NONE', #10255, #12264, #7262 ) ;
#5319 = DIRECTION ( 'NONE',  ( 0.000000000000000000, 0.000000000000000000, 1.000000000000000000 ) ) ;
#5320 = DIRECTION ( 'NONE',  ( 1.000000000000000000, 0.000000000000000000, -0.000000000000000000 ) ) ;
#5321 = PLANE ( 'NONE',  #7561 ) ;
#5322 = FACE_OUTER_BOUND ( 'NONE', #1484, .T. ) ;
#5323 = VECTOR ( 'NONE', #10726, 1000.000000000000000 ) ;
#5324 = PLANE ( 'NONE',  #9010 ) ;
#5325 = ORIENTED_EDGE ( 'NONE', *, *, #10073, .F. ) ;
#5326 = EDGE_LOOP ( 'NONE', ( #4238, #4408, #9313, #2959 ) ) ;
#5327 = VECTOR ( 'NONE', #3586, 1000.000000000000000 ) ;
#5328 = ORIENTED_EDGE ( 'NONE', *, *, #33, .F. ) ;
#5329 = EDGE_CURVE ( 'NONE', #8758, #10280, #7587, .T. ) ;
#5330 = LINE ( 'NONE', #3371, #10351 ) ;
#5331 = ORIENTED_EDGE ( 'NONE', *, *, #3976, .F. ) ;
#5332 = VECTOR ( 'NONE', #1313, 1000.000000000000000 ) ;
#5333 = DIRECTION ( 'NONE',  ( 0.000000000000000000, 1.733406087350420004E-16, -1.000000000000000000 ) ) ;
#5334 = CARTESIAN_POINT ( 'NONE',  ( -1.270000000000000240, 0.000000000000000000, 2.539999999999999147 ) ) ;
#5335 = DIRECTION ( 'NONE',  ( 0.000000000000000000, -1.000000000000000000, -1.733406087350420004E-16 ) ) ;
#5336 = DIRECTION ( 'NONE',  ( 0.000000000000000000, 0.000000000000000000, -1.000000000000000000 ) ) ;
#5337 = CARTESIAN_POINT ( 'NONE',  ( 16.51000000000000156, 0.5080000000000006732, -2.022881810244994583 ) ) ;
#5338 = CARTESIAN_POINT ( 'NONE',  ( 16.51000000000000156, 6.505213034913026604E-16, -2.540000000000000924 ) ) ;
#5339 = CARTESIAN_POINT ( 'NONE',  ( -8.000999999999999446, 7.239000000000000767, -0.8890000000000001235 ) ) ;
#5340 = VECTOR ( 'NONE', #11483, 1000.000000000000000 ) ;
#5341 = DIRECTION ( 'NONE',  ( -0.000000000000000000, 1.000000000000000000, 1.607907343367028359E-16 ) ) ;
#5342 = ORIENTED_EDGE ( 'NONE', *, *, #5633, .T. ) ;
#5343 = ORIENTED_EDGE ( 'NONE', *, *, #9853, .F. ) ;
#5344 = ADVANCED_FACE ( 'NONE', ( #5573 ), #10511, .F. ) ;
#5345 =( NAMED_UNIT ( * ) SI_UNIT ( $, .STERADIAN. ) SOLID_ANGLE_UNIT ( ) );
#5346 = AXIS2_PLACEMENT_3D ( 'NONE', #9923, #9988, #3987 ) ;
#5347 = CARTESIAN_POINT ( 'NONE',  ( 19.30400000000000205, 6.505213034913026604E-16, -2.540000000000000924 ) ) ;
#5348 = ORIENTED_EDGE ( 'NONE', *, *, #7669, .T. ) ;
#5349 = EDGE_LOOP ( 'NONE', ( #2829, #92, #6941, #8431 ) ) ;
#5350 = ORIENTED_EDGE ( 'NONE', *, *, #5298, .F. ) ;
#5351 = ADVANCED_FACE ( 'NONE', ( #11743 ), #8632, .F. ) ;
#5352 = AXIS2_PLACEMENT_3D ( 'NONE', #500, #10350, #6303 ) ;
#5353 = CARTESIAN_POINT ( 'NONE',  ( -5.460999999999998522, 7.239000000000000767, -1.651000000000000023 ) ) ;
#5354 = DIRECTION ( 'NONE',  ( 0.000000000000000000, 0.000000000000000000, 1.000000000000000000 ) ) ;
#5355 = CARTESIAN_POINT ( 'NONE',  ( -16.51000000000000156, 0.5080000000000000071, 2.022881810244992806 ) ) ;
#5356 = CARTESIAN_POINT ( 'NONE',  ( -14.85899999999999999, 7.239000000000000767, -0.8890000000000001235 ) ) ;
#5357 = ORIENTED_EDGE ( 'NONE', *, *, #3316, .T. ) ;
#5358 = AXIS2_PLACEMENT_3D ( 'NONE', #8226, #12116, #6261 ) ;
#5359 = DIRECTION ( 'NONE',  ( 0.000000000000000000, -1.000000000000000000, 1.019346266292635338E-16 ) ) ;
#5360 = CARTESIAN_POINT ( 'NONE',  ( -1.714499999999997248, 8.509000000000000341, 2.095500000000002139 ) ) ;
#5361 = EDGE_LOOP ( 'NONE', ( #2940, #1540, #4158, #2508 ) ) ;
#5362 = DIRECTION ( 'NONE',  ( 0.5773502691896259531, -0.5773502691896237327, -0.5773502691896276184 ) ) ;
#5363 = VECTOR ( 'NONE', #5362, 1000.000000000000000 ) ;
#5364 = DIRECTION ( 'NONE',  ( 0.000000000000000000, 0.000000000000000000, -1.000000000000000000 ) ) ;
#5365 = VERTEX_POINT ( 'NONE', #674 ) ;
#5366 = CARTESIAN_POINT ( 'NONE',  ( -15.62099999999999866, 7.239000000000000767, 1.650999999999999801 ) ) ;
#5367 = PRESENTATION_STYLE_ASSIGNMENT (( #8312 ) ) ;
#5368 = VECTOR ( 'NONE', #7063, 1000.000000000000000 ) ;
#5369 = DIRECTION ( 'NONE',  ( -0.000000000000000000, -0.000000000000000000, 1.000000000000000000 ) ) ;
#5370 = DIRECTION ( 'NONE',  ( 0.000000000000000000, 1.000000000000000000, 3.058038798877906014E-16 ) ) ;
#5371 = DIRECTION ( 'NONE',  ( 0.000000000000000000, 0.000000000000000000, -1.000000000000000000 ) ) ;
#5372 = CARTESIAN_POINT ( 'NONE',  ( -19.30400000000000205, 8.509000000000000341, 2.540000000000001812 ) ) ;
#5373 = ORIENTED_EDGE ( 'NONE', *, *, #6171, .F. ) ;
#5374 = ORIENTED_EDGE ( 'NONE', *, *, #9175, .T. ) ;
#5375 = EDGE_CURVE ( 'NONE', #10855, #7024, #7522, .T. ) ;
#5376 = EDGE_LOOP ( 'NONE', ( #7513, #8610, #8260, #6729 ) ) ;
#5377 = EDGE_CURVE ( 'NONE', #3423, #321, #5639, .T. ) ;
#5378 = LINE ( 'NONE', #1952, #4330 ) ;
#5379 = VERTEX_POINT ( 'NONE', #5501 ) ;
#5380 = AXIS2_PLACEMENT_3D ( 'NONE', #8491, #12577, #2548 ) ;
#5381 = ADVANCED_FACE ( 'NONE', ( #3683 ), #5764, .F. ) ;
#5382 = VERTEX_POINT ( 'NONE', #9739 ) ;
#5383 = ADVANCED_FACE ( 'NONE', ( #7656 ), #12524, .F. ) ;
#5384 = DIRECTION ( 'NONE',  ( -1.000000000000000000, 0.000000000000000000, 0.000000000000000000 ) ) ;
#5385 = CARTESIAN_POINT ( 'NONE',  ( -18.60550000000000281, 8.509000000000000341, 0.4444999999999970086 ) ) ;
#5386 = FACE_OUTER_BOUND ( 'NONE', #7490, .T. ) ;
#5387 = DIRECTION ( 'NONE',  ( 0.000000000000000000, -1.000000000000000000, 1.019346266292635338E-16 ) ) ;
#5388 = ORIENTED_EDGE ( 'NONE', *, *, #8711, .F. ) ;
#5389 = LINE ( 'NONE', #1619, #2150 ) ;
#5390 = VECTOR ( 'NONE', #8855, 1000.000000000000000 ) ;
#5391 = LINE ( 'NONE', #12154, #12096 ) ;
#5392 = ORIENTED_EDGE ( 'NONE', *, *, #8204, .F. ) ;
#5393 = ORIENTED_EDGE ( 'NONE', *, *, #3208, .T. ) ;
#5394 = ORIENTED_EDGE ( 'NONE', *, *, #5144, .T. ) ;
#5395 = DIRECTION ( 'NONE',  ( -0.000000000000000000, -0.000000000000000000, 1.000000000000000000 ) ) ;
#5396 = ADVANCED_FACE ( 'NONE', ( #12720 ), #810, .F. ) ;
#5397 = ORIENTED_EDGE ( 'NONE', *, *, #8218, .F. ) ;
#5398 = VECTOR ( 'NONE', #12102, 1000.000000000000000 ) ;
#5399 = LINE ( 'NONE', #9754, #12729 ) ;
#5400 = LINE ( 'NONE', #11520, #7868 ) ;
#5401 = CARTESIAN_POINT ( 'NONE',  ( 16.51000000000000156, 0.5080000000000000071, 2.022881810244992806 ) ) ;
#5402 = LINE ( 'NONE', #445, #4344 ) ;
#5403 = CARTESIAN_POINT ( 'NONE',  ( 4.699000000000001620, 7.239000000000000767, 1.650999999999999801 ) ) ;
#5404 = DIRECTION ( 'NONE',  ( 0.000000000000000000, 2.251701056906096594E-16, 1.000000000000000000 ) ) ;
#5405 = CARTESIAN_POINT ( 'NONE',  ( -7.239000000000000767, 7.239000000000000767, 0.8889999999999997904 ) ) ;
#5406 = LINE ( 'NONE', #10293, #4282 ) ;
#5407 = ORIENTED_EDGE ( 'NONE', *, *, #7848, .F. ) ;
#5408 = ORIENTED_EDGE ( 'NONE', *, *, #12788, .T. ) ;
#5409 = DIRECTION ( 'NONE',  ( -0.000000000000000000, -0.7071067811865501263, -0.7071067811865449082 ) ) ;
#5410 = DIRECTION ( 'NONE',  ( 0.7071067811865462405, -0.7071067811865489050, 0.000000000000000000 ) ) ;
#5411 = ORIENTED_EDGE ( 'NONE', *, *, #983, .F. ) ;
#5412 = ORIENTED_EDGE ( 'NONE', *, *, #2755, .F. ) ;
#5413 = ORIENTED_EDGE ( 'NONE', *, *, #3297, .T. ) ;
#5414 = EDGE_CURVE ( 'NONE', #682, #2573, #9481, .T. ) ;
#5415 = DIRECTION ( 'NONE',  ( 0.000000000000000000, -0.000000000000000000, -1.000000000000000000 ) ) ;
#5416 = CARTESIAN_POINT ( 'NONE',  ( -19.30400000000000205, 0.5080000000000000071, 2.022881810244992806 ) ) ;
#5417 = UNCERTAINTY_MEASURE_WITH_UNIT (LENGTH_MEASURE( 1.000000000000000082E-05 ), #6112, 'distance_accuracy_value', 'NONE');
#5418 = SURFACE_STYLE_USAGE ( .BOTH. , #10177 ) ;
#5419 = PLANE ( 'NONE',  #12162 ) ;
#5420 = FACE_OUTER_BOUND ( 'NONE', #8290, .T. ) ;
#5421 = EDGE_LOOP ( 'NONE', ( #11225, #1888, #9890, #7697 ) ) ;
#5422 = CARTESIAN_POINT ( 'NONE',  ( -19.30400000000000205, 0.5080000000000006732, -2.022881810244994583 ) ) ;
#5423 = DIRECTION ( 'NONE',  ( 1.000000000000000000, 0.000000000000000000, 0.000000000000000000 ) ) ;
#5424 = ORIENTED_EDGE ( 'NONE', *, *, #2289, .F. ) ;
#5425 = LINE ( 'NONE', #8305, #5580 ) ;
#5426 = AXIS2_PLACEMENT_3D ( 'NONE', #7503, #5547, #8485 ) ;
#5427 = CARTESIAN_POINT ( 'NONE',  ( 19.05000000000000071, 8.509000000000000341, 0.4444999999999970086 ) ) ;
#5428 = VERTEX_POINT ( 'NONE', #12465 ) ;
#5429 = EDGE_CURVE ( 'NONE', #9659, #2367, #9674, .T. ) ;
#5430 = FACE_OUTER_BOUND ( 'NONE', #9671, .T. ) ;
#5431 = CARTESIAN_POINT ( 'NONE',  ( 18.16100000000000136, 8.064499999999998892, 1.651000000000000023 ) ) ;
#5432 = DIRECTION ( 'NONE',  ( -0.5773502691896268413, 0.5773502691896247319, -0.5773502691896256200 ) ) ;
#5433 = CARTESIAN_POINT ( 'NONE',  ( -15.62099999999999866, 7.239000000000000767, 1.650999999999999801 ) ) ;
#5434 = VECTOR ( 'NONE', #12364, 1000.000000000000000 ) ;
#5435 = PLANE ( 'NONE',  #6375 ) ;
#5436 = CARTESIAN_POINT ( 'NONE',  ( -16.51000000000000156, 6.505213034913026604E-16, -2.540000000000000924 ) ) ;
#5437 = VERTEX_POINT ( 'NONE', #2562 ) ;
#5438 = EDGE_LOOP ( 'NONE', ( #2065, #8651, #12176, #6680 ) ) ;
#5439 = ORIENTED_EDGE ( 'NONE', *, *, #1886, .T. ) ;
#5440 = CARTESIAN_POINT ( 'NONE',  ( 4.254499999999997506, 8.509000000000000341, 2.095500000000002139 ) ) ;
#5441 = EDGE_LOOP ( 'NONE', ( #809, #12746, #11941, #10060 ) ) ;
#5442 = ADVANCED_FACE ( 'NONE', ( #6547 ), #9613, .F. ) ;
#5443 = ORIENTED_EDGE ( 'NONE', *, *, #7669, .F. ) ;
#5444 = VECTOR ( 'NONE', #9617, 1000.000000000000000 ) ;
#5445 = DIRECTION ( 'NONE',  ( -1.000000000000000000, -0.000000000000000000, -0.000000000000000000 ) ) ;
#5446 = VECTOR ( 'NONE', #181, 1000.000000000000114 ) ;
#5447 = EDGE_CURVE ( 'NONE', #3219, #1998, #8699, .T. ) ;
#5448 = DIRECTION ( 'NONE',  ( -1.000000000000000000, 0.000000000000000000, 0.000000000000000000 ) ) ;
#5449 =( NAMED_UNIT ( * ) PLANE_ANGLE_UNIT ( ) SI_UNIT ( $, .RADIAN. ) );
#5450 = DIRECTION ( 'NONE',  ( -0.000000000000000000, 0.000000000000000000, 1.000000000000000000 ) ) ;
#5451 = DIRECTION ( 'NONE',  ( 0.000000000000000000, 0.000000000000000000, 1.000000000000000000 ) ) ;
#5452 = VERTEX_POINT ( 'NONE', #1663 ) ;
#5453 = ADVANCED_FACE ( 'NONE', ( #11623 ), #2697, .F. ) ;
#5454 = PLANE ( 'NONE',  #4231 ) ;
#5455 = EDGE_CURVE ( 'NONE', #8558, #4005, #742, .T. ) ;
#5456 = DIRECTION ( 'NONE',  ( -1.000000000000000000, -0.000000000000000000, -0.000000000000000000 ) ) ;
#5457 = ORIENTED_EDGE ( 'NONE', *, *, #3481, .F. ) ;
#5458 = VERTEX_POINT ( 'NONE', #9075 ) ;
#5459 = ADVANCED_FACE ( 'NONE', ( #3082 ), #8956, .F. ) ;
#5460 = VERTEX_POINT ( 'NONE', #8103 ) ;
#5461 = STYLED_ITEM ( 'NONE', ( #11909 ), #2114 ) ;
#5462 = CARTESIAN_POINT ( 'NONE',  ( -8.000999999999999446, 8.064500000000002444, -0.8890000000000001235 ) ) ;
#5463 = EDGE_CURVE ( 'NONE', #6238, #1788, #5102, .T. ) ;
#5464 = VECTOR ( 'NONE', #3181, 1000.000000000000000 ) ;
#5465 = ORIENTED_EDGE ( 'NONE', *, *, #6942, .T. ) ;
#5466 = DIRECTION ( 'NONE',  ( 0.000000000000000000, 0.2588190451025140226, -0.9659258262890701996 ) ) ;
#5467 = EDGE_CURVE ( 'NONE', #417, #6676, #9869, .T. ) ;
#5468 = DIRECTION ( 'NONE',  ( -0.7071067811865462405, -0.7071067811865489050, 0.000000000000000000 ) ) ;
#5469 = CARTESIAN_POINT ( 'NONE',  ( 1.270000000000000240, 0.000000000000000000, 2.539999999999999147 ) ) ;
#5470 = EDGE_CURVE ( 'NONE', #2462, #417, #7975, .T. ) ;
#5471 = AXIS2_PLACEMENT_3D ( 'NONE', #9759, #12745, #4016 ) ;
#5472 = DIRECTION ( 'NONE',  ( 1.000000000000000000, 0.000000000000000000, 0.000000000000000000 ) ) ;
#5473 = VECTOR ( 'NONE', #2685, 1000.000000000000000 ) ;
#5474 = CARTESIAN_POINT ( 'NONE',  ( -5.460999999999998522, 7.239000000000000767, -0.8890000000000001235 ) ) ;
#5475 = DIRECTION ( 'NONE',  ( 0.000000000000000000, 1.607907343367028359E-16, -1.000000000000000000 ) ) ;
#5476 = CARTESIAN_POINT ( 'NONE',  ( 8.890000000000002345, 8.509000000000000341, 2.540000000000001812 ) ) ;
#5477 = EDGE_CURVE ( 'NONE', #6617, #1399, #10833, .T. ) ;
#5478 = DIRECTION ( 'NONE',  ( 0.000000000000000000, 0.000000000000000000, 1.000000000000000000 ) ) ;
#5479 = ORIENTED_EDGE ( 'NONE', *, *, #1173, .T. ) ;
#5480 = ORIENTED_EDGE ( 'NONE', *, *, #9200, .T. ) ;
#5481 = CARTESIAN_POINT ( 'NONE',  ( -2.920999999999999819, 7.239000000000000767, -1.651000000000000023 ) ) ;
#5482 = ORIENTED_EDGE ( 'NONE', *, *, #9503, .T. ) ;
#5483 = ORIENTED_EDGE ( 'NONE', *, *, #8720, .T. ) ;
#5484 = VECTOR ( 'NONE', #8882, 1000.000000000000000 ) ;
#5485 = ORIENTED_EDGE ( 'NONE', *, *, #3166, .F. ) ;
#5486 = VECTOR ( 'NONE', #4255, 1000.000000000000000 ) ;
#5487 = CARTESIAN_POINT ( 'NONE',  ( -0.3809999999999993947, 7.239000000000000767, -0.8890000000000001235 ) ) ;
#5488 = DIRECTION ( 'NONE',  ( 0.5773502691896268413, 0.5773502691896247319, -0.5773502691896256200 ) ) ;
#5489 = CARTESIAN_POINT ( 'NONE',  ( 17.39900000000000091, 7.239000000000000767, 0.8889999999999997904 ) ) ;
#5490 = EDGE_CURVE ( 'NONE', #11943, #12256, #1907, .T. ) ;
#5491 = DIRECTION ( 'NONE',  ( 0.000000000000000000, 0.9659258262890700886, -0.2588190451025140781 ) ) ;
#5492 = PLANE ( 'NONE',  #11342 ) ;
#5493 = ORIENTED_EDGE ( 'NONE', *, *, #353, .T. ) ;
#5494 = DIRECTION ( 'NONE',  ( -0.000000000000000000, 0.000000000000000000, -1.000000000000000000 ) ) ;
#5495 = DIRECTION ( 'NONE',  ( -1.000000000000000000, -0.000000000000000000, -0.000000000000000000 ) ) ;
#5496 = VERTEX_POINT ( 'NONE', #6805 ) ;
#5497 = EDGE_CURVE ( 'NONE', #2445, #5681, #4915, .T. ) ;
#5498 = CARTESIAN_POINT ( 'NONE',  ( -16.95449999999999946, 8.509000000000000341, -0.4444999999999983409 ) ) ;
#5499 = CARTESIAN_POINT ( 'NONE',  ( 1.270000000000000240, 4.336808689942017736E-16, -2.159000000000001140 ) ) ;
#5500 = EDGE_LOOP ( 'NONE', ( #3332, #12486, #8231, #12288 ) ) ;
#5501 = CARTESIAN_POINT ( 'NONE',  ( -11.42999999999999972, 0.000000000000000000, 2.539999999999999147 ) ) ;
#5502 = DIRECTION ( 'NONE',  ( 0.000000000000000000, 5.691349986800550837E-16, -1.000000000000000000 ) ) ;
#5503 = DIRECTION ( 'NONE',  ( 0.000000000000000000, -0.9659258262890701996, -0.2588190451025140226 ) ) ;
#5504 = LINE ( 'NONE', #7326, #12726 ) ;
#5505 = MECHANICAL_DESIGN_GEOMETRIC_PRESENTATION_REPRESENTATION (  '', ( #8614 ), #11173 ) ;
#5506 = CARTESIAN_POINT ( 'NONE',  ( -10.54100000000000037, 7.239000000000000767, 0.8889999999999997904 ) ) ;
#5507 = CARTESIAN_POINT ( 'NONE',  ( -2.920999999999999819, 8.064499999999998892, 1.650999999999999801 ) ) ;
#5508 = ORIENTED_EDGE ( 'NONE', *, *, #4998, .T. ) ;
#5509 = ORIENTED_EDGE ( 'NONE', *, *, #10884, .F. ) ;
#5510 = VERTEX_POINT ( 'NONE', #3935 ) ;
#5511 = EDGE_CURVE ( 'NONE', #7595, #6721, #7846, .T. ) ;
#5512 = PLANE ( 'NONE',  #7583 ) ;
#5513 = VERTEX_POINT ( 'NONE', #9800 ) ;
#5514 = VERTEX_POINT ( 'NONE', #11933 ) ;
#5515 = VECTOR ( 'NONE', #8441, 1000.000000000000000 ) ;
#5516 = FACE_OUTER_BOUND ( 'NONE', #12748, .T. ) ;
#5517 = PLANE ( 'NONE',  #9963 ) ;
#5518 = DIRECTION ( 'NONE',  ( 1.000000000000000000, 0.000000000000000000, 0.000000000000000000 ) ) ;
#5519 = CARTESIAN_POINT ( 'NONE',  ( 0.8254999999999999005, 8.509000000000000341, -2.095500000000001695 ) ) ;
#5520 = VERTEX_POINT ( 'NONE', #1972 ) ;
#5521 = LINE ( 'NONE', #10599, #9027 ) ;
#5522 = VECTOR ( 'NONE', #1660, 1000.000000000000000 ) ;
#5523 = DIRECTION ( 'NONE',  ( 0.000000000000000000, 0.000000000000000000, -1.000000000000000000 ) ) ;
#5524 = ORIENTED_EDGE ( 'NONE', *, *, #9827, .T. ) ;
#5525 = VERTEX_POINT ( 'NONE', #7062 ) ;
#5526 = EDGE_LOOP ( 'NONE', ( #6193, #6457, #1436, #568 ) ) ;
#5527 = DIRECTION ( 'NONE',  ( 0.000000000000000000, 5.691349986800550837E-16, -1.000000000000000000 ) ) ;
#5528 = AXIS2_PLACEMENT_3D ( 'NONE', #2699, #2822, #7589 ) ;
#5529 = ORIENTED_EDGE ( 'NONE', *, *, #11497, .F. ) ;
#5530 = VECTOR ( 'NONE', #11994, 1000.000000000000000 ) ;
#5531 = FACE_OUTER_BOUND ( 'NONE', #3760, .T. ) ;
#5532 = EDGE_CURVE ( 'NONE', #9466, #6039, #3870, .T. ) ;
#5533 = CARTESIAN_POINT ( 'NONE',  ( 3.810000000000000941, -8.578981026812224210E-17, 2.158999999999999364 ) ) ;
#5534 = FACE_OUTER_BOUND ( 'NONE', #642, .T. ) ;
#5535 = EDGE_CURVE ( 'NONE', #9876, #10587, #6931, .T. ) ;
#5537 = DIRECTION ( 'NONE',  ( 0.5773502691896258421, 0.5773502691896236216, -0.5773502691896278405 ) ) ;
#5536 = VECTOR ( 'NONE', #1434, 1000.000000000000000 ) ;
#5538 = DIRECTION ( 'NONE',  ( 0.000000000000000000, 0.000000000000000000, 1.000000000000000000 ) ) ;
#5540 = VECTOR ( 'NONE', #6247, 1000.000000000000000 ) ;
#5539 = CARTESIAN_POINT ( 'NONE',  ( -0.3810000000000000053, 0.5079999999999998961, 1.066800000000001303 ) ) ;
#5541 = DIRECTION ( 'NONE',  ( 0.000000000000000000, 1.000000000000000000, -1.019346266292635338E-16 ) ) ;
#5542 = LINE ( 'NONE', #2728, #6865 ) ;
#5543 = VERTEX_POINT ( 'NONE', #9015 ) ;
#5544 = VERTEX_POINT ( 'NONE', #7912 ) ;
#5545 = SURFACE_STYLE_FILL_AREA ( #2277 ) ;
#5546 = VECTOR ( 'NONE', #2057, 1000.000000000000000 ) ;
#5547 = DIRECTION ( 'NONE',  ( 0.000000000000000000, -1.000000000000000000, 0.000000000000000000 ) ) ;
#5548 = ORIENTED_EDGE ( 'NONE', *, *, #2755, .T. ) ;
#5549 = ORIENTED_EDGE ( 'NONE', *, *, #4421, .F. ) ;
#5550 = ADVANCED_FACE ( 'NONE', ( #10900 ), #2101, .F. ) ;
#5551 = EDGE_CURVE ( 'NONE', #11014, #1859, #1005, .T. ) ;
#5552 = VECTOR ( 'NONE', #2365, 1000.000000000000000 ) ;
#5553 = VECTOR ( 'NONE', #5907, 1000.000000000000000 ) ;
#5554 = ADVANCED_FACE ( 'NONE', ( #6015 ), #6074, .F. ) ;
#5555 = VERTEX_POINT ( 'NONE', #1849 ) ;
#5556 = AXIS2_PLACEMENT_3D ( 'NONE', #2628, #1529, #4534 ) ;
#5557 = LINE ( 'NONE', #3601, #5988 ) ;
#5558 = FACE_OUTER_BOUND ( 'NONE', #10812, .T. ) ;
#5559 = LINE ( 'NONE', #8553, #12737 ) ;
#5560 = DIRECTION ( 'NONE',  ( 0.000000000000000000, 0.9659258262890700886, -0.2588190451025140781 ) ) ;
#5561 = AXIS2_PLACEMENT_3D ( 'NONE', #4446, #5409, #454 ) ;
#5562 = PLANE ( 'NONE',  #8233 ) ;
#5563 = EDGE_LOOP ( 'NONE', ( #9487, #7334, #4093, #9426 ) ) ;
#5564 = DIRECTION ( 'NONE',  ( 0.000000000000000000, 1.000000000000000000, -1.019346266292635338E-16 ) ) ;
#5565 =( REPRESENTATION_RELATIONSHIP ('NONE','NONE', #12679, #11464 ) REPRESENTATION_RELATIONSHIP_WITH_TRANSFORMATION ( #2711 )SHAPE_REPRESENTATION_RELATIONSHIP( ) );
#5566 = DIRECTION ( 'NONE',  ( 0.000000000000000000, 0.000000000000000000, -1.000000000000000000 ) ) ;
#5567 = ORIENTED_EDGE ( 'NONE', *, *, #7086, .F. ) ;
#5568 = CARTESIAN_POINT ( 'NONE',  ( -16.51000000000000156, 4.336808689942017736E-16, -2.159000000000001140 ) ) ;
#5569 = EDGE_CURVE ( 'NONE', #248, #10252, #5825, .T. ) ;
#5570 = STYLED_ITEM ( 'NONE', ( #4641 ), #10817 ) ;
#5571 = DIRECTION ( 'NONE',  ( -1.000000000000000000, 0.000000000000000000, -0.000000000000000000 ) ) ;
#5572 = ORIENTED_EDGE ( 'NONE', *, *, #4601, .T. ) ;
#5573 = FACE_OUTER_BOUND ( 'NONE', #4054, .T. ) ;
#5574 = ADVANCED_FACE ( 'NONE', ( #4055 ), #8039, .F. ) ;
#5575 = PRESENTATION_STYLE_ASSIGNMENT (( #1851 ) ) ;
#5576 = VECTOR ( 'NONE', #524, 1000.000000000000000 ) ;
#5577 = CARTESIAN_POINT ( 'NONE',  ( 8.890000000000002345, 6.505213034913026604E-16, -2.540000000000000924 ) ) ;
#5578 = DIRECTION ( 'NONE',  ( 0.000000000000000000, 0.9659258262890700886, -0.2588190451025140781 ) ) ;
#5579 = LINE ( 'NONE', #3420, #6157 ) ;
#5580 = VECTOR ( 'NONE', #6338, 1000.000000000000000 ) ;
#5581 = CARTESIAN_POINT ( 'NONE',  ( -3.810000000000000941, 8.509000000000000341, -2.540000000000001812 ) ) ;
#5582 = ORIENTED_EDGE ( 'NONE', *, *, #12284, .F. ) ;
#5583 = ORIENTED_EDGE ( 'NONE', *, *, #6277, .F. ) ;
#5584 = ORIENTED_EDGE ( 'NONE', *, *, #4452, .T. ) ;
#5585 = LINE ( 'NONE', #9564, #10083 ) ;
#5586 = ORIENTED_EDGE ( 'NONE', *, *, #1124, .T. ) ;
#5587 = ORIENTED_EDGE ( 'NONE', *, *, #2512, .T. ) ;
#5588 = AXIS2_PLACEMENT_3D ( 'NONE', #4243, #9342, #5224 ) ;
#5589 = DIRECTION ( 'NONE',  ( -0.000000000000000000, 1.000000000000000000, 1.733406087350420004E-16 ) ) ;
#5590 = EDGE_CURVE ( 'NONE', #8708, #4490, #10110, .T. ) ;
#5591 = DIRECTION ( 'NONE',  ( 0.000000000000000000, 0.000000000000000000, 1.000000000000000000 ) ) ;
#5592 = EDGE_CURVE ( 'NONE', #1205, #5960, #6324, .T. ) ;
#5593 = CARTESIAN_POINT ( 'NONE',  ( 0.000000000000000000, 0.000000000000000000, 0.000000000000000000 ) ) ;
#5594 = CARTESIAN_POINT ( 'NONE',  ( -17.39900000000000091, 7.239000000000000767, 1.650999999999999801 ) ) ;
#5595 = CARTESIAN_POINT ( 'NONE',  ( 0.3810000000000000053, 0.5079999999999997851, -1.473200000000000953 ) ) ;
#5596 = ORIENTED_EDGE ( 'NONE', *, *, #520, .F. ) ;
#5597 = VECTOR ( 'NONE', #395, 999.9999999999998863 ) ;
#5598 = LINE ( 'NONE', #6642, #7987 ) ;
#5599 = LINE ( 'NONE', #12421, #8805 ) ;
#5600 = ORIENTED_EDGE ( 'NONE', *, *, #5551, .T. ) ;
#5601 = ORIENTED_EDGE ( 'NONE', *, *, #9962, .T. ) ;
#5602 = EDGE_LOOP ( 'NONE', ( #12672, #57, #5018, #5407 ) ) ;
#5603 = FACE_OUTER_BOUND ( 'NONE', #7655, .T. ) ;
#5604 = VECTOR ( 'NONE', #128, 1000.000000000000000 ) ;
#5605 = EDGE_CURVE ( 'NONE', #12532, #9847, #8160, .T. ) ;
#5606 = ORIENTED_EDGE ( 'NONE', *, *, #12167, .F. ) ;
#5607 = CARTESIAN_POINT ( 'NONE',  ( 11.43000000000000327, 0.5080000000000000071, 2.022881810244992806 ) ) ;
#5608 = CARTESIAN_POINT ( 'NONE',  ( 15.36699999999999910, 7.810500000000002885, -1.143000000000000460 ) ) ;
#5609 = EDGE_CURVE ( 'NONE', #8922, #4040, #1242, .T. ) ;
#5610 = VECTOR ( 'NONE', #8926, 1000.000000000000000 ) ;
#5611 = DIRECTION ( 'NONE',  ( 0.000000000000000000, -0.7071067811865475727, 0.7071067811865475727 ) ) ;
#5612 = LINE ( 'NONE', #12563, #11197 ) ;
#5613 = DIRECTION ( 'NONE',  ( -0.7071067811865462405, -0.7071067811865489050, 0.000000000000000000 ) ) ;
#5614 = DIRECTION ( 'NONE',  ( 0.000000000000000000, 1.000000000000000000, 1.607907343367028359E-16 ) ) ;
#5615 = DIRECTION ( 'NONE',  ( 0.000000000000000000, -0.9659258262890701996, -0.2588190451025140226 ) ) ;
#5616 = ORIENTED_EDGE ( 'NONE', *, *, #6926, .F. ) ;
#5617 = ORIENTED_EDGE ( 'NONE', *, *, #4983, .T. ) ;
#5618 = LINE ( 'NONE', #1640, #2646 ) ;
#5619 = PLANE ( 'NONE',  #7447 ) ;
#5620 = ORIENTED_EDGE ( 'NONE', *, *, #12675, .F. ) ;
#5621 = ORIENTED_EDGE ( 'NONE', *, *, #1149, .T. ) ;
#5622 = ORIENTED_EDGE ( 'NONE', *, *, #2343, .F. ) ;
#5623 = CARTESIAN_POINT ( 'NONE',  ( 3.810000000000000941, 0.5080000000000006732, -2.022881810244994583 ) ) ;
#5624 = LINE ( 'NONE', #461, #8521 ) ;
#5625 = EDGE_CURVE ( 'NONE', #2389, #1547, #7374, .T. ) ;
#5626 = PLANE ( 'NONE',  #5684 ) ;
#5627 = EDGE_CURVE ( 'NONE', #11492, #11102, #12315, .T. ) ;
#5628 = LINE ( 'NONE', #2615, #1690 ) ;
#5629 = DIRECTION ( 'NONE',  ( 0.5773502691896268413, 0.5773502691896247319, -0.5773502691896256200 ) ) ;
#5630 = ORIENTED_EDGE ( 'NONE', *, *, #9533, .T. ) ;
#5631 = CARTESIAN_POINT ( 'NONE',  ( 18.60550000000000281, 8.509000000000000341, -2.540000000000001812 ) ) ;
#5632 = DIRECTION ( 'NONE',  ( 0.000000000000000000, -0.9659258262890700886, 0.2588190451025140781 ) ) ;
#5633 = EDGE_CURVE ( 'NONE', #497, #5174, #12249, .T. ) ;
#5634 = ORIENTED_EDGE ( 'NONE', *, *, #10865, .F. ) ;
#5635 = EDGE_CURVE ( 'NONE', #7678, #10469, #1304, .T. ) ;
#5636 = EDGE_CURVE ( 'NONE', #9055, #12245, #258, .T. ) ;
#5637 = DIRECTION ( 'NONE',  ( 0.000000000000000000, 0.000000000000000000, -1.000000000000000000 ) ) ;
#5638 = EDGE_LOOP ( 'NONE', ( #4927, #3434, #9270, #2660 ) ) ;
#5639 = LINE ( 'NONE', #6473, #4303 ) ;
#5640 = ADVANCED_FACE ( 'NONE', ( #2158 ), #1185, .F. ) ;
#5641 = DIRECTION ( 'NONE',  ( -0.000000000000000000, -0.000000000000000000, 1.000000000000000000 ) ) ;
#5642 = PLANE ( 'NONE',  #9704 ) ;
#5643 = DIRECTION ( 'NONE',  ( -1.000000000000000000, -0.000000000000000000, -0.000000000000000000 ) ) ;
#5644 = EDGE_CURVE ( 'NONE', #11575, #3408, #4382, .T. ) ;
#5645 = CARTESIAN_POINT ( 'NONE',  ( 8.890000000000002345, 0.000000000000000000, 0.000000000000000000 ) ) ;
#5646 = DIRECTION ( 'NONE',  ( 0.000000000000000000, 0.000000000000000000, -1.000000000000000000 ) ) ;
#5647 = ORIENTED_EDGE ( 'NONE', *, *, #6100, .T. ) ;
#5648 = EDGE_LOOP ( 'NONE', ( #10330, #5189, #1536, #10936, #5567, #5457, #1593, #8707 ) ) ;
#5649 = ORIENTED_EDGE ( 'NONE', *, *, #11315, .T. ) ;
#5650 = LINE ( 'NONE', #4869, #11746 ) ;
#5651 = EDGE_LOOP ( 'NONE', ( #6237, #1833, #740, #3499 ) ) ;
#5652 = DIRECTION ( 'NONE',  ( 1.000000000000000000, 0.000000000000000000, 0.000000000000000000 ) ) ;
#5653 = VECTOR ( 'NONE', #9004, 1000.000000000000000 ) ;
#5654 = APPLICATION_PROTOCOL_DEFINITION ( 'draft international standard', 'automotive_design', 1998, #12627 ) ;
#5655 = DIRECTION ( 'NONE',  ( 0.5773502691896259531, -0.5773502691896237327, -0.5773502691896276184 ) ) ;
#5656 = LINE ( 'NONE', #10404, #7955 ) ;
#5657 = ORIENTED_EDGE ( 'NONE', *, *, #4909, .T. ) ;
#5658 = DIRECTION ( 'NONE',  ( 0.5773502691896268413, 0.5773502691896247319, -0.5773502691896256200 ) ) ;
#5659 = EDGE_CURVE ( 'NONE', #7110, #11232, #3333, .T. ) ;
#5660 = DIRECTION ( 'NONE',  ( 1.000000000000000000, 0.000000000000000000, 0.000000000000000000 ) ) ;
#5661 = PLANE ( 'NONE',  #7335 ) ;
#5662 = ORIENTED_EDGE ( 'NONE', *, *, #5490, .F. ) ;
#5663 = ORIENTED_EDGE ( 'NONE', *, *, #5644, .T. ) ;
#5664 = ORIENTED_EDGE ( 'NONE', *, *, #8579, .F. ) ;
#5665 = CARTESIAN_POINT ( 'NONE',  ( 19.05000000000000071, 4.336808689942017736E-16, -2.159000000000001140 ) ) ;
#5666 = ADVANCED_FACE ( 'NONE', ( #4178 ), #460, .F. ) ;
#5667 = AXIS2_PLACEMENT_3D ( 'NONE', #11904, #6965, #10931 ) ;
#5668 = ORIENTED_EDGE ( 'NONE', *, *, #7507, .T. ) ;
#5669 = DIRECTION ( 'NONE',  ( -1.000000000000000000, 0.000000000000000000, -0.000000000000000000 ) ) ;
#5670 = CARTESIAN_POINT ( 'NONE',  ( -11.42999999999999972, 8.509000000000000341, -2.540000000000001812 ) ) ;
#5671 = CARTESIAN_POINT ( 'NONE',  ( -18.16100000000000136, 7.239000000000000767, 1.650999999999999801 ) ) ;
#5672 = CARTESIAN_POINT ( 'NONE',  ( -11.42999999999999972, 8.509000000000000341, 0.4444999999999970086 ) ) ;
#5673 = DIRECTION ( 'NONE',  ( 0.000000000000000000, 1.000000000000000000, 1.733406087350420004E-16 ) ) ;
#5674 = CARTESIAN_POINT ( 'NONE',  ( -11.42999999999999972, 0.000000000000000000, 0.000000000000000000 ) ) ;
#5675 = AXIS2_PLACEMENT_3D ( 'NONE', #9885, #11827, #4877 ) ;
#5676 = CLOSED_SHELL ( 'NONE', ( #8745, #9343, #9446, #2623, #12515, #3303, #11344, #3849, #3395, #10478, #6405, #2042, #715, #9926, #7880, #5640, #1799, #8470, #6442, #11022, #1271, #5212, #9065, #4834, #8332, #5887, #10942, #5 ) ) ;
#5677 = ORIENTED_EDGE ( 'NONE', *, *, #6762, .F. ) ;
#5678 = ORIENTED_EDGE ( 'NONE', *, *, #8765, .F. ) ;
#5679 = LINE ( 'NONE', #722, #9740 ) ;
#5680 = ORIENTED_EDGE ( 'NONE', *, *, #2359, .F. ) ;
#5681 = VERTEX_POINT ( 'NONE', #11212 ) ;
#5682 = ADVANCED_FACE ( 'NONE', ( #10372 ), #2221, .F. ) ;
#5683 = AXIS2_PLACEMENT_3D ( 'NONE', #11278, #1311, #8739 ) ;
#5684 = AXIS2_PLACEMENT_3D ( 'NONE', #4583, #3603, #12708 ) ;
#5685 = VERTEX_POINT ( 'NONE', #5353 ) ;
#5686 = DIRECTION ( 'NONE',  ( 0.000000000000000000, 0.000000000000000000, -1.000000000000000000 ) ) ;
#5687 = DIRECTION ( 'NONE',  ( 0.000000000000000000, 0.000000000000000000, -1.000000000000000000 ) ) ;
#5688 = DIRECTION ( 'NONE',  ( 0.000000000000000000, -2.251701056906096594E-16, -1.000000000000000000 ) ) ;
#5689 = CARTESIAN_POINT ( 'NONE',  ( 13.97000000000000064, 8.509000000000000341, -0.4444999999999982854 ) ) ;
#5690 = CARTESIAN_POINT ( 'NONE',  ( 13.97000000000000064, 4.336808689942017736E-16, -2.159000000000001140 ) ) ;
#5691 = ORIENTED_EDGE ( 'NONE', *, *, #4261, .T. ) ;
#5692 = VECTOR ( 'NONE', #3096, 1000.000000000000000 ) ;
#5693 = VECTOR ( 'NONE', #1933, 1000.000000000000000 ) ;
#5694 = DIRECTION ( 'NONE',  ( 0.000000000000000000, 0.2588190451025140226, -0.9659258262890701996 ) ) ;
#5695 = FACE_OUTER_BOUND ( 'NONE', #834, .T. ) ;
#5696 = ORIENTED_EDGE ( 'NONE', *, *, #12700, .T. ) ;
#5697 = CARTESIAN_POINT ( 'NONE',  ( -11.42999999999999972, 8.509000000000000341, -2.540000000000001812 ) ) ;
#5698 = ORIENTED_EDGE ( 'NONE', *, *, #7827, .T. ) ;
#5699 = VECTOR ( 'NONE', #270, 1000.000000000000000 ) ;
#5700 = DIRECTION ( 'NONE',  ( -1.000000000000000000, 0.000000000000000000, 0.000000000000000000 ) ) ;
#5701 = ADVANCED_FACE ( 'NONE', ( #12053 ), #7179, .F. ) ;
#5702 = DIRECTION ( 'NONE',  ( -1.000000000000000000, 0.000000000000000000, -0.000000000000000000 ) ) ;
#5703 = EDGE_CURVE ( 'NONE', #5525, #11476, #11145, .T. ) ;
#5704 = CARTESIAN_POINT ( 'NONE',  ( 2.540000000000000036, 7.239000000000000767, -2.201425730935033664E-16 ) ) ;
#5705 = DIRECTION ( 'NONE',  ( 0.000000000000000000, -1.000000000000000000, 0.000000000000000000 ) ) ;
#5706 = LINE ( 'NONE', #2895, #4292 ) ;
#5707 = CARTESIAN_POINT ( 'NONE',  ( 13.97000000000000064, 0.000000000000000000, 2.539999999999999147 ) ) ;
#5708 = VERTEX_POINT ( 'NONE', #10175 ) ;
#5709 = EDGE_LOOP ( 'NONE', ( #4036, #6957, #7270, #3744 ) ) ;
#5710 = ORIENTED_EDGE ( 'NONE', *, *, #2987, .T. ) ;
#5711 = DIRECTION ( 'NONE',  ( -1.000000000000000000, 0.000000000000000000, 0.000000000000000000 ) ) ;
#5712 = EDGE_CURVE ( 'NONE', #5248, #1342, #4313, .T. ) ;
#5713 = EDGE_CURVE ( 'NONE', #3975, #9565, #9662, .T. ) ;
#5714 = VERTEX_POINT ( 'NONE', #6459 ) ;
#5715 = EDGE_CURVE ( 'NONE', #9927, #8640, #12447, .T. ) ;
#5716 = FACE_OUTER_BOUND ( 'NONE', #1790, .T. ) ;
#5717 = DIRECTION ( 'NONE',  ( 0.000000000000000000, 0.000000000000000000, 1.000000000000000000 ) ) ;
#5718 = LINE ( 'NONE', #10723, #8646 ) ;
#5719 = CARTESIAN_POINT ( 'NONE',  ( 18.16100000000000136, 8.064500000000002444, -1.650999999999999801 ) ) ;
#5720 = LINE ( 'NONE', #7807, #10732 ) ;
#5721 = CARTESIAN_POINT ( 'NONE',  ( -17.39900000000000091, 7.239000000000000767, -0.8890000000000001235 ) ) ;
#5722 = ORIENTED_EDGE ( 'NONE', *, *, #4046, .F. ) ;
#5723 = ORIENTED_EDGE ( 'NONE', *, *, #12689, .T. ) ;
#5724 = ORIENTED_EDGE ( 'NONE', *, *, #8935, .F. ) ;
#5725 = DIRECTION ( 'NONE',  ( -1.000000000000000000, 0.000000000000000000, -0.000000000000000000 ) ) ;
#5726 = ORIENTED_EDGE ( 'NONE', *, *, #7379, .F. ) ;
#5727 = EDGE_CURVE ( 'NONE', #6392, #6238, #9598, .T. ) ;
#5728 = DIRECTION ( 'NONE',  ( -1.000000000000000000, -0.000000000000000000, -0.000000000000000000 ) ) ;
#5729 = DIRECTION ( 'NONE',  ( -1.000000000000000000, -0.000000000000000000, -0.000000000000000000 ) ) ;
#5730 = CARTESIAN_POINT ( 'NONE',  ( -1.270000000000000240, 0.5080000000000000071, 2.022881810244992806 ) ) ;
#5731 = DIRECTION ( 'NONE',  ( -1.000000000000000000, 0.000000000000000000, 0.000000000000000000 ) ) ;
#5732 = CARTESIAN_POINT ( 'NONE',  ( 1.270000000000000240, 6.505213034913026604E-16, -2.540000000000000924 ) ) ;
#5733 = DIRECTION ( 'NONE',  ( 0.000000000000000000, -1.607907343367028359E-16, 1.000000000000000000 ) ) ;
#5734 = EDGE_CURVE ( 'NONE', #10397, #4156, #9468, .T. ) ;
#5735 = CARTESIAN_POINT ( 'NONE',  ( 19.05000000000000071, 0.5080000000000000071, 2.022881810244992806 ) ) ;
#5736 = VECTOR ( 'NONE', #12015, 1000.000000000000000 ) ;
#5737 = CARTESIAN_POINT ( 'NONE',  ( -2.666999999999999371, 7.810500000000001997, -1.396999999999998021 ) ) ;
#5738 = ORIENTED_EDGE ( 'NONE', *, *, #11271, .T. ) ;
#5739 = EDGE_LOOP ( 'NONE', ( #3607, #4310, #8159, #10312, #9524, #12812, #1703, #8784 ) ) ;
#5740 = PLANE ( 'NONE',  #2438 ) ;
#5741 = FACE_OUTER_BOUND ( 'NONE', #10455, .T. ) ;
#5742 = ORIENTED_EDGE ( 'NONE', *, *, #1954, .T. ) ;
#5743 = AXIS2_PLACEMENT_3D ( 'NONE', #6929, #10897, #1970 ) ;
#5744 = AXIS2_PLACEMENT_3D ( 'NONE', #11217, #2351, #7512 ) ;
#5745 = EDGE_LOOP ( 'NONE', ( #534, #6452, #2899, #4755 ) ) ;
#5746 = CARTESIAN_POINT ( 'NONE',  ( 19.05000000000000071, 4.336808689942017736E-16, -2.159000000000001140 ) ) ;
#5747 = DIRECTION ( 'NONE',  ( 0.9396926207859093161, -0.3420201433256662149, 0.000000000000000000 ) ) ;
#5748 = CARTESIAN_POINT ( 'NONE',  ( 8.890000000000002345, 0.5080000000000000071, 2.022881810244992806 ) ) ;
#5749 = EDGE_CURVE ( 'NONE', #7352, #4789, #2483, .T. ) ;
#5750 = DIRECTION ( 'NONE',  ( 0.000000000000000000, 0.000000000000000000, 1.000000000000000000 ) ) ;
#5751 = VECTOR ( 'NONE', #3764, 1000.000000000000000 ) ;
#5752 = DIRECTION ( 'NONE',  ( 0.000000000000000000, -5.691349986800550837E-16, 1.000000000000000000 ) ) ;
#5753 = ORIENTED_EDGE ( 'NONE', *, *, #2449, .T. ) ;
#5754 = CARTESIAN_POINT ( 'NONE',  ( -5.460999999999998522, 8.064500000000002444, -1.650999999999999801 ) ) ;
#5755 = AXIS2_PLACEMENT_3D ( 'NONE', #3157, #11949, #7020 ) ;
#5756 = DIRECTION ( 'NONE',  ( -0.000000000000000000, 0.2588190451025140781, 0.9659258262890700886 ) ) ;
#5757 = ORIENTED_EDGE ( 'NONE', *, *, #7132, .F. ) ;
#5758 = AXIS2_PLACEMENT_3D ( 'NONE', #12759, #10742, #6714 ) ;
#5759 = VECTOR ( 'NONE', #2362, 1000.000000000000000 ) ;
#5760 = EDGE_CURVE ( 'NONE', #4833, #9562, #3532, .T. ) ;
#5761 = DIRECTION ( 'NONE',  ( -0.000000000000000000, 1.000000000000000000, 1.733406087350420004E-16 ) ) ;
#5762 = EDGE_LOOP ( 'NONE', ( #10708, #11969, #4926, #12410 ) ) ;
#5763 = VECTOR ( 'NONE', #400, 1000.000000000000000 ) ;
#5764 = PLANE ( 'NONE',  #6604 ) ;
#5765 = CARTESIAN_POINT ( 'NONE',  ( -6.349999999999999645, 0.000000000000000000, 2.539999999999999147 ) ) ;
#5766 = FACE_OUTER_BOUND ( 'NONE', #11330, .T. ) ;
#5767 = CARTESIAN_POINT ( 'NONE',  ( -13.97000000000000064, 4.336808689942017736E-16, -2.159000000000001140 ) ) ;
#5768 = ORIENTED_EDGE ( 'NONE', *, *, #302, .T. ) ;
#5769 = AXIS2_PLACEMENT_3D ( 'NONE', #1226, #378, #12295 ) ;
#5770 = CARTESIAN_POINT ( 'NONE',  ( 1.270000000000000240, 6.505213034913026604E-16, -2.540000000000000924 ) ) ;
#5771 = DIRECTION ( 'NONE',  ( 0.000000000000000000, -0.7071067811865475727, 0.7071067811865475727 ) ) ;
#5772 = VERTEX_POINT ( 'NONE', #5746 ) ;
#5773 = VERTEX_POINT ( 'NONE', #4581 ) ;
#5774 = ORIENTED_EDGE ( 'NONE', *, *, #1739, .F. ) ;
#5775 = LINE ( 'NONE', #5499, #5522 ) ;
#5776 = MECHANICAL_DESIGN_GEOMETRIC_PRESENTATION_REPRESENTATION (  '', ( #8263 ), #2642 ) ;
#5777 = EDGE_CURVE ( 'NONE', #5452, #3557, #6532, .T. ) ;
#5778 = ORIENTED_EDGE ( 'NONE', *, *, #6977, .T. ) ;
#5779 = VECTOR ( 'NONE', #4649, 1000.000000000000000 ) ;
#5780 = CARTESIAN_POINT ( 'NONE',  ( 11.42999999999999972, 0.000000000000000000, 0.000000000000000000 ) ) ;
#5781 = LINE ( 'NONE', #11697, #7972 ) ;
#5782 = VECTOR ( 'NONE', #9316, 1000.000000000000000 ) ;
#5783 = LINE ( 'NONE', #1741, #5966 ) ;
#5784 = EDGE_CURVE ( 'NONE', #2704, #3823, #12509, .T. ) ;
#5785 = CARTESIAN_POINT ( 'NONE',  ( 17.39900000000000091, 8.064500000000002444, -0.8890000000000000124 ) ) ;
#5786 = ADVANCED_FACE ( 'NONE', ( #8683 ), #10495, .F. ) ;
#5787 = DIRECTION ( 'NONE',  ( 1.000000000000000000, 0.000000000000000000, 0.000000000000000000 ) ) ;
#5788 = CARTESIAN_POINT ( 'NONE',  ( 19.30400000000000205, 4.336808689942017736E-16, -2.159000000000001140 ) ) ;
#5789 = ORIENTED_EDGE ( 'NONE', *, *, #10443, .F. ) ;
#5790 = ORIENTED_EDGE ( 'NONE', *, *, #1078, .T. ) ;
#5791 = EDGE_LOOP ( 'NONE', ( #7823, #6472, #368, #9473 ) ) ;
#5792 = FACE_OUTER_BOUND ( 'NONE', #5500, .T. ) ;
#5793 = EDGE_CURVE ( 'NONE', #5365, #10237, #1578, .T. ) ;
#5794 = AXIS2_PLACEMENT_3D ( 'NONE', #10380, #608, #9413 ) ;
#5795 = EDGE_CURVE ( 'NONE', #5051, #4793, #7708, .T. ) ;
#5796 = VERTEX_POINT ( 'NONE', #10429 ) ;
#5797 = DIRECTION ( 'NONE',  ( -0.5773502691896272854, -0.5773502691896250649, -0.5773502691896250649 ) ) ;
#5798 = DIRECTION ( 'NONE',  ( 0.000000000000000000, -1.000000000000000000, -3.058038798877906014E-16 ) ) ;
#5799 = CARTESIAN_POINT ( 'NONE',  ( -7.746999999999998998, 7.810499999999998444, 1.143000000000000016 ) ) ;
#5800 = CARTESIAN_POINT ( 'NONE',  ( 1.270000000000000240, -8.578981026812224210E-17, 2.158999999999999364 ) ) ;
#5801 = PLANE ( 'NONE',  #10525 ) ;
#5802 = FACE_OUTER_BOUND ( 'NONE', #8612, .T. ) ;
#5803 = LINE ( 'NONE', #2012, #10823 ) ;
#5804 = VECTOR ( 'NONE', #2041, 1000.000000000000000 ) ;
#5805 = DIRECTION ( 'NONE',  ( 1.000000000000000000, 0.000000000000000000, 0.000000000000000000 ) ) ;
#5806 = VERTEX_POINT ( 'NONE', #3666 ) ;
#5807 = ORIENTED_EDGE ( 'NONE', *, *, #1918, .F. ) ;
#5808 = EDGE_CURVE ( 'NONE', #4004, #4192, #5557, .T. ) ;
#5809 = FILL_AREA_STYLE ('',( #10814 ) ) ;
#5810 = LINE ( 'NONE', #856, #8700 ) ;
#5811 = ORIENTED_EDGE ( 'NONE', *, *, #10233, .T. ) ;
#5812 = AXIS2_PLACEMENT_3D ( 'NONE', #1227, #6311, #5206 ) ;
#5813 = LINE ( 'NONE', #5023, #2322 ) ;
#5814 = PLANE ( 'NONE',  #8694 ) ;
#5815 = CARTESIAN_POINT ( 'NONE',  ( 16.51000000000000156, 6.505213034913026604E-16, -2.540000000000000924 ) ) ;
#5816 = CARTESIAN_POINT ( 'NONE',  ( -3.809999999999999165, 8.509000000000000341, 2.540000000000001812 ) ) ;
#5817 = CARTESIAN_POINT ( 'NONE',  ( -3.809999999999999165, 0.000000000000000000, 2.539999999999999147 ) ) ;
#5818 = LINE ( 'NONE', #8812, #6575 ) ;
#5819 = ORIENTED_EDGE ( 'NONE', *, *, #11930, .F. ) ;
#5820 = DIRECTION ( 'NONE',  ( -1.000000000000000000, -0.000000000000000000, -0.000000000000000000 ) ) ;
#5821 = ORIENTED_EDGE ( 'NONE', *, *, #2244, .F. ) ;
#5822 = VECTOR ( 'NONE', #12437, 1000.000000000000000 ) ;
#5823 = DIRECTION ( 'NONE',  ( 1.000000000000000000, 0.000000000000000000, 0.000000000000000000 ) ) ;
#5824 = ORIENTED_EDGE ( 'NONE', *, *, #983, .T. ) ;
#5825 = LINE ( 'NONE', #12785, #12847 ) ;
#5826 = CARTESIAN_POINT ( 'NONE',  ( 2.413000000000002032, 7.810499999999998444, 1.143000000000000016 ) ) ;
#5827 = UNCERTAINTY_MEASURE_WITH_UNIT (LENGTH_MEASURE( 1.000000000000000082E-05 ), #6104, 'distance_accuracy_value', 'NONE');
#5828 = CARTESIAN_POINT ( 'NONE',  ( -5.460999999999998522, 7.239000000000000767, 0.8889999999999997904 ) ) ;
#5829 = PLANE ( 'NONE',  #7403 ) ;
#5830 = FACE_BOUND ( 'NONE', #2167, .T. ) ;
#5831 = LINE ( 'NONE', #884, #4513 ) ;
#5832 = LINE ( 'NONE', #22, #9029 ) ;
#5833 = ORIENTED_EDGE ( 'NONE', *, *, #11235, .T. ) ;
#5834 = ORIENTED_EDGE ( 'NONE', *, *, #5298, .T. ) ;
#5835 = EDGE_LOOP ( 'NONE', ( #4740, #11465, #6323, #6408 ) ) ;
#5836 = LINE ( 'NONE', #1021, #6133 ) ;
#5837 = ADVANCED_FACE ( 'NONE', ( #7441 ), #11609, .F. ) ;
#5838 = PRESENTATION_LAYER_ASSIGNMENT (  '', '', ( #11441 ) ) ;
#5839 = ORIENTED_EDGE ( 'NONE', *, *, #897, .F. ) ;
#5840 = DIRECTION ( 'NONE',  ( 0.000000000000000000, 2.251701056906096594E-16, 1.000000000000000000 ) ) ;
#5841 = CARTESIAN_POINT ( 'NONE',  ( -9.779000000000001691, 7.239000000000000767, 1.650999999999999801 ) ) ;
#5842 = DIRECTION ( 'NONE',  ( 1.000000000000000000, 0.000000000000000000, 0.000000000000000000 ) ) ;
#5843 = DIRECTION ( 'NONE',  ( -0.000000000000000000, 1.000000000000000000, 1.733406087350420004E-16 ) ) ;
#5844 = DIRECTION ( 'NONE',  ( -0.000000000000000000, -0.7071067811865501263, -0.7071067811865449082 ) ) ;
#5845 = CARTESIAN_POINT ( 'NONE',  ( 5.461000000000000298, 7.239000000000000767, -1.651000000000000023 ) ) ;
#5846 = FACE_OUTER_BOUND ( 'NONE', #6286, .T. ) ;
#5847 = VERTEX_POINT ( 'NONE', #2683 ) ;
#5848 = ORIENTED_EDGE ( 'NONE', *, *, #1714, .T. ) ;
#5849 = ORIENTED_EDGE ( 'NONE', *, *, #9423, .F. ) ;
#5850 = LINE ( 'NONE', #3961, #5994 ) ;
#5851 = EDGE_CURVE ( 'NONE', #8097, #12115, #3467, .T. ) ;
#5852 = ORIENTED_EDGE ( 'NONE', *, *, #7899, .F. ) ;
#5853 = VECTOR ( 'NONE', #2223, 1000.000000000000000 ) ;
#5854 = LINE ( 'NONE', #12754, #4712 ) ;
#5855 = CARTESIAN_POINT ( 'NONE',  ( 1.270000000000000240, 8.509000000000000341, 0.4444999999999970086 ) ) ;
#5856 = EDGE_CURVE ( 'NONE', #3785, #5867, #11403, .T. ) ;
#5857 = CARTESIAN_POINT ( 'NONE',  ( 2.159000000000001140, 8.064499999999998892, 1.651000000000000023 ) ) ;
#5858 = DIRECTION ( 'NONE',  ( -1.000000000000000000, -0.000000000000000000, -0.000000000000000000 ) ) ;
#5859 = CARTESIAN_POINT ( 'NONE',  ( -2.920999999999999819, 7.239000000000000767, -0.8890000000000001235 ) ) ;
#5860 = CARTESIAN_POINT ( 'NONE',  ( 16.95449999999999946, 8.509000000000000341, -2.095500000000001695 ) ) ;
#5861 = EDGE_CURVE ( 'NONE', #1606, #11473, #10563, .T. ) ;
#5862 = LINE ( 'NONE', #3911, #8592 ) ;
#5863 = VERTEX_POINT ( 'NONE', #8618 ) ;
#5864 = VERTEX_POINT ( 'NONE', #12576 ) ;
#5865 = VECTOR ( 'NONE', #9821, 1000.000000000000000 ) ;
#5866 = FACE_OUTER_BOUND ( 'NONE', #6028, .T. ) ;
#5867 = VERTEX_POINT ( 'NONE', #10623 ) ;
#5868 = EDGE_CURVE ( 'NONE', #4127, #12353, #7642, .T. ) ;
#5869 = ADVANCED_FACE ( 'NONE', ( #7831 ), #5814, .F. ) ;
#5870 = VERTEX_POINT ( 'NONE', #6856 ) ;
#5871 = EDGE_CURVE ( 'NONE', #8446, #5796, #1052, .T. ) ;
#5872 = AXIS2_PLACEMENT_3D ( 'NONE', #10967, #5043, #85 ) ;
#5873 = CARTESIAN_POINT ( 'NONE',  ( 9.779000000000003467, 8.064500000000002444, -0.8890000000000000124 ) ) ;
#5874 = VECTOR ( 'NONE', #3516, 1000.000000000000000 ) ;
#5875 = PLANE ( 'NONE',  #4977 ) ;
#5876 = DIRECTION ( 'NONE',  ( 0.000000000000000000, 1.607907343367028359E-16, -1.000000000000000000 ) ) ;
#5877 = LINE ( 'NONE', #8875, #9403 ) ;
#5878 = CARTESIAN_POINT ( 'NONE',  ( 2.920999999999999819, 8.064499999999998892, 1.650999999999999801 ) ) ;
#5879 = ORIENTED_EDGE ( 'NONE', *, *, #2370, .T. ) ;
#5880 = SURFACE_STYLE_USAGE ( .BOTH. , #10696 ) ;
#5881 = FACE_OUTER_BOUND ( 'NONE', #104, .T. ) ;
#5882 = ORIENTED_EDGE ( 'NONE', *, *, #10371, .F. ) ;
#5883 = VECTOR ( 'NONE', #718, 1000.000000000000000 ) ;
#5884 = AXIS2_PLACEMENT_3D ( 'NONE', #8840, #12803, #3890 ) ;
#5885 = CARTESIAN_POINT ( 'NONE',  ( -15.36699999999999910, 7.810499999999998444, 1.143000000000000016 ) ) ;
#5886 = VERTEX_POINT ( 'NONE', #8749 ) ;
#5887 = ADVANCED_FACE ( 'NONE', ( #6983 ), #67, .F. ) ;
#5888 = DIRECTION ( 'NONE',  ( -1.000000000000000000, -0.000000000000000000, -0.000000000000000000 ) ) ;
#5889 = LINE ( 'NONE', #9870, #9752 ) ;
#5890 = VECTOR ( 'NONE', #9807, 1000.000000000000000 ) ;
#5891 = VECTOR ( 'NONE', #4280, 1000.000000000000000 ) ;
#5892 = DIRECTION ( 'NONE',  ( -0.000000000000000000, 1.000000000000000000, 1.607907343367028359E-16 ) ) ;
#5893 = LINE ( 'NONE', #4667, #4413 ) ;
#5894 = ORIENTED_EDGE ( 'NONE', *, *, #968, .F. ) ;
#5895 = ADVANCED_FACE ( 'NONE', ( #11856 ), #2022, .F. ) ;
#5896 = DIRECTION ( 'NONE',  ( 0.000000000000000000, -1.000000000000000000, -1.733406087350420004E-16 ) ) ;
#5897 = FACE_OUTER_BOUND ( 'NONE', #10409, .T. ) ;
#5898 = ORIENTED_EDGE ( 'NONE', *, *, #11742, .T. ) ;
#5899 = ORIENTED_EDGE ( 'NONE', *, *, #2352, .F. ) ;
#5900 = VERTEX_POINT ( 'NONE', #12706 ) ;
#5901 = LINE ( 'NONE', #7799, #3223 ) ;
#5902 = AXIS2_PLACEMENT_3D ( 'NONE', #3754, #7721, #11681 ) ;
#5903 = EDGE_LOOP ( 'NONE', ( #11360, #11118, #3074, #10990 ) ) ;
#5904 = PLANE ( 'NONE',  #3034 ) ;
#5905 = CARTESIAN_POINT ( 'NONE',  ( -5.460999999999998522, 8.064500000000002444, -0.8890000000000000124 ) ) ;
#5906 = CARTESIAN_POINT ( 'NONE',  ( 17.78000000000000114, 0.000000000000000000, 0.000000000000000000 ) ) ;
#5907 = DIRECTION ( 'NONE',  ( 1.000000000000000000, 0.000000000000000000, 0.000000000000000000 ) ) ;
#5908 = LINE ( 'NONE', #10916, #6279 ) ;
#5909 = EDGE_CURVE ( 'NONE', #10212, #6703, #11793, .T. ) ;
#5910 = FACE_OUTER_BOUND ( 'NONE', #2878, .T. ) ;
#5911 = DIRECTION ( 'NONE',  ( -0.000000000000000000, 0.000000000000000000, -1.000000000000000000 ) ) ;
#5912 = ORIENTED_EDGE ( 'NONE', *, *, #7616, .T. ) ;
#5913 = ORIENTED_EDGE ( 'NONE', *, *, #7404, .T. ) ;
#5914 = ORIENTED_EDGE ( 'NONE', *, *, #5931, .T. ) ;
#5915 = DIRECTION ( 'NONE',  ( 0.000000000000000000, 1.733406087350420004E-16, -1.000000000000000000 ) ) ;
#5916 = ORIENTED_EDGE ( 'NONE', *, *, #4836, .F. ) ;
#5917 = DIRECTION ( 'NONE',  ( 0.000000000000000000, -0.000000000000000000, -1.000000000000000000 ) ) ;
#5918 = CARTESIAN_POINT ( 'NONE',  ( 7.239000000000002544, 8.064500000000002444, -1.650999999999999801 ) ) ;
#5919 = FACE_OUTER_BOUND ( 'NONE', #6796, .T. ) ;
#5920 = LINE ( 'NONE', #976, #4515 ) ;
#5921 = DIRECTION ( 'NONE',  ( -1.000000000000000000, -0.000000000000000000, -0.000000000000000000 ) ) ;
#5922 = CARTESIAN_POINT ( 'NONE',  ( 18.16100000000000136, 7.239000000000000767, 0.8889999999999997904 ) ) ;
#5923 = CARTESIAN_POINT ( 'NONE',  ( -19.30400000000000205, 0.5080000000000006732, -2.022881810244994583 ) ) ;
#5924 = ORIENTED_EDGE ( 'NONE', *, *, #7770, .T. ) ;
#5925 = ORIENTED_EDGE ( 'NONE', *, *, #4614, .F. ) ;
#5926 = EDGE_LOOP ( 'NONE', ( #3580, #7671, #8709, #9809 ) ) ;
#5927 = CARTESIAN_POINT ( 'NONE',  ( -5.905499999999999083, 8.509000000000000341, -2.540000000000001812 ) ) ;
#5928 = DIRECTION ( 'NONE',  ( 0.7071067811865462405, -0.7071067811865489050, 0.000000000000000000 ) ) ;
#5929 = ORIENTED_EDGE ( 'NONE', *, *, #10865, .T. ) ;
#5930 = ADVANCED_FACE ( 'NONE', ( #3793 ), #3979, .F. ) ;
#5931 = EDGE_CURVE ( 'NONE', #484, #1647, #1893, .T. ) ;
#5932 = ORIENTED_EDGE ( 'NONE', *, *, #573, .T. ) ;
#5934 = CARTESIAN_POINT ( 'NONE',  ( 6.350000000000001421, 8.509000000000000341, -0.4444999999999982854 ) ) ;
#5933 = VECTOR ( 'NONE', #8566, 1000.000000000000000 ) ;
#5935 = LINE ( 'NONE', #1894, #3736 ) ;
#5936 = CARTESIAN_POINT ( 'NONE',  ( 2.159000000000001140, 8.064499999999998892, 1.651000000000000023 ) ) ;
#5937 = DIRECTION ( 'NONE',  ( -1.000000000000000000, -0.000000000000000000, -0.000000000000000000 ) ) ;
#5938 = LINE ( 'NONE', #9921, #3234 ) ;
#5939 = EDGE_CURVE ( 'NONE', #4080, #6266, #11730, .T. ) ;
#5940 = ORIENTED_EDGE ( 'NONE', *, *, #10958, .F. ) ;
#5941 = EDGE_CURVE ( 'NONE', #8335, #2157, #9856, .T. ) ;
#5942 = LINE ( 'NONE', #6067, #9306 ) ;
#5943 = DIRECTION ( 'NONE',  ( 0.000000000000000000, 0.9659258262890701996, 0.2588190451025140226 ) ) ;
#5944 = ORIENTED_EDGE ( 'NONE', *, *, #5939, .F. ) ;
#5945 = VECTOR ( 'NONE', #7773, 1000.000000000000000 ) ;
#5946 = EDGE_CURVE ( 'NONE', #6676, #164, #4043, .T. ) ;
#5947 = LINE ( 'NONE', #9930, #107 ) ;
#5948 = ORIENTED_EDGE ( 'NONE', *, *, #9941, .F. ) ;
#5949 = VECTOR ( 'NONE', #8473, 1000.000000000000000 ) ;
#5950 = CARTESIAN_POINT ( 'NONE',  ( -17.39900000000000091, 7.239000000000000767, -0.8890000000000001235 ) ) ;
#5951 = LINE ( 'NONE', #3083, #10988 ) ;
#5952 = LINE ( 'NONE', #1009, #10832 ) ;
#5953 = AXIS2_PLACEMENT_3D ( 'NONE', #6888, #9886, #8973 ) ;
#5954 = CARTESIAN_POINT ( 'NONE',  ( -0.3809999999999993947, 8.064499999999998892, 1.650999999999999801 ) ) ;
#5955 = VECTOR ( 'NONE', #8212, 1000.000000000000000 ) ;
#5956 = PLANE ( 'NONE',  #11478 ) ;
#5957 = CARTESIAN_POINT ( 'NONE',  ( 8.890000000000002345, 8.509000000000000341, 2.540000000000001812 ) ) ;
#5958 = LINE ( 'NONE', #4001, #6744 ) ;
#5959 = ORIENTED_EDGE ( 'NONE', *, *, #8676, .F. ) ;
#5960 = VERTEX_POINT ( 'NONE', #5024 ) ;
#5961 = ORIENTED_EDGE ( 'NONE', *, *, #5941, .F. ) ;
#5962 = ADVANCED_FACE ( 'NONE', ( #9786 ), #8872, .F. ) ;
#5963 = DIRECTION ( 'NONE',  ( 1.000000000000000000, 0.000000000000000000, 0.000000000000000000 ) ) ;
#5964 = VECTOR ( 'NONE', #2070, 1000.000000000000000 ) ;
#5965 = AXIS2_PLACEMENT_3D ( 'NONE', #3350, #4471, #4604 ) ;
#5966 = VECTOR ( 'NONE', #9756, 1000.000000000000000 ) ;
#5967 = EDGE_CURVE ( 'NONE', #12811, #12245, #10885, .T. ) ;
#5968 = ORIENTED_EDGE ( 'NONE', *, *, #11032, .F. ) ;
#5969 = DIRECTION ( 'NONE',  ( -0.5773502691896268413, 0.5773502691896247319, -0.5773502691896256200 ) ) ;
#5970 = VECTOR ( 'NONE', #1389, 1000.000000000000000 ) ;
#5971 = CARTESIAN_POINT ( 'NONE',  ( -8.000999999999999446, 7.239000000000000767, 0.8889999999999997904 ) ) ;
#5972 = CARTESIAN_POINT ( 'NONE',  ( -11.42999999999999972, 8.509000000000000341, -2.540000000000001812 ) ) ;
#5973 = LINE ( 'NONE', #9697, #4919 ) ;
#5974 = STYLED_ITEM ( 'NONE', ( #932 ), #10580 ) ;
#5975 = DIRECTION ( 'NONE',  ( 0.5773502691896258421, 0.5773502691896236216, -0.5773502691896278405 ) ) ;
#5976 = EDGE_LOOP ( 'NONE', ( #5263, #7505, #5297, #1 ) ) ;
#5977 = ORIENTED_EDGE ( 'NONE', *, *, #2838, .T. ) ;
#5978 = EDGE_LOOP ( 'NONE', ( #2385, #6503, #2334, #2078, #2811, #12065 ) ) ;
#5979 = LINE ( 'NONE', #9961, #6838 ) ;
#5980 = EDGE_CURVE ( 'NONE', #7651, #9592, #6915, .T. ) ;
#5981 = VERTEX_POINT ( 'NONE', #1960 ) ;
#5982 = DIRECTION ( 'NONE',  ( -1.000000000000000000, 0.000000000000000000, 0.000000000000000000 ) ) ;
#5983 = FACE_OUTER_BOUND ( 'NONE', #7487, .T. ) ;
#5984 = DIRECTION ( 'NONE',  ( 0.000000000000000000, -0.9659258262890701996, -0.2588190451025140226 ) ) ;
#5985 = CARTESIAN_POINT ( 'NONE',  ( -15.62099999999999866, 8.064499999999998892, 1.650999999999999801 ) ) ;
#5986 = AXIS2_PLACEMENT_3D ( 'NONE', #11530, #12307, #8546 ) ;
#5987 = CARTESIAN_POINT ( 'NONE',  ( -10.98550000000000360, 8.509000000000000341, 0.4444999999999970086 ) ) ;
#5988 = VECTOR ( 'NONE', #7574, 1000.000000000000000 ) ;
#5989 = CARTESIAN_POINT ( 'NONE',  ( -7.239000000000000767, 8.064500000000002444, -0.8890000000000000124 ) ) ;
#5990 = ORIENTED_EDGE ( 'NONE', *, *, #8068, .T. ) ;
#5991 = VERTEX_POINT ( 'NONE', #11008 ) ;
#5992 = ORIENTED_EDGE ( 'NONE', *, *, #8887, .T. ) ;
#5993 = DIRECTION ( 'NONE',  ( 0.000000000000000000, 0.000000000000000000, 1.000000000000000000 ) ) ;
#5994 = VECTOR ( 'NONE', #11893, 1000.000000000000000 ) ;
#5995 = PLANE ( 'NONE',  #10782 ) ;
#5996 = ORIENTED_EDGE ( 'NONE', *, *, #430, .T. ) ;
#5997 = EDGE_CURVE ( 'NONE', #7876, #10212, #6059, .T. ) ;
#5998 = CARTESIAN_POINT ( 'NONE',  ( 8.890000000000002345, 0.000000000000000000, 2.539999999999999147 ) ) ;
#5999 = VECTOR ( 'NONE', #1973, 1000.000000000000000 ) ;
#6000 = CARTESIAN_POINT ( 'NONE',  ( -8.890000000000000568, 0.5080000000000006732, -2.022881810244994583 ) ) ;
#6001 = FACE_OUTER_BOUND ( 'NONE', #7967, .T. ) ;
#6002 = CARTESIAN_POINT ( 'NONE',  ( -19.05000000000000071, 6.505213034913026604E-16, -2.540000000000000924 ) ) ;
#6003 = CARTESIAN_POINT ( 'NONE',  ( 17.39900000000000091, 7.239000000000000767, -0.8890000000000001235 ) ) ;
#6004 = CARTESIAN_POINT ( 'NONE',  ( -8.890000000000000568, 4.336808689942017736E-16, -2.159000000000001140 ) ) ;
#6005 = VERTEX_POINT ( 'NONE', #2801 ) ;
#6006 =( NAMED_UNIT ( * ) PLANE_ANGLE_UNIT ( ) SI_UNIT ( $, .RADIAN. ) );
#6007 = DIRECTION ( 'NONE',  ( 1.000000000000000000, 0.000000000000000000, 0.000000000000000000 ) ) ;
#6008 = EDGE_LOOP ( 'NONE', ( #11890, #8712, #4559, #8574 ) ) ;
#6009 = VECTOR ( 'NONE', #7709, 1000.000000000000000 ) ;
#6010 = EDGE_CURVE ( 'NONE', #11021, #2195, #9916, .T. ) ;
#6011 = FACE_OUTER_BOUND ( 'NONE', #625, .T. ) ;
#6012 = EDGE_CURVE ( 'NONE', #5437, #4804, #4966, .T. ) ;
#6013 = ORIENTED_EDGE ( 'NONE', *, *, #7449, .F. ) ;
#6014 = ADVANCED_FACE ( 'NONE', ( #12097 ), #10092, .F. ) ;
#6015 = FACE_OUTER_BOUND ( 'NONE', #5651, .T. ) ;
#6016 = DIRECTION ( 'NONE',  ( 0.000000000000000000, 0.000000000000000000, -1.000000000000000000 ) ) ;
#6017 = EDGE_CURVE ( 'NONE', #1283, #1241, #6378, .T. ) ;
#6018 = CARTESIAN_POINT ( 'NONE',  ( 19.05000000000000071, 0.5080000000000006732, -2.022881810244994583 ) ) ;
#6019 = AXIS2_PLACEMENT_3D ( 'NONE', #1944, #10611, #12758 ) ;
#6020 = ADVANCED_FACE ( 'NONE', ( #182 ), #11258, .F. ) ;
#6021 = DIRECTION ( 'NONE',  ( 0.000000000000000000, -2.251701056906096594E-16, -1.000000000000000000 ) ) ;
#6022 = PLANE ( 'NONE',  #6070 ) ;
#6023 = ORIENTED_EDGE ( 'NONE', *, *, #7306, .F. ) ;
#6024 = FACE_OUTER_BOUND ( 'NONE', #7157, .T. ) ;
#6025 = ADVANCED_FACE ( 'NONE', ( #8343 ), #1353, .F. ) ;
#6026 = LINE ( 'NONE', #10120, #12120 ) ;
#6027 = ORIENTED_EDGE ( 'NONE', *, *, #9985, .F. ) ;
#6028 = EDGE_LOOP ( 'NONE', ( #11676, #10451, #10437, #9893 ) ) ;
#6029 = EDGE_CURVE ( 'NONE', #2175, #2546, #6310, .T. ) ;
#6030 = ORIENTED_EDGE ( 'NONE', *, *, #10154, .F. ) ;
#6031 = CARTESIAN_POINT ( 'NONE',  ( 2.159000000000001140, 7.239000000000000767, 1.650999999999999801 ) ) ;
#6032 = EDGE_CURVE ( 'NONE', #12557, #11723, #10287, .T. ) ;
#6033 = FILL_AREA_STYLE_COLOUR ( '', #64 ) ;
#6034 = CONTEXT_DEPENDENT_SHAPE_REPRESENTATION ( #4397, #9514 ) ;
#6035 = FACE_BOUND ( 'NONE', #3525, .T. ) ;
#6036 = CARTESIAN_POINT ( 'NONE',  ( 14.85899999999999999, 8.064500000000002444, -1.650999999999999801 ) ) ;
#6037 = DIRECTION ( 'NONE',  ( 0.000000000000000000, -1.000000000000000000, 0.000000000000000000 ) ) ;
#6038 = PLANE ( 'NONE',  #4434 ) ;
#6039 = VERTEX_POINT ( 'NONE', #3121 ) ;
#6040 = EDGE_LOOP ( 'NONE', ( #10517, #4685, #8364, #1329 ) ) ;
#6041 = ORIENTED_EDGE ( 'NONE', *, *, #1090, .T. ) ;
#6042 = ORIENTED_EDGE ( 'NONE', *, *, #6942, .F. ) ;
#6043 = FACE_OUTER_BOUND ( 'NONE', #4473, .T. ) ;
#6044 = LINE ( 'NONE', #9895, #8283 ) ;
#6045 = EDGE_CURVE ( 'NONE', #10986, #12532, #6117, .T. ) ;
#6046 = DIRECTION ( 'NONE',  ( -1.000000000000000000, -0.000000000000000000, -0.000000000000000000 ) ) ;
#6047 = FACE_OUTER_BOUND ( 'NONE', #9053, .T. ) ;
#6048 = CARTESIAN_POINT ( 'NONE',  ( 4.699000000000001620, 8.064500000000002444, -0.8890000000000001235 ) ) ;
#6049 = DIRECTION ( 'NONE',  ( 0.000000000000000000, 1.000000000000000000, -2.251701056906096594E-16 ) ) ;
#6050 = LINE ( 'NONE', #8076, #11694 ) ;
#6051 = ORIENTED_EDGE ( 'NONE', *, *, #8733, .T. ) ;
#6052 = ORIENTED_EDGE ( 'NONE', *, *, #10637, .T. ) ;
#6053 = ORIENTED_EDGE ( 'NONE', *, *, #6116, .T. ) ;
#6054 = EDGE_CURVE ( 'NONE', #11270, #2974, #3379, .T. ) ;
#6055 = LINE ( 'NONE', #11850, #9948 ) ;
#6056 = ORIENTED_EDGE ( 'NONE', *, *, #12542, .T. ) ;
#6057 = VECTOR ( 'NONE', #3067, 1000.000000000000000 ) ;
#6058 = PLANE ( 'NONE',  #11068 ) ;
#6059 = LINE ( 'NONE', #5934, #2633 ) ;
#6060 = DIRECTION ( 'NONE',  ( -1.000000000000000000, -0.000000000000000000, -0.000000000000000000 ) ) ;
#6061 = CARTESIAN_POINT ( 'NONE',  ( 5.905500000000000860, 8.509000000000000341, -0.4444999999999983409 ) ) ;
#6062 = DIRECTION ( 'NONE',  ( -0.000000000000000000, 1.000000000000000000, 1.733406087350420004E-16 ) ) ;
#6063 = CARTESIAN_POINT ( 'NONE',  ( 8.890000000000002345, 0.000000000000000000, 2.539999999999999147 ) ) ;
#6064 = FACE_OUTER_BOUND ( 'NONE', #2340, .T. ) ;
#6065 = EDGE_LOOP ( 'NONE', ( #9314, #9763, #5331, #7075 ) ) ;
#6066 = EDGE_CURVE ( 'NONE', #194, #12372, #9178, .T. ) ;
#6067 = CARTESIAN_POINT ( 'NONE',  ( -13.97000000000000064, 0.5080000000000000071, 2.022881810244992806 ) ) ;
#6068 = DIRECTION ( 'NONE',  ( 1.000000000000000000, 0.000000000000000000, -0.000000000000000000 ) ) ;
#6069 = ORIENTED_EDGE ( 'NONE', *, *, #12221, .T. ) ;
#6070 = AXIS2_PLACEMENT_3D ( 'NONE', #12123, #4986, #20 ) ;
#6071 = DIRECTION ( 'NONE',  ( 0.000000000000000000, 1.000000000000000000, 3.058038798877906014E-16 ) ) ;
#6072 = ORIENTED_EDGE ( 'NONE', *, *, #967, .T. ) ;
#6073 = EDGE_CURVE ( 'NONE', #8740, #1387, #8210, .T. ) ;
#6074 = PLANE ( 'NONE',  #12620 ) ;
#6075 = LINE ( 'NONE', #200, #372 ) ;
#6076 = FILL_AREA_STYLE_COLOUR ( '', #8126 ) ;
#6077 = FACE_OUTER_BOUND ( 'NONE', #116, .T. ) ;
#6078 = LINE ( 'NONE', #7006, #1280 ) ;
#6079 = VERTEX_POINT ( 'NONE', #9247 ) ;
#6080 = VECTOR ( 'NONE', #3052, 1000.000000000000000 ) ;
#6081 = CARTESIAN_POINT ( 'NONE',  ( 4.699000000000001620, 8.064500000000002444, -1.650999999999999801 ) ) ;
#6082 = CARTESIAN_POINT ( 'NONE',  ( 0.3809999999999993947, 7.239000000000000767, 0.8889999999999997904 ) ) ;
#6083 = EDGE_LOOP ( 'NONE', ( #3529, #2383, #1574, #9297 ) ) ;
#6084 = EDGE_CURVE ( 'NONE', #10587, #10005, #11067, .T. ) ;
#6085 = VERTEX_POINT ( 'NONE', #2394 ) ;
#6086 = AXIS2_PLACEMENT_3D ( 'NONE', #284, #9096, #4077 ) ;
#6087 = EDGE_CURVE ( 'NONE', #2182, #3761, #240, .T. ) ;
#6088 = DIRECTION ( 'NONE',  ( -0.000000000000000000, 1.000000000000000000, 1.733406087350420004E-16 ) ) ;
#6089 = VECTOR ( 'NONE', #2147, 1000.000000000000000 ) ;
#6090 = DIRECTION ( 'NONE',  ( -1.000000000000000000, -0.000000000000000000, -0.000000000000000000 ) ) ;
#6091 = DIRECTION ( 'NONE',  ( 0.000000000000000000, 0.000000000000000000, 1.000000000000000000 ) ) ;
#6092 = DIRECTION ( 'NONE',  ( -0.7071067811865462405, -0.7071067811865489050, 0.000000000000000000 ) ) ;
#6093 = DIRECTION ( 'NONE',  ( 0.000000000000000000, -0.9659258262890700886, 0.2588190451025140781 ) ) ;
#6094 = ORIENTED_EDGE ( 'NONE', *, *, #6995, .T. ) ;
#6095 = ORIENTED_EDGE ( 'NONE', *, *, #12782, .F. ) ;
#6096 = EDGE_CURVE ( 'NONE', #6221, #3883, #6180, .T. ) ;
#6097 = EDGE_LOOP ( 'NONE', ( #9580, #9502, #10047, #1535 ) ) ;
#6098 = ADVANCED_FACE ( 'NONE', ( #12163 ), #7102, .F. ) ;
#6099 = VECTOR ( 'NONE', #10436, 999.9999999999998863 ) ;
#6100 = EDGE_CURVE ( 'NONE', #8741, #5496, #2144, .T. ) ;
#6101 = EDGE_LOOP ( 'NONE', ( #4489, #2705, #1573, #3934, #9255, #11830, #7223, #4309 ) ) ;
#6102 = LINE ( 'NONE', #1209, #8663 ) ;
#6103 = PLANE ( 'NONE',  #6196 ) ;
#6104 =( LENGTH_UNIT ( ) NAMED_UNIT ( * ) SI_UNIT ( .MILLI., .METRE. ) );
#6105 = DIRECTION ( 'NONE',  ( 0.000000000000000000, 0.000000000000000000, 1.000000000000000000 ) ) ;
#6106 = CARTESIAN_POINT ( 'NONE',  ( -13.97000000000000064, 8.509000000000000341, -2.540000000000001812 ) ) ;
#6107 = CARTESIAN_POINT ( 'NONE',  ( 12.31900000000000084, 8.064500000000002444, -0.8890000000000000124 ) ) ;
#6108 = DIRECTION ( 'NONE',  ( 0.5773502691896258421, 0.5773502691896236216, -0.5773502691896278405 ) ) ;
#6109 = ORIENTED_EDGE ( 'NONE', *, *, #12689, .F. ) ;
#6110 = VERTEX_POINT ( 'NONE', #9122 ) ;
#6111 = ORIENTED_EDGE ( 'NONE', *, *, #6748, .F. ) ;
#6112 =( LENGTH_UNIT ( ) NAMED_UNIT ( * ) SI_UNIT ( .MILLI., .METRE. ) );
#6113 = ORIENTED_EDGE ( 'NONE', *, *, #2180, .T. ) ;
#6114 = EDGE_CURVE ( 'NONE', #482, #5847, #2268, .T. ) ;
#6115 = DIRECTION ( 'NONE',  ( 0.000000000000000000, 0.000000000000000000, -1.000000000000000000 ) ) ;
#6116 = EDGE_CURVE ( 'NONE', #11269, #4444, #3319, .T. ) ;
#6117 = LINE ( 'NONE', #1286, #2851 ) ;
#6118 = DIRECTION ( 'NONE',  ( -1.000000000000000000, -0.000000000000000000, -0.000000000000000000 ) ) ;
#6119 = PLANE ( 'NONE',  #1797 ) ;
#6120 = DIRECTION ( 'NONE',  ( 0.000000000000000000, -1.000000000000000000, 0.000000000000000000 ) ) ;
#6121 = CARTESIAN_POINT ( 'NONE',  ( 19.05000000000000071, 8.509000000000000341, -0.4444999999999982854 ) ) ;
#6122 = CARTESIAN_POINT ( 'NONE',  ( 19.05000000000000071, -8.578981026812224210E-17, 2.158999999999999364 ) ) ;
#6123 = ORIENTED_EDGE ( 'NONE', *, *, #263, .T. ) ;
#6124 = CARTESIAN_POINT ( 'NONE',  ( -17.39900000000000091, 8.064500000000002444, -0.8890000000000001235 ) ) ;
#6125 = DIRECTION ( 'NONE',  ( 0.000000000000000000, -1.000000000000000000, 1.019346266292635338E-16 ) ) ;
#6126 = ORIENTED_EDGE ( 'NONE', *, *, #6129, .T. ) ;
#6127 = DIRECTION ( 'NONE',  ( 0.000000000000000000, 0.000000000000000000, 1.000000000000000000 ) ) ;
#6128 = ORIENTED_EDGE ( 'NONE', *, *, #1791, .F. ) ;
#6129 = EDGE_CURVE ( 'NONE', #8002, #3775, #11587, .T. ) ;
#6130 = CARTESIAN_POINT ( 'NONE',  ( 22.86000000000000298, 7.239000000000000767, -2.201425730935033664E-16 ) ) ;
#6131 = FACE_OUTER_BOUND ( 'NONE', #1103, .T. ) ;
#6132 =( LENGTH_UNIT ( ) NAMED_UNIT ( * ) SI_UNIT ( .MILLI., .METRE. ) );
#6133 = VECTOR ( 'NONE', #6945, 1000.000000000000000 ) ;
#6134 = LINE ( 'NONE', #11149, #1575 ) ;
#6135 = DIRECTION ( 'NONE',  ( 0.000000000000000000, 1.000000000000000000, 3.058038798877906014E-16 ) ) ;
#6136 = ORIENTED_EDGE ( 'NONE', *, *, #10471, .T. ) ;
#6137 = CARTESIAN_POINT ( 'NONE',  ( 15.62099999999999866, 8.064499999999998892, 1.650999999999999801 ) ) ;
#6138 = VECTOR ( 'NONE', #5105, 1000.000000000000000 ) ;
#6139 = FACE_OUTER_BOUND ( 'NONE', #12127, .T. ) ;
#6140 = VERTEX_POINT ( 'NONE', #4631 ) ;
#6141 = ADVANCED_FACE ( 'NONE', ( #12493 ), #8409, .F. ) ;
#6142 = AXIS2_PLACEMENT_3D ( 'NONE', #8821, #10960, #9867 ) ;
#6143 = CARTESIAN_POINT ( 'NONE',  ( -13.52550000000000274, 8.509000000000000341, -2.540000000000001812 ) ) ;
#6144 = ORIENTED_EDGE ( 'NONE', *, *, #12049, .T. ) ;
#6145 = VECTOR ( 'NONE', #8915, 1000.000000000000000 ) ;
#6146 = CARTESIAN_POINT ( 'NONE',  ( 1.270000000000000240, 8.509000000000000341, 2.540000000000001812 ) ) ;
#6147 = FILL_AREA_STYLE ('',( #6033 ) ) ;
#6148 = DIRECTION ( 'NONE',  ( -0.000000000000000000, 0.000000000000000000, -1.000000000000000000 ) ) ;
#6149 = FACE_OUTER_BOUND ( 'NONE', #12142, .T. ) ;
#6150 = VECTOR ( 'NONE', #2251, 999.9999999999998863 ) ;
#6151 = FACE_OUTER_BOUND ( 'NONE', #1162, .T. ) ;
#6152 = DIRECTION ( 'NONE',  ( 0.7071067811865462405, -0.7071067811865489050, 0.000000000000000000 ) ) ;
#6153 = ORIENTED_EDGE ( 'NONE', *, *, #10899, .F. ) ;
#6154 = ORIENTED_EDGE ( 'NONE', *, *, #7652, .T. ) ;
#6155 = ORIENTED_EDGE ( 'NONE', *, *, #8977, .T. ) ;
#6156 = EDGE_CURVE ( 'NONE', #1093, #4419, #9388, .T. ) ;
#6157 = VECTOR ( 'NONE', #5371, 1000.000000000000000 ) ;
#6158 = PRODUCT_DEFINITION_SHAPE ( 'NONE', 'NONE',  #12886 ) ;
#6159 = VECTOR ( 'NONE', #7104, 1000.000000000000000 ) ;
#6160 = ORIENTED_EDGE ( 'NONE', *, *, #807, .F. ) ;
#6161 = VECTOR ( 'NONE', #1255, 1000.000000000000000 ) ;
#6162 = LINE ( 'NONE', #10927, #8248 ) ;
#6163 = EDGE_CURVE ( 'NONE', #8640, #4639, #10547, .T. ) ;
#6164 = CARTESIAN_POINT ( 'NONE',  ( -0.3809999999999993947, 7.239000000000000767, -1.651000000000000023 ) ) ;
#6165 = EDGE_CURVE ( 'NONE', #1365, #4305, #2724, .T. ) ;
#6166 = VECTOR ( 'NONE', #11616, 1000.000000000000000 ) ;
#6167 = LINE ( 'NONE', #12150, #8939 ) ;
#6168 = PLANE ( 'NONE',  #975 ) ;
#6169 = DIRECTION ( 'NONE',  ( -0.000000000000000000, 1.000000000000000000, 1.733406087350420004E-16 ) ) ;
#6170 = CARTESIAN_POINT ( 'NONE',  ( -8.445499999999999119, 8.509000000000000341, -2.540000000000001812 ) ) ;
#6171 = EDGE_CURVE ( 'NONE', #3986, #9097, #1561, .T. ) ;
#6172 = CARTESIAN_POINT ( 'NONE',  ( 16.51000000000000156, 8.509000000000000341, 2.540000000000001812 ) ) ;
#6173 = EDGE_LOOP ( 'NONE', ( #12587, #12682, #7667, #6420 ) ) ;
#6174 = ORIENTED_EDGE ( 'NONE', *, *, #7209, .T. ) ;
#6175 = ORIENTED_EDGE ( 'NONE', *, *, #3132, .T. ) ;
#6176 = CARTESIAN_POINT ( 'NONE',  ( -18.16100000000000136, 8.064499999999998892, 1.651000000000000023 ) ) ;
#6177 = EDGE_CURVE ( 'NONE', #1387, #5510, #509, .T. ) ;
#6178 = AXIS2_PLACEMENT_3D ( 'NONE', #10540, #5725, #4561 ) ;
#6179 = CARTESIAN_POINT ( 'NONE',  ( -16.51000000000000156, 0.000000000000000000, 2.539999999999999147 ) ) ;
#6180 = LINE ( 'NONE', #4226, #3486 ) ;
#6181 = DIRECTION ( 'NONE',  ( 1.000000000000000000, 0.000000000000000000, 0.000000000000000000 ) ) ;
#6182 = CARTESIAN_POINT ( 'NONE',  ( -4.698999999999999844, 7.239000000000000767, -1.651000000000000023 ) ) ;
#6183 = CARTESIAN_POINT ( 'NONE',  ( -10.54100000000000037, 7.239000000000000767, 1.650999999999999801 ) ) ;
#6184 = ADVANCED_FACE ( 'NONE', ( #645 ), #2595, .F. ) ;
#6185 = CARTESIAN_POINT ( 'NONE',  ( -1.270000000000000240, 6.505213034913026604E-16, -2.540000000000000924 ) ) ;
#6186 = VECTOR ( 'NONE', #842, 1000.000000000000000 ) ;
#6187 = CARTESIAN_POINT ( 'NONE',  ( -7.239000000000000767, 8.064500000000002444, -0.8890000000000001235 ) ) ;
#6188 = EDGE_LOOP ( 'NONE', ( #8419, #11090, #3027, #7941 ) ) ;
#6189 = EDGE_LOOP ( 'NONE', ( #9412, #750, #556, #10961 ) ) ;
#6190 = FACE_BOUND ( 'NONE', #7456, .T. ) ;
#6191 = FACE_BOUND ( 'NONE', #5005, .T. ) ;
#6192 = ORIENTED_EDGE ( 'NONE', *, *, #9136, .T. ) ;
#6193 = ORIENTED_EDGE ( 'NONE', *, *, #6641, .T. ) ;
#6194 = AXIS2_PLACEMENT_3D ( 'NONE', #2371, #12339, #1049 ) ;
#6195 = VECTOR ( 'NONE', #10819, 1000.000000000000000 ) ;
#6196 = AXIS2_PLACEMENT_3D ( 'NONE', #1150, #170, #4150 ) ;
#6197 = DIRECTION ( 'NONE',  ( 0.000000000000000000, 0.000000000000000000, 1.000000000000000000 ) ) ;
#6198 = ORIENTED_EDGE ( 'NONE', *, *, #8730, .F. ) ;
#6199 = DIRECTION ( 'NONE',  ( 0.000000000000000000, 0.000000000000000000, -1.000000000000000000 ) ) ;
#6200 = CARTESIAN_POINT ( 'NONE',  ( -15.62099999999999866, 8.064500000000002444, -1.650999999999999801 ) ) ;
#6201 = DIRECTION ( 'NONE',  ( -0.000000000000000000, 0.000000000000000000, 1.000000000000000000 ) ) ;
#6202 = CARTESIAN_POINT ( 'NONE',  ( 16.51000000000000156, 0.000000000000000000, 2.539999999999999147 ) ) ;
#6203 = FACE_OUTER_BOUND ( 'NONE', #5211, .T. ) ;
#6204 = VERTEX_POINT ( 'NONE', #4500 ) ;
#6205 = CARTESIAN_POINT ( 'NONE',  ( -15.62099999999999866, 7.239000000000000767, -0.8890000000000001235 ) ) ;
#6206 = AXIS2_PLACEMENT_3D ( 'NONE', #6857, #10820, #1961 ) ;
#6207 = LINE ( 'NONE', #4063, #12553 ) ;
#6208 = EDGE_LOOP ( 'NONE', ( #2250, #4739, #12485, #10058 ) ) ;
#6209 = EDGE_CURVE ( 'NONE', #12683, #10169, #10417, .T. ) ;
#6210 = DIRECTION ( 'NONE',  ( -0.5773502691896272854, -0.5773502691896250649, -0.5773502691896250649 ) ) ;
#6211 = FACE_OUTER_BOUND ( 'NONE', #8548, .T. ) ;
#6212 = ORIENTED_EDGE ( 'NONE', *, *, #2805, .T. ) ;
#6213 = VECTOR ( 'NONE', #5488, 1000.000000000000114 ) ;
#6214 =( REPRESENTATION_RELATIONSHIP ('NONE','NONE', #12679, #10636 ) REPRESENTATION_RELATIONSHIP_WITH_TRANSFORMATION ( #827 )SHAPE_REPRESENTATION_RELATIONSHIP( ) );
#6215 = DIRECTION ( 'NONE',  ( 1.000000000000000000, 0.000000000000000000, 0.000000000000000000 ) ) ;
#6216 = CARTESIAN_POINT ( 'NONE',  ( -9.779000000000001691, 7.239000000000000767, 1.650999999999999801 ) ) ;
#6217 = DIRECTION ( 'NONE',  ( 0.000000000000000000, 0.000000000000000000, -1.000000000000000000 ) ) ;
#6218 = CARTESIAN_POINT ( 'NONE',  ( 8.890000000000002345, 0.5080000000000006732, -2.022881810244994583 ) ) ;
#6219 = CARTESIAN_POINT ( 'NONE',  ( 11.43000000000000327, 8.509000000000000341, 2.540000000000001812 ) ) ;
#6220 = DIRECTION ( 'NONE',  ( 0.000000000000000000, -0.9659258262890700886, 0.2588190451025140781 ) ) ;
#6221 = VERTEX_POINT ( 'NONE', #10355 ) ;
#6222 = ORIENTED_EDGE ( 'NONE', *, *, #10578, .T. ) ;
#6223 = VERTEX_POINT ( 'NONE', #1428 ) ;
#6224 = EDGE_CURVE ( 'NONE', #5886, #11581, #3450, .T. ) ;
#6225 = DIRECTION ( 'NONE',  ( 0.000000000000000000, 1.000000000000000000, -2.251701056906096594E-16 ) ) ;
#6226 = AXIS2_PLACEMENT_3D ( 'NONE', #424, #491, #7409 ) ;
#6227 = AXIS2_PLACEMENT_3D ( 'NONE', #12827, #2076, #3909 ) ;
#6228 = MANIFOLD_SOLID_BREP ( 'Chamfer1', #9195 ) ;
#6229 = VERTEX_POINT ( 'NONE', #2531 ) ;
#6230 = CARTESIAN_POINT ( 'NONE',  ( -8.000999999999999446, 8.064500000000002444, -0.8890000000000001235 ) ) ;
#6231 = CARTESIAN_POINT ( 'NONE',  ( 16.51000000000000156, 4.336808689942017736E-16, -2.159000000000001140 ) ) ;
#6232 = CARTESIAN_POINT ( 'NONE',  ( 13.97000000000000064, 0.5080000000000006732, -2.022881810244994583 ) ) ;
#6233 = DIRECTION ( 'NONE',  ( -1.000000000000000000, -0.000000000000000000, -0.000000000000000000 ) ) ;
#6234 = LINE ( 'NONE', #2316, #4857 ) ;
#6235 = EDGE_CURVE ( 'NONE', #5428, #1623, #711, .T. ) ;
#6236 = PLANE ( 'NONE',  #2964 ) ;
#6237 = ORIENTED_EDGE ( 'NONE', *, *, #4963, .T. ) ;
#6238 = VERTEX_POINT ( 'NONE', #3720 ) ;
#6239 = VERTEX_POINT ( 'NONE', #5401 ) ;
#6240 = CARTESIAN_POINT ( 'NONE',  ( -19.30400000000000205, 8.509000000000000341, -2.540000000000001812 ) ) ;
#6241 = ORIENTED_EDGE ( 'NONE', *, *, #3834, .T. ) ;
#6242 = EDGE_CURVE ( 'NONE', #11581, #3557, #444, .T. ) ;
#6243 = CARTESIAN_POINT ( 'NONE',  ( 0.3809999999999998388, -2.692399999999995241, 1.473200000000000065 ) ) ;
#6244 = EDGE_CURVE ( 'NONE', #11631, #7682, #12135, .T. ) ;
#6245 = CARTESIAN_POINT ( 'NONE',  ( -3.809999999999999165, 4.336808689942017736E-16, -2.159000000000001140 ) ) ;
#6246 = DIRECTION ( 'NONE',  ( 0.000000000000000000, -1.607907343367028359E-16, 1.000000000000000000 ) ) ;
#6247 = DIRECTION ( 'NONE',  ( 0.000000000000000000, -1.607907343367028359E-16, 1.000000000000000000 ) ) ;
#6248 = PLANE ( 'NONE',  #893 ) ;
#6249 = CARTESIAN_POINT ( 'NONE',  ( 6.350000000000001421, 0.5080000000000000071, 2.022881810244992806 ) ) ;
#6250 = CARTESIAN_POINT ( 'NONE',  ( 3.810000000000000941, 0.5080000000000000071, 2.022881810244992806 ) ) ;
#6251 = VERTEX_POINT ( 'NONE', #10674 ) ;
#6252 = ORIENTED_EDGE ( 'NONE', *, *, #12208, .T. ) ;
#6253 = CARTESIAN_POINT ( 'NONE',  ( 0.3809999999999993947, 8.064500000000002444, -0.8890000000000001235 ) ) ;
#6254 = CARTESIAN_POINT ( 'NONE',  ( 12.31900000000000084, 7.239000000000000767, -1.651000000000000023 ) ) ;
#6255 = EDGE_LOOP ( 'NONE', ( #4388, #8941, #7474, #6755 ) ) ;
#6256 = VERTEX_POINT ( 'NONE', #10740 ) ;
#6257 = EDGE_CURVE ( 'NONE', #6617, #5111, #3030, .T. ) ;
#6258 = EDGE_CURVE ( 'NONE', #6599, #8335, #4071, .T. ) ;
#6259 = ORIENTED_EDGE ( 'NONE', *, *, #6819, .F. ) ;
#6260 = VECTOR ( 'NONE', #5560, 1000.000000000000000 ) ;
#6261 = DIRECTION ( 'NONE',  ( 0.000000000000000000, 0.000000000000000000, -1.000000000000000000 ) ) ;
#6262 = DIRECTION ( 'NONE',  ( 0.000000000000000000, -1.000000000000000000, 0.000000000000000000 ) ) ;
#6263 = CARTESIAN_POINT ( 'NONE',  ( 1.270000000000000240, 6.505213034913026604E-16, -2.540000000000000924 ) ) ;
#6264 = CARTESIAN_POINT ( 'NONE',  ( -14.85899999999999999, 8.064500000000002444, -0.8890000000000001235 ) ) ;
#6265 = DIRECTION ( 'NONE',  ( 0.000000000000000000, 0.000000000000000000, -1.000000000000000000 ) ) ;
#6266 = VERTEX_POINT ( 'NONE', #7016 ) ;
#6267 = MANIFOLD_SOLID_BREP ( 'Mirror3', #8376 ) ;
#6268 = CARTESIAN_POINT ( 'NONE',  ( 10.98550000000000182, 8.509000000000000341, -0.4444999999999983409 ) ) ;
#6269 = LINE ( 'NONE', #5231, #2769 ) ;
#6270 = ORIENTED_EDGE ( 'NONE', *, *, #342, .F. ) ;
#6271 = DIRECTION ( 'NONE',  ( -1.000000000000000000, 0.000000000000000000, 0.000000000000000000 ) ) ;
#6272 = AXIS2_PLACEMENT_3D ( 'NONE', #5014, #7034, #3841 ) ;
#6273 = EDGE_CURVE ( 'NONE', #1342, #9562, #7992, .T. ) ;
#6274 = CARTESIAN_POINT ( 'NONE',  ( 16.51000000000000156, 8.509000000000000341, 2.095500000000002139 ) ) ;
#6275 = ORIENTED_EDGE ( 'NONE', *, *, #12056, .T. ) ;
#6276 = DIRECTION ( 'NONE',  ( 0.000000000000000000, -0.9659258262890701996, -0.2588190451025140226 ) ) ;
#6277 = EDGE_CURVE ( 'NONE', #10476, #2496, #3838, .T. ) ;
#6278 = LINE ( 'NONE', #5301, #1527 ) ;
#6279 = VECTOR ( 'NONE', #7805, 1000.000000000000000 ) ;
#6280 = VECTOR ( 'NONE', #3791, 1000.000000000000000 ) ;
#6281 = DIRECTION ( 'NONE',  ( -0.000000000000000000, 1.000000000000000000, 5.691349986800550837E-16 ) ) ;
#6282 = CARTESIAN_POINT ( 'NONE',  ( 27.94000000000000128, 7.239000000000000767, -2.201425730935033664E-16 ) ) ;
#6283 = DIRECTION ( 'NONE',  ( 0.000000000000000000, 0.000000000000000000, -1.000000000000000000 ) ) ;
#6284 = CARTESIAN_POINT ( 'NONE',  ( -2.159000000000001140, 8.064499999999998892, 0.8889999999999999014 ) ) ;
#6285 = ORIENTED_EDGE ( 'NONE', *, *, #5135, .T. ) ;
#6286 = EDGE_LOOP ( 'NONE', ( #11427, #5309, #10367, #8012, #6374, #7911 ) ) ;
#6287 = ORIENTED_EDGE ( 'NONE', *, *, #10559, .F. ) ;
#6288 = CARTESIAN_POINT ( 'NONE',  ( 0.3809999999999993947, 8.064499999999998892, 1.650999999999999801 ) ) ;
#6289 = VECTOR ( 'NONE', #1340, 1000.000000000000000 ) ;
#6290 = VECTOR ( 'NONE', #7694, 1000.000000000000000 ) ;
#6291 = ORIENTED_EDGE ( 'NONE', *, *, #10283, .F. ) ;
#6292 = PLANE ( 'NONE',  #5120 ) ;
#6293 = CARTESIAN_POINT ( 'NONE',  ( 14.85899999999999999, 7.239000000000000767, -0.8890000000000001235 ) ) ;
#6294 = ADVANCED_FACE ( 'NONE', ( #9711 ), #4138, .F. ) ;
#6295 = LINE ( 'NONE', #3049, #8045 ) ;
#6296 = CARTESIAN_POINT ( 'NONE',  ( 1.270000000000000240, 0.5080000000000006732, -2.022881810244994583 ) ) ;
#6297 = CARTESIAN_POINT ( 'NONE',  ( -6.349999999999999645, -8.578981026812224210E-17, 2.158999999999999364 ) ) ;
#6298 = VECTOR ( 'NONE', #8962, 1000.000000000000000 ) ;
#6299 = CARTESIAN_POINT ( 'NONE',  ( 9.779000000000003467, 7.239000000000000767, 1.650999999999999801 ) ) ;
#6300 = ORIENTED_EDGE ( 'NONE', *, *, #12619, .T. ) ;
#6301 = ORIENTED_EDGE ( 'NONE', *, *, #9051, .T. ) ;
#6302 = ORIENTED_EDGE ( 'NONE', *, *, #4656, .F. ) ;
#6303 = DIRECTION ( 'NONE',  ( 1.000000000000000000, 0.000000000000000000, 0.000000000000000000 ) ) ;
#6304 = EDGE_CURVE ( 'NONE', #2852, #10553, #6712, .T. ) ;
#6305 = ORIENTED_EDGE ( 'NONE', *, *, #5196, .T. ) ;
#6306 = VECTOR ( 'NONE', #7839, 1000.000000000000000 ) ;
#6307 = DIRECTION ( 'NONE',  ( 0.000000000000000000, 0.000000000000000000, 1.000000000000000000 ) ) ;
#6308 = DIRECTION ( 'NONE',  ( -0.5773502691896259531, -0.5773502691896237327, -0.5773502691896276184 ) ) ;
#6309 = MANIFOLD_SOLID_BREP ( 'LPattern1[14]', #45 ) ;
#6310 = LINE ( 'NONE', #5087, #3480 ) ;
#6311 = DIRECTION ( 'NONE',  ( -0.000000000000000000, 1.000000000000000000, 1.607907343367028359E-16 ) ) ;
#6312 = DIRECTION ( 'NONE',  ( -0.000000000000000000, 1.000000000000000000, 1.733406087350420004E-16 ) ) ;
#6313 = FACE_BOUND ( 'NONE', #9824, .T. ) ;
#6314 = CARTESIAN_POINT ( 'NONE',  ( 1.270000000000000240, -8.578981026812224210E-17, 2.158999999999999364 ) ) ;
#6315 = DIRECTION ( 'NONE',  ( 0.000000000000000000, -1.000000000000000000, 1.019346266292635338E-16 ) ) ;
#6316 = ORIENTED_EDGE ( 'NONE', *, *, #5112, .F. ) ;
#6317 = VERTEX_POINT ( 'NONE', #5431 ) ;
#6318 = DIRECTION ( 'NONE',  ( 1.000000000000000000, 0.000000000000000000, -0.000000000000000000 ) ) ;
#6319 = CARTESIAN_POINT ( 'NONE',  ( 0.3810000000000000053, 0.5079999999999997851, 1.473200000000000953 ) ) ;
#6320 = EDGE_LOOP ( 'NONE', ( #2319, #4218, #12860, #874 ) ) ;
#6321 = ORIENTED_EDGE ( 'NONE', *, *, #11762, .T. ) ;
#6322 = EDGE_CURVE ( 'NONE', #3775, #2868, #2058, .T. ) ;
#6323 = ORIENTED_EDGE ( 'NONE', *, *, #4640, .T. ) ;
#6324 = LINE ( 'NONE', #1443, #784 ) ;
#6325 = CARTESIAN_POINT ( 'NONE',  ( 13.97000000000000064, 0.5080000000000006732, -2.022881810244994583 ) ) ;
#6326 = EDGE_CURVE ( 'NONE', #6229, #2079, #4260, .T. ) ;
#6327 = UNCERTAINTY_MEASURE_WITH_UNIT (LENGTH_MEASURE( 1.000000000000000082E-05 ), #4182, 'distance_accuracy_value', 'NONE');
#6328 = EDGE_CURVE ( 'NONE', #415, #9592, #6278, .T. ) ;
#6329 = CARTESIAN_POINT ( 'NONE',  ( 2.159000000000001140, 7.239000000000000767, 0.8889999999999997904 ) ) ;
#6330 = FACE_OUTER_BOUND ( 'NONE', #3575, .T. ) ;
#6331 = FACE_OUTER_BOUND ( 'NONE', #12614, .T. ) ;
#6332 = ORIENTED_EDGE ( 'NONE', *, *, #6693, .F. ) ;
#6333 = MANIFOLD_SOLID_BREP ( 'LPattern1[7]', #2751 ) ;
#6334 = CARTESIAN_POINT ( 'NONE',  ( -11.43000000000000149, 6.505213034913026604E-16, -2.540000000000000924 ) ) ;
#6335 = CARTESIAN_POINT ( 'NONE',  ( -19.30400000000000205, 8.509000000000000341, -2.540000000000001812 ) ) ;
#6336 = EDGE_CURVE ( 'NONE', #7549, #1086, #11227, .T. ) ;
#6337 = ORIENTED_EDGE ( 'NONE', *, *, #1918, .T. ) ;
#6338 = DIRECTION ( 'NONE',  ( -1.000000000000000000, -0.000000000000000000, -0.000000000000000000 ) ) ;
#6339 = VECTOR ( 'NONE', #10772, 1000.000000000000000 ) ;
#6340 = FACE_OUTER_BOUND ( 'NONE', #286, .T. ) ;
#6341 = EDGE_LOOP ( 'NONE', ( #4306, #11817, #5849, #11618 ) ) ;
#6342 = LINE ( 'NONE', #10320, #5970 ) ;
#6343 = DIRECTION ( 'NONE',  ( 1.000000000000000000, 0.000000000000000000, 0.000000000000000000 ) ) ;
#6344 = VECTOR ( 'NONE', #4748, 1000.000000000000000 ) ;
#6345 = LINE ( 'NONE', #7325, #7601 ) ;
#6346 = LINE ( 'NONE', #9421, #1717 ) ;
#6347 = EDGE_CURVE ( 'NONE', #1135, #2066, #6474, .T. ) ;
#6348 = CARTESIAN_POINT ( 'NONE',  ( 14.41450000000000031, 8.509000000000000341, -0.4444999999999983409 ) ) ;
#6349 = CARTESIAN_POINT ( 'NONE',  ( 18.16100000000000136, 8.064499999999998892, 1.650999999999999801 ) ) ;
#6350 = ORIENTED_EDGE ( 'NONE', *, *, #11533, .T. ) ;
#6351 = ORIENTED_EDGE ( 'NONE', *, *, #11414, .T. ) ;
#6352 = EDGE_LOOP ( 'NONE', ( #622, #6174, #5992, #1809 ) ) ;
#6353 = DIRECTION ( 'NONE',  ( -0.000000000000000000, 1.019346266292635338E-16, 1.000000000000000000 ) ) ;
#6354 = EDGE_LOOP ( 'NONE', ( #6640, #2164, #3963, #11531, #5465, #3846, #5374, #6800 ) ) ;
#6355 = VECTOR ( 'NONE', #5728, 1000.000000000000000 ) ;
#6356 = VECTOR ( 'NONE', #19, 1000.000000000000000 ) ;
#6357 = ORIENTED_EDGE ( 'NONE', *, *, #2999, .T. ) ;
#6358 = CARTESIAN_POINT ( 'NONE',  ( -4.953000000000001180, 7.810499999999998444, 1.397000000000000242 ) ) ;
#6359 = CARTESIAN_POINT ( 'NONE',  ( -8.890000000000000568, 0.000000000000000000, 0.000000000000000000 ) ) ;
#6360 = VECTOR ( 'NONE', #9753, 1000.000000000000000 ) ;
#6361 = DIRECTION ( 'NONE',  ( 0.000000000000000000, 0.000000000000000000, 1.000000000000000000 ) ) ;
#6362 = CARTESIAN_POINT ( 'NONE',  ( 12.31900000000000084, 8.064499999999998892, 0.8889999999999999014 ) ) ;
#6363 = PLANE ( 'NONE',  #12541 ) ;
#6364 = ORIENTED_EDGE ( 'NONE', *, *, #7690, .T. ) ;
#6365 = LINE ( 'NONE', #3112, #4653 ) ;
#6366 = AXIS2_PLACEMENT_3D ( 'NONE', #1358, #1682, #7362 ) ;
#6367 = FACE_OUTER_BOUND ( 'NONE', #4459, .T. ) ;
#6368 = ORIENTED_EDGE ( 'NONE', *, *, #2918, .F. ) ;
#6369 = EDGE_LOOP ( 'NONE', ( #1254, #10846, #1747, #2219 ) ) ;
#6370 = AXIS2_PLACEMENT_3D ( 'NONE', #1273, #3231, #5134 ) ;
#6371 = ORIENTED_EDGE ( 'NONE', *, *, #10154, .T. ) ;
#6372 = EDGE_CURVE ( 'NONE', #9847, #8382, #544, .T. ) ;
#6373 = VECTOR ( 'NONE', #11680, 1000.000000000000000 ) ;
#6374 = ORIENTED_EDGE ( 'NONE', *, *, #10322, .F. ) ;
#6375 = AXIS2_PLACEMENT_3D ( 'NONE', #12334, #11424, #4538 ) ;
#6376 = DIRECTION ( 'NONE',  ( -1.000000000000000000, -0.000000000000000000, -0.000000000000000000 ) ) ;
#6377 = CARTESIAN_POINT ( 'NONE',  ( 0.3809999999999993947, 7.239000000000000767, 0.8889999999999997904 ) ) ;
#6378 = LINE ( 'NONE', #7163, #1382 ) ;
#6379 = DIRECTION ( 'NONE',  ( 1.000000000000000000, 0.000000000000000000, 0.000000000000000000 ) ) ;
#6380 = DIRECTION ( 'NONE',  ( 0.000000000000000000, 0.9659258262890701996, 0.2588190451025140226 ) ) ;
#6381 = DIRECTION ( 'NONE',  ( -0.000000000000000000, 1.000000000000000000, 1.607907343367028359E-16 ) ) ;
#6382 = CARTESIAN_POINT ( 'NONE',  ( -14.85899999999999999, 8.064500000000002444, -1.650999999999999801 ) ) ;
#6383 = LINE ( 'NONE', #12610, #12815 ) ;
#6384 = EDGE_LOOP ( 'NONE', ( #1732, #4094, #6925, #10399 ) ) ;
#6385 = EDGE_LOOP ( 'NONE', ( #8203, #12444, #10376, #6786 ) ) ;
#6386 = PLANE ( 'NONE',  #5132 ) ;
#6387 = VECTOR ( 'NONE', #4112, 1000.000000000000000 ) ;
#6388 = FACE_OUTER_BOUND ( 'NONE', #10603, .T. ) ;
#6389 = ORIENTED_EDGE ( 'NONE', *, *, #7138, .F. ) ;
#6390 = EDGE_LOOP ( 'NONE', ( #2216, #162, #6948, #4273 ) ) ;
#6391 = EDGE_CURVE ( 'NONE', #5520, #9562, #1257, .T. ) ;
#6392 = VERTEX_POINT ( 'NONE', #279 ) ;
#6393 = AXIS2_PLACEMENT_3D ( 'NONE', #771, #8785, #6574 ) ;
#6394 = CARTESIAN_POINT ( 'NONE',  ( 7.747000000000000774, 7.810500000000001997, -1.396999999999998021 ) ) ;
#6395 = CARTESIAN_POINT ( 'NONE',  ( -16.51000000000000156, 0.5080000000000006732, -2.022881810244994583 ) ) ;
#6396 = CARTESIAN_POINT ( 'NONE',  ( 17.39900000000000091, 8.064499999999998892, 0.8889999999999999014 ) ) ;
#6397 = FILL_AREA_STYLE_COLOUR ( '', #5046 ) ;
#6398 = EDGE_LOOP ( 'NONE', ( #3373, #6661, #9463, #117 ) ) ;
#6399 = AXIS2_PLACEMENT_3D ( 'NONE', #4708, #2797, #1759 ) ;
#6400 = MANIFOLD_SOLID_BREP ( 'LPattern1[11]', #4196 ) ;
#6401 = CARTESIAN_POINT ( 'NONE',  ( -19.05000000000000071, 0.5080000000000000071, 2.022881810244992806 ) ) ;
#6402 = EDGE_LOOP ( 'NONE', ( #7648, #10713, #1737, #7904 ) ) ;
#6403 = FACE_OUTER_BOUND ( 'NONE', #3638, .T. ) ;
#6404 = VECTOR ( 'NONE', #5729, 1000.000000000000000 ) ;
#6405 = ADVANCED_FACE ( 'NONE', ( #7390 ), #6412, .F. ) ;
#6406 = ADVANCED_FACE ( 'NONE', ( #1459 ), #11549, .F. ) ;
#6407 = CARTESIAN_POINT ( 'NONE',  ( -17.39900000000000091, 7.239000000000000767, 0.8889999999999997904 ) ) ;
#6408 = ORIENTED_EDGE ( 'NONE', *, *, #5077, .T. ) ;
#6409 = EDGE_CURVE ( 'NONE', #705, #7598, #9614, .T. ) ;
#6410 = DIRECTION ( 'NONE',  ( -0.5773502691896258421, 0.5773502691896236216, -0.5773502691896278405 ) ) ;
#6411 = EDGE_CURVE ( 'NONE', #2707, #2490, #9741, .T. ) ;
#6412 = PLANE ( 'NONE',  #12575 ) ;
#6413 = AXIS2_PLACEMENT_3D ( 'NONE', #10964, #16, #1850 ) ;
#6414 = EDGE_CURVE ( 'NONE', #5051, #1093, #10579, .T. ) ;
#6415 = CARTESIAN_POINT ( 'NONE',  ( 17.39900000000000091, 8.064500000000002444, -1.650999999999999801 ) ) ;
#6416 = CARTESIAN_POINT ( 'NONE',  ( -16.51000000000000156, 0.5080000000000000071, 2.022881810244992806 ) ) ;
#6417 = FACE_OUTER_BOUND ( 'NONE', #6480, .T. ) ;
#6418 = DIRECTION ( 'NONE',  ( -1.000000000000000000, -0.000000000000000000, -0.000000000000000000 ) ) ;
#6419 = ORIENTED_EDGE ( 'NONE', *, *, #7292, .F. ) ;
#6420 = ORIENTED_EDGE ( 'NONE', *, *, #12654, .F. ) ;
#6421 = VERTEX_POINT ( 'NONE', #743 ) ;
#6422 = DIRECTION ( 'NONE',  ( 0.000000000000000000, 0.000000000000000000, -1.000000000000000000 ) ) ;
#6423 = ORIENTED_EDGE ( 'NONE', *, *, #6963, .F. ) ;
#6424 = EDGE_CURVE ( 'NONE', #1376, #4705, #8633, .T. ) ;
#6425 = VECTOR ( 'NONE', #5025, 1000.000000000000000 ) ;
#6426 = ORIENTED_EDGE ( 'NONE', *, *, #12463, .F. ) ;
#6427 = EDGE_CURVE ( 'NONE', #2503, #1855, #8762, .T. ) ;
#6428 = PLANE ( 'NONE',  #9920 ) ;
#6429 = PLANE ( 'NONE',  #2239 ) ;
#6430 = DIRECTION ( 'NONE',  ( 1.000000000000000000, 0.000000000000000000, 0.000000000000000000 ) ) ;
#6431 = CARTESIAN_POINT ( 'NONE',  ( -12.82699999999999818, 7.810499999999998444, 1.143000000000000016 ) ) ;
#6432 = LINE ( 'NONE', #3504, #11884 ) ;
#6433 = ORIENTED_EDGE ( 'NONE', *, *, #9458, .T. ) ;
#6434 = LINE ( 'NONE', #429, #9655 ) ;
#6435 = AXIS2_PLACEMENT_3D ( 'NONE', #4481, #6565, #8457 ) ;
#6436 = CARTESIAN_POINT ( 'NONE',  ( 30.48000000000000043, 7.239000000000000767, -2.201425730935033664E-16 ) ) ;
#6437 = ORIENTED_EDGE ( 'NONE', *, *, #8813, .F. ) ;
#6438 = ORIENTED_EDGE ( 'NONE', *, *, #6906, .T. ) ;
#6439 = ORIENTED_EDGE ( 'NONE', *, *, #6165, .T. ) ;
#6440 = DIRECTION ( 'NONE',  ( 0.000000000000000000, 0.000000000000000000, 1.000000000000000000 ) ) ;
#6441 = ORIENTED_EDGE ( 'NONE', *, *, #122, .F. ) ;
#6442 = ADVANCED_FACE ( 'NONE', ( #811 ), #2630, .F. ) ;
#6443 = FACE_OUTER_BOUND ( 'NONE', #6691, .T. ) ;
#6444 = CARTESIAN_POINT ( 'NONE',  ( 7.239000000000002544, 8.064499999999998892, 1.650999999999999801 ) ) ;
#6445 = FACE_OUTER_BOUND ( 'NONE', #7073, .T. ) ;
#6446 = DIRECTION ( 'NONE',  ( 0.000000000000000000, 3.058038798877906014E-16, -1.000000000000000000 ) ) ;
#6447 = CARTESIAN_POINT ( 'NONE',  ( 7.239000000000002544, 7.239000000000000767, -0.8890000000000001235 ) ) ;
#6448 = DIRECTION ( 'NONE',  ( -0.000000000000000000, 1.000000000000000000, 1.733406087350420004E-16 ) ) ;
#6449 = DIRECTION ( 'NONE',  ( 0.000000000000000000, 1.000000000000000000, 1.733406087350420004E-16 ) ) ;
#6450 = EDGE_CURVE ( 'NONE', #2521, #1045, #7789, .T. ) ;
#6451 = DIRECTION ( 'NONE',  ( -0.000000000000000000, 1.000000000000000000, 1.733406087350420004E-16 ) ) ;
#6452 = ORIENTED_EDGE ( 'NONE', *, *, #4730, .T. ) ;
#6453 = ORIENTED_EDGE ( 'NONE', *, *, #12408, .F. ) ;
#6454 = CARTESIAN_POINT ( 'NONE',  ( -6.349999999999999645, 6.505213034913026604E-16, -2.540000000000000924 ) ) ;
#6455 = DIRECTION ( 'NONE',  ( 0.000000000000000000, -1.000000000000000000, -3.058038798877906014E-16 ) ) ;
#6456 = EDGE_LOOP ( 'NONE', ( #6458, #7506, #1020, #7875 ) ) ;
#6457 = ORIENTED_EDGE ( 'NONE', *, *, #11214, .T. ) ;
#6458 = ORIENTED_EDGE ( 'NONE', *, *, #12411, .T. ) ;
#6459 = CARTESIAN_POINT ( 'NONE',  ( 16.95449999999999591, 8.509000000000000341, 2.095500000000002139 ) ) ;
#6460 = CARTESIAN_POINT ( 'NONE',  ( 8.890000000000002345, -8.578981026812224210E-17, 2.158999999999999364 ) ) ;
#6461 = CARTESIAN_POINT ( 'NONE',  ( -2.920999999999999819, 7.239000000000000767, -0.8890000000000001235 ) ) ;
#6462 = EDGE_CURVE ( 'NONE', #12353, #5111, #1597, .T. ) ;
#6463 = LINE ( 'NONE', #8297, #7519 ) ;
#6464 = CARTESIAN_POINT ( 'NONE',  ( 0.3809999999999999498, -2.692399999999995241, 1.066800000000000637 ) ) ;
#6465 = ORIENTED_EDGE ( 'NONE', *, *, #10009, .T. ) ;
#6466 =( NAMED_UNIT ( * ) PLANE_ANGLE_UNIT ( ) SI_UNIT ( $, .RADIAN. ) );
#6467 = DIRECTION ( 'NONE',  ( 0.000000000000000000, 5.691349986800550837E-16, -1.000000000000000000 ) ) ;
#6468 = ORIENTED_EDGE ( 'NONE', *, *, #3588, .T. ) ;
#6469 = CARTESIAN_POINT ( 'NONE',  ( -3.809999999999999165, -8.578981026812224210E-17, 2.158999999999999364 ) ) ;
#6470 = EDGE_CURVE ( 'NONE', #12144, #2569, #12525, .T. ) ;
#6471 = LINE ( 'NONE', #9478, #10510 ) ;
#6472 = ORIENTED_EDGE ( 'NONE', *, *, #4675, .F. ) ;
#6473 = CARTESIAN_POINT ( 'NONE',  ( -11.42999999999999972, 8.509000000000000341, 2.540000000000001812 ) ) ;
#6474 = LINE ( 'NONE', #9418, #8206 ) ;
#6475 = DIRECTION ( 'NONE',  ( -0.5773502691896268413, 0.5773502691896247319, -0.5773502691896256200 ) ) ;
#6476 = DIRECTION ( 'NONE',  ( -0.000000000000000000, 1.000000000000000000, 1.733406087350420004E-16 ) ) ;
#6477 = VECTOR ( 'NONE', #11114, 1000.000000000000000 ) ;
#6478 = CARTESIAN_POINT ( 'NONE',  ( -9.779000000000001691, 7.239000000000000767, -0.8890000000000001235 ) ) ;
#6479 = LINE ( 'NONE', #3492, #1300 ) ;
#6480 = EDGE_LOOP ( 'NONE', ( #4474, #4144, #3081, #7745 ) ) ;
#6481 = EDGE_LOOP ( 'NONE', ( #8235, #570, #10536, #3127 ) ) ;
#6482 = ORIENTED_EDGE ( 'NONE', *, *, #9230, .T. ) ;
#6483 = FACE_OUTER_BOUND ( 'NONE', #9197, .T. ) ;
#6484 = ORIENTED_EDGE ( 'NONE', *, *, #1315, .F. ) ;
#6485 = PRODUCT ( 'Pin - Tin', 'Pin - Tin', '', ( #11763 ) ) ;
#6486 = EDGE_CURVE ( 'NONE', #6630, #7632, #8564, .T. ) ;
#6487 = MANIFOLD_SOLID_BREP ( 'LPattern1[5]', #12312 ) ;
#6488 = ORIENTED_EDGE ( 'NONE', *, *, #4516, .T. ) ;
#6489 = AXIS2_PLACEMENT_3D ( 'NONE', #1531, #4468, #12267 ) ;
#6490 = DIRECTION ( 'NONE',  ( 0.000000000000000000, 0.000000000000000000, -1.000000000000000000 ) ) ;
#6491 = VECTOR ( 'NONE', #306, 1000.000000000000000 ) ;
#6492 = LINE ( 'NONE', #6293, #10157 ) ;
#6493 = DIRECTION ( 'NONE',  ( 1.000000000000000000, 0.000000000000000000, 0.000000000000000000 ) ) ;
#6494 = DIRECTION ( 'NONE',  ( 0.000000000000000000, -2.251701056906096594E-16, -1.000000000000000000 ) ) ;
#6495 = ADVANCED_FACE ( 'NONE', ( #12659 ), #6548, .F. ) ;
#6496 = CARTESIAN_POINT ( 'NONE',  ( 35.56000000000000227, 7.239000000000000767, -2.201425730935033664E-16 ) ) ;
#6497 = VERTEX_POINT ( 'NONE', #2756 ) ;
#6498 = CARTESIAN_POINT ( 'NONE',  ( 16.51000000000000156, 8.509000000000000341, 2.540000000000001812 ) ) ;
#6499 = EDGE_CURVE ( 'NONE', #1294, #5460, #6747, .T. ) ;
#6500 = LINE ( 'NONE', #10662, #9641 ) ;
#6501 = ORIENTED_EDGE ( 'NONE', *, *, #269, .T. ) ;
#6502 = ORIENTED_EDGE ( 'NONE', *, *, #7530, .T. ) ;
#6503 = ORIENTED_EDGE ( 'NONE', *, *, #4253, .F. ) ;
#6504 = MECHANICAL_DESIGN_GEOMETRIC_PRESENTATION_REPRESENTATION (  '', ( #4645 ), #5045 ) ;
#6505 = VECTOR ( 'NONE', #11057, 1000.000000000000000 ) ;
#6506 = DIRECTION ( 'NONE',  ( -0.000000000000000000, 0.000000000000000000, -1.000000000000000000 ) ) ;
#6507 = VECTOR ( 'NONE', #9983, 1000.000000000000000 ) ;
#6508 = EDGE_CURVE ( 'NONE', #6204, #475, #9937, .T. ) ;
#6509 = ORIENTED_EDGE ( 'NONE', *, *, #12183, .F. ) ;
#6510 = DIRECTION ( 'NONE',  ( -0.000000000000000000, -0.7071067811865501263, -0.7071067811865449082 ) ) ;
#6511 = CARTESIAN_POINT ( 'NONE',  ( -1.270000000000000240, 8.509000000000000341, -2.540000000000001812 ) ) ;
#6512 = CARTESIAN_POINT ( 'NONE',  ( -6.794500000000000206, 8.509000000000000341, -2.095500000000001695 ) ) ;
#6513 = MANIFOLD_SOLID_BREP ( 'LPattern1[9]', #7962 ) ;
#6514 = AXIS2_PLACEMENT_3D ( 'NONE', #5122, #6152, #11296 ) ;
#6515 = CARTESIAN_POINT ( 'NONE',  ( 1.270000000000000240, 8.509000000000000341, 2.540000000000001812 ) ) ;
#6516 = VECTOR ( 'NONE', #6169, 1000.000000000000000 ) ;
#6517 = DIRECTION ( 'NONE',  ( 0.000000000000000000, 0.000000000000000000, 1.000000000000000000 ) ) ;
#6518 = FACE_OUTER_BOUND ( 'NONE', #2992, .T. ) ;
#6519 = PLANE ( 'NONE',  #6928 ) ;
#6520 = DIRECTION ( 'NONE',  ( 0.000000000000000000, 1.607907343367028359E-16, -1.000000000000000000 ) ) ;
#6521 = VERTEX_POINT ( 'NONE', #6018 ) ;
#6522 = ORIENTED_EDGE ( 'NONE', *, *, #8925, .T. ) ;
#6523 = EDGE_CURVE ( 'NONE', #9113, #11316, #3137, .T. ) ;
#6524 = CARTESIAN_POINT ( 'NONE',  ( -10.54100000000000037, 8.064500000000002444, -0.8890000000000001235 ) ) ;
#6525 = CARTESIAN_POINT ( 'NONE',  ( 3.810000000000000941, 0.5080000000000000071, 2.022881810244992806 ) ) ;
#6526 = ORIENTED_EDGE ( 'NONE', *, *, #12716, .F. ) ;
#6527 = ORIENTED_EDGE ( 'NONE', *, *, #3565, .T. ) ;
#6528 = VECTOR ( 'NONE', #12779, 1000.000000000000000 ) ;
#6529 = ADVANCED_FACE ( 'NONE', ( #18 ), #1067, .F. ) ;
#6530 = ORIENTED_EDGE ( 'NONE', *, *, #5429, .F. ) ;
#6531 = VECTOR ( 'NONE', #9634, 1000.000000000000114 ) ;
#6532 = LINE ( 'NONE', #3739, #11605 ) ;
#6533 = DIRECTION ( 'NONE',  ( -1.000000000000000000, -0.000000000000000000, -0.000000000000000000 ) ) ;
#6534 = DIRECTION ( 'NONE',  ( 0.000000000000000000, 1.000000000000000000, -1.019346266292635338E-16 ) ) ;
#6535 = CARTESIAN_POINT ( 'NONE',  ( 12.31900000000000084, 7.239000000000000767, 1.650999999999999801 ) ) ;
#6536 = FACE_OUTER_BOUND ( 'NONE', #7083, .T. ) ;
#6537 = ORIENTED_EDGE ( 'NONE', *, *, #4963, .F. ) ;
#6538 = MANIFOLD_SOLID_BREP ( 'LPattern1[12]', #10861 ) ;
#6539 = CARTESIAN_POINT ( 'NONE',  ( -0.3810000000000000053, 0.5079999999999997851, 1.473200000000000953 ) ) ;
#6540 = FACE_BOUND ( 'NONE', #6696, .T. ) ;
#6541 = ORIENTED_EDGE ( 'NONE', *, *, #6470, .F. ) ;
#6542 = DIRECTION ( 'NONE',  ( 0.000000000000000000, 0.000000000000000000, -1.000000000000000000 ) ) ;
#6543 = ADVANCED_FACE ( 'NONE', ( #5041 ), #1127, .F. ) ;
#6544 = ADVANCED_FACE ( 'NONE', ( #4918 ), #8894, .F. ) ;
#6545 = LINE ( 'NONE', #3680, #6990 ) ;
#6546 = ORIENTED_EDGE ( 'NONE', *, *, #9133, .T. ) ;
#6547 = FACE_OUTER_BOUND ( 'NONE', #6851, .T. ) ;
#6548 = PLANE ( 'NONE',  #5902 ) ;
#6549 = VECTOR ( 'NONE', #12195, 1000.000000000000000 ) ;
#6550 = FACE_OUTER_BOUND ( 'NONE', #12472, .T. ) ;
#6551 = LINE ( 'NONE', #8636, #12301 ) ;
#6552 = DIRECTION ( 'NONE',  ( 1.000000000000000000, 0.000000000000000000, 0.000000000000000000 ) ) ;
#6553 = EDGE_CURVE ( 'NONE', #1401, #1551, #5952, .T. ) ;
#6554 = CARTESIAN_POINT ( 'NONE',  ( 13.97000000000000064, 8.509000000000000341, 2.540000000000001812 ) ) ;
#6555 = VERTEX_POINT ( 'NONE', #8042 ) ;
#6556 = ORIENTED_EDGE ( 'NONE', *, *, #5234, .F. ) ;
#6557 = ORIENTED_EDGE ( 'NONE', *, *, #5946, .T. ) ;
#6558 = LINE ( 'NONE', #7471, #2594 ) ;
#6559 = ORIENTED_EDGE ( 'NONE', *, *, #2741, .F. ) ;
#6560 = ADVANCED_FACE ( 'NONE', ( #11999 ), #3084, .T. ) ;
#6561 = ORIENTED_EDGE ( 'NONE', *, *, #12247, .T. ) ;
#6562 = VECTOR ( 'NONE', #8717, 1000.000000000000000 ) ;
#6563 = FACE_OUTER_BOUND ( 'NONE', #11430, .T. ) ;
#6564 = CARTESIAN_POINT ( 'NONE',  ( 12.82699999999999818, 7.810499999999998444, 1.143000000000000016 ) ) ;
#6565 = DIRECTION ( 'NONE',  ( 0.000000000000000000, 0.000000000000000000, 1.000000000000000000 ) ) ;
#6566 = PLANE ( 'NONE',  #8223 ) ;
#6567 = DIRECTION ( 'NONE',  ( 0.000000000000000000, -1.000000000000000000, 0.000000000000000000 ) ) ;
#6568 = ORIENTED_EDGE ( 'NONE', *, *, #1672, .T. ) ;
#6569 = CARTESIAN_POINT ( 'NONE',  ( 8.890000000000002345, 6.505213034913026604E-16, -2.540000000000000924 ) ) ;
#6570 = FACE_OUTER_BOUND ( 'NONE', #8048, .T. ) ;
#6571 = EDGE_LOOP ( 'NONE', ( #10622, #8251, #6042, #11458 ) ) ;
#6572 = ORIENTED_EDGE ( 'NONE', *, *, #6995, .F. ) ;
#6573 = ORIENTED_EDGE ( 'NONE', *, *, #967, .F. ) ;
#6574 = DIRECTION ( 'NONE',  ( 0.000000000000000000, -0.000000000000000000, -1.000000000000000000 ) ) ;
#6575 = VECTOR ( 'NONE', #8623, 1000.000000000000000 ) ;
#6576 = ADVANCED_FACE ( 'NONE', ( #8228 ), #9202, .F. ) ;
#6577 = ORIENTED_EDGE ( 'NONE', *, *, #3119, .T. ) ;
#6578 = EDGE_CURVE ( 'NONE', #2912, #2400, #12251, .T. ) ;
#6579 = VECTOR ( 'NONE', #1905, 1000.000000000000114 ) ;
#6580 = CARTESIAN_POINT ( 'NONE',  ( -1.270000000000000240, 6.505213034913026604E-16, -2.540000000000000924 ) ) ;
#6581 = CARTESIAN_POINT ( 'NONE',  ( -5.460999999999998522, 8.064499999999998892, 1.651000000000000023 ) ) ;
#6582 = EDGE_CURVE ( 'NONE', #3859, #399, #9265, .T. ) ;
#6583 = MANIFOLD_SOLID_BREP ( 'LPattern1[4]', #10034 ) ;
#6585 = DIRECTION ( 'NONE',  ( -1.000000000000000000, 0.000000000000000000, 0.000000000000000000 ) ) ;
#6584 = AXIS2_PLACEMENT_3D ( 'NONE', #1806, #5787, #2844 ) ;
#6586 = EDGE_CURVE ( 'NONE', #11047, #140, #1308, .T. ) ;
#6587 = DIRECTION ( 'NONE',  ( 0.000000000000000000, 0.000000000000000000, -1.000000000000000000 ) ) ;
#6589 = LINE ( 'NONE', #12564, #2835 ) ;
#6588 = AXIS2_PLACEMENT_3D ( 'NONE', #12630, #8073, #2074 ) ;
#6590 = FACE_OUTER_BOUND ( 'NONE', #12009, .T. ) ;
#6591 = CARTESIAN_POINT ( 'NONE',  ( 0.3810000000000000053, 0.5079999999999998961, 1.066800000000001303 ) ) ;
#6592 = ADVANCED_FACE ( 'NONE', ( #12118 ), #3200, .F. ) ;
#6593 = VERTEX_POINT ( 'NONE', #463 ) ;
#6594 = ORIENTED_EDGE ( 'NONE', *, *, #12296, .T. ) ;
#6595 = DIRECTION ( 'NONE',  ( 0.000000000000000000, -0.000000000000000000, -1.000000000000000000 ) ) ;
#6596 = VECTOR ( 'NONE', #8950, 1000.000000000000000 ) ;
#6597 = LINE ( 'NONE', #1572, #8983 ) ;
#6598 = ORIENTED_EDGE ( 'NONE', *, *, #4711, .T. ) ;
#6599 = VERTEX_POINT ( 'NONE', #328 ) ;
#6600 = VECTOR ( 'NONE', #10183, 1000.000000000000000 ) ;
#6601 = VECTOR ( 'NONE', #10192, 1000.000000000000000 ) ;
#6602 = ORIENTED_EDGE ( 'NONE', *, *, #10467, .T. ) ;
#6603 = EDGE_CURVE ( 'NONE', #2703, #11426, #1244, .T. ) ;
#6604 = AXIS2_PLACEMENT_3D ( 'NONE', #8761, #3753, #10444 ) ;
#6605 = DIRECTION ( 'NONE',  ( 0.000000000000000000, -0.9659258262890701996, -0.2588190451025140226 ) ) ;
#6606 = DIRECTION ( 'NONE',  ( -0.000000000000000000, 1.000000000000000000, 1.733406087350420004E-16 ) ) ;
#6607 = CARTESIAN_POINT ( 'NONE',  ( 19.30400000000000205, -8.578981026812224210E-17, 2.158999999999999364 ) ) ;
#6608 = LINE ( 'NONE', #9601, #6897 ) ;
#6609 = VECTOR ( 'NONE', #4375, 999.9999999999998863 ) ;
#6610 = LINE ( 'NONE', #9602, #11550 ) ;
#6611 = ORIENTED_EDGE ( 'NONE', *, *, #9778, .T. ) ;
#6612 = DIRECTION ( 'NONE',  ( 0.000000000000000000, 5.691349986800550837E-16, -1.000000000000000000 ) ) ;
#6613 = PLANE ( 'NONE',  #1309 ) ;
#6614 = EDGE_LOOP ( 'NONE', ( #11689, #3160, #10185, #9476 ) ) ;
#6615 =( GEOMETRIC_REPRESENTATION_CONTEXT ( 3 ) GLOBAL_UNCERTAINTY_ASSIGNED_CONTEXT ( ( #7119 ) ) GLOBAL_UNIT_ASSIGNED_CONTEXT ( ( #11660, #10683, #12765 ) ) REPRESENTATION_CONTEXT ( 'NONE', 'WORKASPACE' ) );
#6616 = DIRECTION ( 'NONE',  ( 0.000000000000000000, -2.251701056906096594E-16, -1.000000000000000000 ) ) ;
#6617 = VERTEX_POINT ( 'NONE', #11215 ) ;
#6618 = EDGE_CURVE ( 'NONE', #1401, #1887, #7309, .T. ) ;
#6619 = CARTESIAN_POINT ( 'NONE',  ( 17.39900000000000091, 7.239000000000000767, -0.8890000000000001235 ) ) ;
#6620 = CARTESIAN_POINT ( 'NONE',  ( -13.08099999999999952, 8.064499999999998892, 0.8889999999999999014 ) ) ;
#6621 = VECTOR ( 'NONE', #6730, 1000.000000000000000 ) ;
#6622 = CARTESIAN_POINT ( 'NONE',  ( -19.05000000000000071, 8.509000000000000341, -2.540000000000001812 ) ) ;
#6623 = DIRECTION ( 'NONE',  ( 1.000000000000000000, 0.000000000000000000, -0.000000000000000000 ) ) ;
#6624 = EDGE_CURVE ( 'NONE', #12767, #2389, #11405, .T. ) ;
#6625 = CARTESIAN_POINT ( 'NONE',  ( -8.890000000000000568, -8.578981026812224210E-17, 2.158999999999999364 ) ) ;
#6626 = VECTOR ( 'NONE', #5798, 1000.000000000000000 ) ;
#6627 = CARTESIAN_POINT ( 'NONE',  ( 12.31900000000000084, 7.239000000000000767, -0.8890000000000001235 ) ) ;
#6628 = ORIENTED_EDGE ( 'NONE', *, *, #8820, .F. ) ;
#6629 = ORIENTED_EDGE ( 'NONE', *, *, #5182, .T. ) ;
#6630 = VERTEX_POINT ( 'NONE', #2286 ) ;
#6631 = CARTESIAN_POINT ( 'NONE',  ( -13.08099999999999952, 8.064499999999998892, 0.8889999999999999014 ) ) ;
#6632 = VECTOR ( 'NONE', #11600, 1000.000000000000000 ) ;
#6633 = VECTOR ( 'NONE', #862, 1000.000000000000000 ) ;
#6634 = ORIENTED_EDGE ( 'NONE', *, *, #689, .T. ) ;
#6635 = AXIS2_PLACEMENT_3D ( 'NONE', #7275, #4276, #12344 ) ;
#6636 = CARTESIAN_POINT ( 'NONE',  ( -12.31900000000000084, 7.239000000000000767, -0.8890000000000001235 ) ) ;
#6637 = DIRECTION ( 'NONE',  ( 0.000000000000000000, 0.000000000000000000, 1.000000000000000000 ) ) ;
#6638 = LINE ( 'NONE', #1615, #9892 ) ;
#6639 = CARTESIAN_POINT ( 'NONE',  ( -13.08099999999999952, 7.239000000000000767, 1.650999999999999801 ) ) ;
#6640 = ORIENTED_EDGE ( 'NONE', *, *, #1990, .T. ) ;
#6641 = EDGE_CURVE ( 'NONE', #4208, #8201, #6463, .T. ) ;
#6642 = CARTESIAN_POINT ( 'NONE',  ( -13.97000000000000064, 8.509000000000000341, 2.540000000000001812 ) ) ;
#6643 = CARTESIAN_POINT ( 'NONE',  ( 6.350000000000001421, 0.5080000000000006732, -2.022881810244994583 ) ) ;
#6644 = DIRECTION ( 'NONE',  ( 1.000000000000000000, 0.000000000000000000, 0.000000000000000000 ) ) ;
#6645 = ORIENTED_EDGE ( 'NONE', *, *, #6976, .F. ) ;
#6646 = ORIENTED_EDGE ( 'NONE', *, *, #3210, .T. ) ;
#6647 = ORIENTED_EDGE ( 'NONE', *, *, #8711, .T. ) ;
#6648 = LINE ( 'NONE', #4692, #4118 ) ;
#6649 = VECTOR ( 'NONE', #11920, 1000.000000000000000 ) ;
#6650 = ORIENTED_EDGE ( 'NONE', *, *, #8094, .F. ) ;
#6651 = EDGE_CURVE ( 'NONE', #5708, #9659, #8427, .T. ) ;
#6652 = DIRECTION ( 'NONE',  ( 0.000000000000000000, -1.000000000000000000, -3.058038798877906014E-16 ) ) ;
#6653 = LINE ( 'NONE', #10864, #8081 ) ;
#6654 = APPLICATION_CONTEXT ( 'automotive_design' ) ;
#6655 = AXIS2_PLACEMENT_3D ( 'NONE', #3589, #1697, #9716 ) ;
#6656 = CARTESIAN_POINT ( 'NONE',  ( -10.54100000000000037, 7.239000000000000767, 1.650999999999999801 ) ) ;
#6657 = CARTESIAN_POINT ( 'NONE',  ( 13.08099999999999952, 7.239000000000000767, -0.8890000000000001235 ) ) ;
#6658 = LINE ( 'NONE', #9715, #5056 ) ;
#6659 = PLANE ( 'NONE',  #8940 ) ;
#6660 = LINE ( 'NONE', #12319, #4851 ) ;
#6661 = ORIENTED_EDGE ( 'NONE', *, *, #3628, .F. ) ;
#6662 = ORIENTED_EDGE ( 'NONE', *, *, #2049, .T. ) ;
#6663 = LINE ( 'NONE', #1828, #8906 ) ;
#6664 = PLANE ( 'NONE',  #7035 ) ;
#6665 = EDGE_LOOP ( 'NONE', ( #5044, #4820, #7087, #1810 ) ) ;
#6666 = VERTEX_POINT ( 'NONE', #5355 ) ;
#6667 = EDGE_CURVE ( 'NONE', #1998, #9958, #9344, .T. ) ;
#6668 = EDGE_CURVE ( 'NONE', #9138, #5452, #12381, .T. ) ;
#6669 = VERTEX_POINT ( 'NONE', #1651 ) ;
#6670 = CARTESIAN_POINT ( 'NONE',  ( -6.349999999999999645, 8.509000000000000341, -2.095500000000001695 ) ) ;
#6671 = LINE ( 'NONE', #10373, #5172 ) ;
#6672 = CARTESIAN_POINT ( 'NONE',  ( -3.810000000000000941, 0.5080000000000006732, -2.022881810244994583 ) ) ;
#6673 = DIRECTION ( 'NONE',  ( 0.000000000000000000, 0.000000000000000000, -1.000000000000000000 ) ) ;
#6674 = LINE ( 'NONE', #8753, #12592 ) ;
#6675 = ADVANCED_FACE ( 'NONE', ( #12579 ), #8554, .F. ) ;
#6676 = VERTEX_POINT ( 'NONE', #599 ) ;
#6677 = EDGE_CURVE ( 'NONE', #10842, #2807, #11669, .T. ) ;
#6678 = PLANE ( 'NONE',  #10339 ) ;
#6679 = LINE ( 'NONE', #2810, #4870 ) ;
#6680 = ORIENTED_EDGE ( 'NONE', *, *, #2217, .F. ) ;
#6681 = EDGE_CURVE ( 'NONE', #3574, #1858, #1765, .T. ) ;
#6682 = LINE ( 'NONE', #5697, #3229 ) ;
#6683 = ORIENTED_EDGE ( 'NONE', *, *, #8218, .T. ) ;
#6684 = VECTOR ( 'NONE', #4244, 1000.000000000000000 ) ;
#6685 = CARTESIAN_POINT ( 'NONE',  ( 19.05000000000000071, 0.000000000000000000, 2.539999999999999147 ) ) ;
#6686 = LINE ( 'NONE', #2892, #4272 ) ;
#6687 = DIRECTION ( 'NONE',  ( 1.000000000000000000, 0.000000000000000000, 0.000000000000000000 ) ) ;
#6688 = LINE ( 'NONE', #3878, #2415 ) ;
#6689 = LINE ( 'NONE', #6627, #467 ) ;
#6690 = ORIENTED_EDGE ( 'NONE', *, *, #7645, .T. ) ;
#6691 = EDGE_LOOP ( 'NONE', ( #7970, #7856, #5722, #10199 ) ) ;
#6692 = ORIENTED_EDGE ( 'NONE', *, *, #6045, .F. ) ;
#6693 = EDGE_CURVE ( 'NONE', #11910, #7651, #10499, .T. ) ;
#6694 = PLANE ( 'NONE',  #9465 ) ;
#6695 = ADVANCED_FACE ( 'NONE', ( #12648 ), #8686, .F. ) ;
#6696 = EDGE_LOOP ( 'NONE', ( #4267, #2106, #3788, #9639 ) ) ;
#6697 = DIRECTION ( 'NONE',  ( 0.000000000000000000, 0.9659258262890701996, 0.2588190451025140226 ) ) ;
#6698 = CONTEXT_DEPENDENT_SHAPE_REPRESENTATION ( #5565, #2416 ) ;
#6699 = DIRECTION ( 'NONE',  ( 1.000000000000000000, 0.000000000000000000, 0.000000000000000000 ) ) ;
#6700 = CARTESIAN_POINT ( 'NONE',  ( -5.460999999999998522, 7.239000000000000767, 0.8889999999999997904 ) ) ;
#6701 = CARTESIAN_POINT ( 'NONE',  ( -4.254499999999995730, 8.509000000000000341, -2.540000000000001812 ) ) ;
#6702 = LINE ( 'NONE', #2715, #692 ) ;
#6703 = VERTEX_POINT ( 'NONE', #8622 ) ;
#6704 = ORIENTED_EDGE ( 'NONE', *, *, #519, .F. ) ;
#6705 = ORIENTED_EDGE ( 'NONE', *, *, #1393, .F. ) ;
#6706 = FACE_BOUND ( 'NONE', #4488, .T. ) ;
#6707 = VECTOR ( 'NONE', #6687, 1000.000000000000000 ) ;
#6708 = EDGE_CURVE ( 'NONE', #4942, #3396, #5628, .T. ) ;
#6709 = ORIENTED_EDGE ( 'NONE', *, *, #641, .T. ) ;
#6710 = FACE_OUTER_BOUND ( 'NONE', #6083, .T. ) ;
#6711 = CARTESIAN_POINT ( 'NONE',  ( -19.30400000000000205, 0.000000000000000000, 2.539999999999999147 ) ) ;
#6712 = LINE ( 'NONE', #5799, #8600 ) ;
#6713 = LINE ( 'NONE', #7692, #10178 ) ;
#6714 = DIRECTION ( 'NONE',  ( 0.000000000000000000, 1.000000000000000000, 1.733406087350420004E-16 ) ) ;
#6715 = CARTESIAN_POINT ( 'NONE',  ( 7.239000000000002544, 7.239000000000000767, 1.650999999999999801 ) ) ;
#6716 = LINE ( 'NONE', #6591, #12037 ) ;
#6717 = VECTOR ( 'NONE', #5523, 1000.000000000000000 ) ;
#6718 = CLOSED_SHELL ( 'NONE', ( #11588, #2750, #3220, #3280, #9320, #2128, #8392, #4025, #9612, #11819 ) ) ;
#6719 = FILL_AREA_STYLE ('',( #6397 ) ) ;
#6720 = ORIENTED_EDGE ( 'NONE', *, *, #12669, .F. ) ;
#6721 = VERTEX_POINT ( 'NONE', #4584 ) ;
#6722 = SURFACE_STYLE_FILL_AREA ( #5809 ) ;
#6723 = EDGE_CURVE ( 'NONE', #1420, #2944, #11538, .T. ) ;
#6724 = PLANE ( 'NONE',  #11604 ) ;
#6725 = ORIENTED_EDGE ( 'NONE', *, *, #10790, .F. ) ;
#6726 = STYLED_ITEM ( 'NONE', ( #8056 ), #6267 ) ;
#6727 = AXIS2_PLACEMENT_3D ( 'NONE', #6349, #8250, #11101 ) ;
#6728 = VECTOR ( 'NONE', #5090, 1000.000000000000000 ) ;
#6729 = ORIENTED_EDGE ( 'NONE', *, *, #6100, .F. ) ;
#6730 = DIRECTION ( 'NONE',  ( -1.000000000000000000, 0.000000000000000000, 0.000000000000000000 ) ) ;
#6731 = LINE ( 'NONE', #2023, #1427 ) ;
#6732 = LINE ( 'NONE', #10691, #5473 ) ;
#6733 = FACE_OUTER_BOUND ( 'NONE', #7221, .T. ) ;
#6734 = DIRECTION ( 'NONE',  ( 0.000000000000000000, 1.000000000000000000, 3.058038798877906014E-16 ) ) ;
#6735 = EDGE_LOOP ( 'NONE', ( #5742, #11647, #9275, #3103 ) ) ;
#6736 = VECTOR ( 'NONE', #6644, 1000.000000000000000 ) ;
#6737 = FILL_AREA_STYLE ('',( #2745 ) ) ;
#6738 = PLANE ( 'NONE',  #1528 ) ;
#6739 = EDGE_LOOP ( 'NONE', ( #1517, #2368, #3759, #5678 ) ) ;
#6740 = DIRECTION ( 'NONE',  ( -1.000000000000000000, 0.000000000000000000, 0.000000000000000000 ) ) ;
#6741 = EDGE_CURVE ( 'NONE', #10368, #11792, #663, .T. ) ;
#6742 = ORIENTED_EDGE ( 'NONE', *, *, #4754, .F. ) ;
#6743 = EDGE_CURVE ( 'NONE', #8382, #3291, #6608, .T. ) ;
#6744 = VECTOR ( 'NONE', #10839, 999.9999999999998863 ) ;
#6745 = CARTESIAN_POINT ( 'NONE',  ( -13.08099999999999952, 7.239000000000000767, 0.8889999999999997904 ) ) ;
#6746 = UNCERTAINTY_MEASURE_WITH_UNIT (LENGTH_MEASURE( 1.000000000000000082E-05 ), #2664, 'distance_accuracy_value', 'NONE');
#6747 = LINE ( 'NONE', #10703, #10267 ) ;
#6748 = EDGE_CURVE ( 'NONE', #5217, #8740, #8752, .T. ) ;
#6749 = PLANE ( 'NONE',  #5528 ) ;
#6750 = DIRECTION ( 'NONE',  ( 0.000000000000000000, -1.000000000000000000, -1.733406087350420004E-16 ) ) ;
#6751 = EDGE_LOOP ( 'NONE', ( #949, #4776, #8933, #12514 ) ) ;
#6752 = DIRECTION ( 'NONE',  ( -0.5773502691896258421, 0.5773502691896236216, -0.5773502691896278405 ) ) ;
#6753 = ADVANCED_FACE ( 'NONE', ( #7646 ), #3669, .F. ) ;
#6754 = DIRECTION ( 'NONE',  ( 0.000000000000000000, 0.000000000000000000, -1.000000000000000000 ) ) ;
#6755 = ORIENTED_EDGE ( 'NONE', *, *, #191, .T. ) ;
#6756 = EDGE_LOOP ( 'NONE', ( #5601, #10518, #230, #7302 ) ) ;
#6757 = ORIENTED_EDGE ( 'NONE', *, *, #11544, .T. ) ;
#6758 = DIRECTION ( 'NONE',  ( 0.000000000000000000, 0.000000000000000000, -1.000000000000000000 ) ) ;
#6759 = ORIENTED_EDGE ( 'NONE', *, *, #10074, .T. ) ;
#6760 = PLANE ( 'NONE',  #325 ) ;
#6761 = DIRECTION ( 'NONE',  ( -1.000000000000000000, 0.000000000000000000, 0.000000000000000000 ) ) ;
#6762 = EDGE_CURVE ( 'NONE', #3391, #4817, #4783, .T. ) ;
#6763 = DIRECTION ( 'NONE',  ( 0.000000000000000000, 0.000000000000000000, 1.000000000000000000 ) ) ;
#6764 = LINE ( 'NONE', #3952, #6982 ) ;
#6765 = DIRECTION ( 'NONE',  ( 0.000000000000000000, 0.000000000000000000, -1.000000000000000000 ) ) ;
#6766 = DIRECTION ( 'NONE',  ( -0.000000000000000000, 0.000000000000000000, -1.000000000000000000 ) ) ;
#6767 = DIRECTION ( 'NONE',  ( 0.000000000000000000, 1.000000000000000000, -1.019346266292635338E-16 ) ) ;
#6768 = ORIENTED_EDGE ( 'NONE', *, *, #12428, .F. ) ;
#6769 = EDGE_LOOP ( 'NONE', ( #4589, #2914, #6537, #4648 ) ) ;
#6770 = VERTEX_POINT ( 'NONE', #4719 ) ;
#6771 = LINE ( 'NONE', #12685, #7860 ) ;
#6772 = ORIENTED_EDGE ( 'NONE', *, *, #4514, .T. ) ;
#6773 = LINE ( 'NONE', #10736, #11960 ) ;
#6774 = DIRECTION ( 'NONE',  ( 0.000000000000000000, 2.251701056906096594E-16, 1.000000000000000000 ) ) ;
#6775 = CARTESIAN_POINT ( 'NONE',  ( 17.39900000000000091, 8.064500000000002444, -0.8890000000000000124 ) ) ;
#6776 = CARTESIAN_POINT ( 'NONE',  ( -1.270000000000000240, 8.509000000000000341, -0.4444999999999982854 ) ) ;
#6777 = CARTESIAN_POINT ( 'NONE',  ( -18.16100000000000136, 8.064499999999998892, 1.651000000000000023 ) ) ;
#6778 = DIRECTION ( 'NONE',  ( -0.000000000000000000, 1.000000000000000000, 1.733406087350420004E-16 ) ) ;
#6779 = DIRECTION ( 'NONE',  ( 1.000000000000000000, 0.000000000000000000, 0.000000000000000000 ) ) ;
#6780 = VECTOR ( 'NONE', #3619, 1000.000000000000000 ) ;
#6781 = SURFACE_STYLE_USAGE ( .BOTH. , #12762 ) ;
#6782 = ORIENTED_EDGE ( 'NONE', *, *, #12012, .T. ) ;
#6783 = VERTEX_POINT ( 'NONE', #3535 ) ;
#6784 =( LENGTH_UNIT ( ) NAMED_UNIT ( * ) SI_UNIT ( .MILLI., .METRE. ) );
#6785 = DIRECTION ( 'NONE',  ( 0.000000000000000000, 0.9659258262890700886, -0.2588190451025140781 ) ) ;
#6786 = ORIENTED_EDGE ( 'NONE', *, *, #11650, .T. ) ;
#6787 = VECTOR ( 'NONE', #9196, 1000.000000000000000 ) ;
#6788 = VECTOR ( 'NONE', #9860, 1000.000000000000000 ) ;
#6789 = LINE ( 'NONE', #5998, #6916 ) ;
#6790 = DIRECTION ( 'NONE',  ( -1.000000000000000000, -0.000000000000000000, -0.000000000000000000 ) ) ;
#6791 = CARTESIAN_POINT ( 'NONE',  ( 0.3810000000000000053, -2.692399999999994797, 0.000000000000000000 ) ) ;
#6792 = LINE ( 'NONE', #3066, #4852 ) ;
#6793 = DIRECTION ( 'NONE',  ( 0.000000000000000000, 5.691349986800550837E-16, -1.000000000000000000 ) ) ;
#6794 = VECTOR ( 'NONE', #223, 1000.000000000000000 ) ;
#6795 = CARTESIAN_POINT ( 'NONE',  ( 4.699000000000001620, 8.064499999999998892, 0.8889999999999999014 ) ) ;
#6796 = EDGE_LOOP ( 'NONE', ( #725, #11606, #11891, #8981, #11457, #1935, #2453, #12861 ) ) ;
#6797 = ADVANCED_FACE ( 'NONE', ( #6733 ), #12709, .F. ) ;
#6798 = AXIS2_PLACEMENT_3D ( 'NONE', #1519, #11474, #5494 ) ;
#6799 = CARTESIAN_POINT ( 'NONE',  ( -4.254499999999995730, 8.509000000000000341, 0.4444999999999970086 ) ) ;
#6800 = ORIENTED_EDGE ( 'NONE', *, *, #6603, .T. ) ;
#6801 = VECTOR ( 'NONE', #2533, 1000.000000000000000 ) ;
#6802 = CARTESIAN_POINT ( 'NONE',  ( 12.31900000000000084, 7.239000000000000767, 0.8889999999999997904 ) ) ;
#6803 = ORIENTED_EDGE ( 'NONE', *, *, #3834, .F. ) ;
#6804 = AXIS2_PLACEMENT_3D ( 'NONE', #4170, #6989, #8152 ) ;
#6805 = CARTESIAN_POINT ( 'NONE',  ( 8.001000000000001222, 7.239000000000000767, 0.8889999999999997904 ) ) ;
#6806 = CARTESIAN_POINT ( 'NONE',  ( -4.254499999999999282, 8.509000000000000341, -2.095500000000001695 ) ) ;
#6807 = SURFACE_STYLE_FILL_AREA ( #9675 ) ;
#6808 = DIRECTION ( 'NONE',  ( 0.000000000000000000, -1.733406087350420004E-16, 1.000000000000000000 ) ) ;
#6809 = CARTESIAN_POINT ( 'NONE',  ( -17.90700000000000003, 7.810500000000001997, -1.396999999999998021 ) ) ;
#6810 = EDGE_LOOP ( 'NONE', ( #8381, #3148, #11831, #3059 ) ) ;
#6811 = DIRECTION ( 'NONE',  ( 0.000000000000000000, 0.9659258262890700886, -0.2588190451025140781 ) ) ;
#6812 = CARTESIAN_POINT ( 'NONE',  ( -1.270000000000000240, 6.505213034913026604E-16, -2.540000000000000924 ) ) ;
#6813 = ORIENTED_EDGE ( 'NONE', *, *, #11762, .F. ) ;
#6814 = ORIENTED_EDGE ( 'NONE', *, *, #10951, .T. ) ;
#6815 = ORIENTED_EDGE ( 'NONE', *, *, #7463, .T. ) ;
#6816 = CARTESIAN_POINT ( 'NONE',  ( -19.30400000000000205, -8.578981026812224210E-17, 2.158999999999999364 ) ) ;
#6817 = PRESENTATION_LAYER_ASSIGNMENT (  '', '', ( #562 ) ) ;
#6818 = EDGE_CURVE ( 'NONE', #12753, #1087, #2804, .T. ) ;
#6819 = EDGE_CURVE ( 'NONE', #8488, #3102, #9471, .T. ) ;
#6820 = ORIENTED_EDGE ( 'NONE', *, *, #11922, .F. ) ;
#6821 = VECTOR ( 'NONE', #3519, 1000.000000000000000 ) ;
#6822 = VECTOR ( 'NONE', #3398, 1000.000000000000000 ) ;
#6823 = EDGE_CURVE ( 'NONE', #12157, #4829, #7511, .T. ) ;
#6824 = DIRECTION ( 'NONE',  ( 0.000000000000000000, 1.000000000000000000, -2.251701056906096594E-16 ) ) ;
#6825 = LINE ( 'NONE', #12431, #886 ) ;
#6826 = AXIS2_PLACEMENT_3D ( 'NONE', #9511, #2588, #3645 ) ;
#6827 = PRODUCT_CONTEXT ( 'NONE', #1974, 'mechanical' ) ;
#6828 = CARTESIAN_POINT ( 'NONE',  ( -13.08099999999999952, 7.239000000000000767, -1.651000000000000023 ) ) ;
#6829 = PLANE ( 'NONE',  #5675 ) ;
#6830 = LINE ( 'NONE', #8843, #8242 ) ;
#6831 = CARTESIAN_POINT ( 'NONE',  ( 12.57300000000000040, 7.810500000000001997, -1.396999999999998021 ) ) ;
#6832 = EDGE_LOOP ( 'NONE', ( #8934, #11482, #8136, #3309 ) ) ;
#6833 = VERTEX_POINT ( 'NONE', #1055 ) ;
#6834 = EDGE_CURVE ( 'NONE', #2262, #3118, #9790, .T. ) ;
#6835 = EDGE_LOOP ( 'NONE', ( #3697, #10526, #12429, #1971 ) ) ;
#6836 = DIRECTION ( 'NONE',  ( 0.3420201433256661594, -0.9396926207859093161, -2.747321704575235311E-16 ) ) ;
#6837 = EDGE_CURVE ( 'NONE', #6229, #6676, #4108, .T. ) ;
#6838 = VECTOR ( 'NONE', #9891, 1000.000000000000000 ) ;
#6839 = VERTEX_POINT ( 'NONE', #6063 ) ;
#6840 = CARTESIAN_POINT ( 'NONE',  ( -13.97000000000000064, 8.509000000000000341, 2.540000000000001812 ) ) ;
#6841 = DIRECTION ( 'NONE',  ( -1.000000000000000000, -0.000000000000000000, -0.000000000000000000 ) ) ;
#6842 = DIRECTION ( 'NONE',  ( -1.000000000000000000, 0.000000000000000000, 0.000000000000000000 ) ) ;
#6843 = CARTESIAN_POINT ( 'NONE',  ( 5.461000000000000298, 8.064500000000002444, -1.650999999999999801 ) ) ;
#6844 = DIRECTION ( 'NONE',  ( 0.5773502691896259531, -0.5773502691896237327, -0.5773502691896276184 ) ) ;
#6845 = DIRECTION ( 'NONE',  ( 0.000000000000000000, 1.607907343367028359E-16, -1.000000000000000000 ) ) ;
#6846 = VECTOR ( 'NONE', #7152, 1000.000000000000000 ) ;
#6847 = ORIENTED_EDGE ( 'NONE', *, *, #3410, .T. ) ;
#6848 = ORIENTED_EDGE ( 'NONE', *, *, #6618, .F. ) ;
#6849 =( NAMED_UNIT ( * ) SI_UNIT ( $, .STERADIAN. ) SOLID_ANGLE_UNIT ( ) );
#6850 = DIRECTION ( 'NONE',  ( 0.000000000000000000, -0.9659258262890700886, 0.2588190451025140781 ) ) ;
#6851 = EDGE_LOOP ( 'NONE', ( #9749, #7481, #12818, #7451 ) ) ;
#6852 = ADVANCED_FACE ( 'NONE', ( #8026 ), #927, .F. ) ;
#6853 = VECTOR ( 'NONE', #12434, 1000.000000000000000 ) ;
#6854 = ORIENTED_EDGE ( 'NONE', *, *, #3818, .F. ) ;
#6855 = EDGE_CURVE ( 'NONE', #9731, #4533, #6859, .T. ) ;
#6856 = CARTESIAN_POINT ( 'NONE',  ( 3.365500000000003933, 8.509000000000000341, 0.4444999999999970086 ) ) ;
#6857 = CARTESIAN_POINT ( 'NONE',  ( 8.890000000000002345, 4.336808689942017736E-16, -2.159000000000001140 ) ) ;
#6858 = DIRECTION ( 'NONE',  ( -0.000000000000000000, 0.000000000000000000, 1.000000000000000000 ) ) ;
#6859 = LINE ( 'NONE', #11985, #2515 ) ;
#6860 = CARTESIAN_POINT ( 'NONE',  ( -8.890000000000000568, 8.509000000000000341, 2.540000000000001812 ) ) ;
#6861 = EDGE_LOOP ( 'NONE', ( #9700, #437, #9798, #4621 ) ) ;
#6862 = DIRECTION ( 'NONE',  ( 0.000000000000000000, 0.000000000000000000, -1.000000000000000000 ) ) ;
#6863 = LINE ( 'NONE', #10895, #7776 ) ;
#6864 = VERTEX_POINT ( 'NONE', #10038 ) ;
#6865 = VECTOR ( 'NONE', #2535, 1000.000000000000000 ) ;
#6866 = CARTESIAN_POINT ( 'NONE',  ( 20.32000000000000028, 7.239000000000000767, -2.201425730935033664E-16 ) ) ;
#6867 = ORIENTED_EDGE ( 'NONE', *, *, #12534, .T. ) ;
#6868 = ADVANCED_FACE ( 'NONE', ( #9066 ), #7051, .F. ) ;
#6869 = CARTESIAN_POINT ( 'NONE',  ( -8.890000000000000568, 0.5080000000000000071, 2.022881810244992806 ) ) ;
#6870 = LINE ( 'NONE', #2575, #4550 ) ;
#6871 = PLANE ( 'NONE',  #9060 ) ;
#6872 = DIRECTION ( 'NONE',  ( -1.000000000000000000, -0.000000000000000000, -0.000000000000000000 ) ) ;
#6873 = ORIENTED_EDGE ( 'NONE', *, *, #1814, .T. ) ;
#6874 = DIRECTION ( 'NONE',  ( 0.000000000000000000, -0.000000000000000000, -1.000000000000000000 ) ) ;
#6875 = DIRECTION ( 'NONE',  ( -1.000000000000000000, 0.000000000000000000, 0.000000000000000000 ) ) ;
#6876 = ORIENTED_EDGE ( 'NONE', *, *, #189, .F. ) ;
#6877 = ORIENTED_EDGE ( 'NONE', *, *, #12817, .F. ) ;
#6878 = ORIENTED_EDGE ( 'NONE', *, *, #12544, .F. ) ;
#6879 = CARTESIAN_POINT ( 'NONE',  ( 3.810000000000000941, 4.336808689942017736E-16, -2.159000000000001140 ) ) ;
#6880 = EDGE_CURVE ( 'NONE', #10604, #12753, #8090, .T. ) ;
#6881 = ORIENTED_EDGE ( 'NONE', *, *, #2512, .F. ) ;
#6882 = CARTESIAN_POINT ( 'NONE',  ( -8.890000000000000568, 6.505213034913026604E-16, -2.540000000000000924 ) ) ;
#6883 = LINE ( 'NONE', #7867, #7766 ) ;
#6884 = SHAPE_DEFINITION_REPRESENTATION ( #4411, #10636 ) ;
#6885 = DIRECTION ( 'NONE',  ( 0.000000000000000000, -2.251701056906096594E-16, -1.000000000000000000 ) ) ;
#6886 = FACE_BOUND ( 'NONE', #3593, .T. ) ;
#6887 = STYLED_ITEM ( 'NONE', ( #261 ), #6583 ) ;
#6888 = CARTESIAN_POINT ( 'NONE',  ( -6.349999999999999645, 4.336808689942017736E-16, -2.159000000000001140 ) ) ;
#6889 = PLANE ( 'NONE',  #4020 ) ;
#6890 = ORIENTED_EDGE ( 'NONE', *, *, #6582, .T. ) ;
#6891 = ORIENTED_EDGE ( 'NONE', *, *, #6743, .F. ) ;
#6892 = ADVANCED_FACE ( 'NONE', ( #1839 ), #10949, .F. ) ;
#6893 = EDGE_LOOP ( 'NONE', ( #5482, #10040, #9931, #6720 ) ) ;
#6894 = DIRECTION ( 'NONE',  ( -1.000000000000000000, 0.000000000000000000, 0.000000000000000000 ) ) ;
#6895 =( REPRESENTATION_RELATIONSHIP ('NONE','NONE', #12679, #10636 ) REPRESENTATION_RELATIONSHIP_WITH_TRANSFORMATION ( #11885 )SHAPE_REPRESENTATION_RELATIONSHIP( ) );
#6896 = ORIENTED_EDGE ( 'NONE', *, *, #5734, .F. ) ;
#6897 = VECTOR ( 'NONE', #1581, 1000.000000000000000 ) ;
#6898 = DIRECTION ( 'NONE',  ( 0.000000000000000000, -1.000000000000000000, 0.000000000000000000 ) ) ;
#6899 = EDGE_CURVE ( 'NONE', #10784, #9658, #10822, .T. ) ;
#6900 = CARTESIAN_POINT ( 'NONE',  ( 12.31900000000000084, 7.239000000000000767, -0.8890000000000001235 ) ) ;
#6901 = EDGE_CURVE ( 'NONE', #3785, #5513, #5877, .T. ) ;
#6902 = CARTESIAN_POINT ( 'NONE',  ( 4.699000000000001620, 7.239000000000000767, 0.8889999999999997904 ) ) ;
#6903 = DIRECTION ( 'NONE',  ( 0.5773502691896272854, -0.5773502691896250649, -0.5773502691896250649 ) ) ;
#6904 = LINE ( 'NONE', #8987, #11263 ) ;
#6905 = DIRECTION ( 'NONE',  ( 0.000000000000000000, 0.000000000000000000, 1.000000000000000000 ) ) ;
#6906 = EDGE_CURVE ( 'NONE', #1704, #2521, #12774, .T. ) ;
#6907 = CARTESIAN_POINT ( 'NONE',  ( 13.08099999999999952, 7.239000000000000767, 1.650999999999999801 ) ) ;
#6908 = VERTEX_POINT ( 'NONE', #6003 ) ;
#6909 = ORIENTED_EDGE ( 'NONE', *, *, #1720, .T. ) ;
#6910 = AXIS2_PLACEMENT_3D ( 'NONE', #2775, #12806, #2843 ) ;
#6911 = DIRECTION ( 'NONE',  ( 0.000000000000000000, 0.000000000000000000, -1.000000000000000000 ) ) ;
#6912 = EDGE_LOOP ( 'NONE', ( #8888, #10712, #7921, #4674, #12490, #4064 ) ) ;
#6913 = ORIENTED_EDGE ( 'NONE', *, *, #8850, .T. ) ;
#6914 = AXIS2_PLACEMENT_3D ( 'NONE', #12059, #12001, #266 ) ;
#6915 = LINE ( 'NONE', #11919, #7842 ) ;
#6916 = VECTOR ( 'NONE', #1892, 1000.000000000000000 ) ;
#6917 = DIRECTION ( 'NONE',  ( 1.000000000000000000, 0.000000000000000000, 0.000000000000000000 ) ) ;
#6918 = CARTESIAN_POINT ( 'NONE',  ( -18.16100000000000136, 8.064499999999998892, 1.650999999999999801 ) ) ;
#6919 = EDGE_CURVE ( 'NONE', #2688, #11892, #11923, .T. ) ;
#6920 = CARTESIAN_POINT ( 'NONE',  ( 13.97000000000000064, 6.505213034913026604E-16, -2.540000000000000924 ) ) ;
#6921 = PLANE ( 'NONE',  #7193 ) ;
#6922 = ORIENTED_EDGE ( 'NONE', *, *, #1163, .T. ) ;
#6923 = PLANE ( 'NONE',  #986 ) ;
#6924 = CARTESIAN_POINT ( 'NONE',  ( 5.461000000000000298, 8.064500000000002444, -0.8890000000000000124 ) ) ;
#6925 = ORIENTED_EDGE ( 'NONE', *, *, #6129, .F. ) ;
#6926 = EDGE_CURVE ( 'NONE', #3514, #7149, #8811, .T. ) ;
#6927 = AXIS2_PLACEMENT_3D ( 'NONE', #9081, #11089, #4126 ) ;
#6928 = AXIS2_PLACEMENT_3D ( 'NONE', #9521, #10677, #11454 ) ;
#6929 = CARTESIAN_POINT ( 'NONE',  ( 13.97000000000000064, -8.578981026812224210E-17, 2.158999999999999364 ) ) ;
#6930 = EDGE_LOOP ( 'NONE', ( #9172, #8271, #12239, #9569 ) ) ;
#6931 = LINE ( 'NONE', #2816, #7432 ) ;
#6932 = LINE ( 'NONE', #6564, #3726 ) ;
#6933 = SURFACE_STYLE_FILL_AREA ( #7916 ) ;
#6934 = AXIS2_PLACEMENT_3D ( 'NONE', #6954, #8316, #6220 ) ;
#6935 = VECTOR ( 'NONE', #9437, 1000.000000000000000 ) ;
#6936 = DIRECTION ( 'NONE',  ( 0.5773502691896272854, -0.5773502691896250649, -0.5773502691896250649 ) ) ;
#6937 = PLANE ( 'NONE',  #3370 ) ;
#6938 = CARTESIAN_POINT ( 'NONE',  ( 17.39900000000000091, 7.239000000000000767, 1.650999999999999801 ) ) ;
#6939 = LINE ( 'NONE', #11874, #5260 ) ;
#6940 = ORIENTED_EDGE ( 'NONE', *, *, #7931, .F. ) ;
#6941 = ORIENTED_EDGE ( 'NONE', *, *, #11184, .F. ) ;
#6942 = EDGE_CURVE ( 'NONE', #3816, #9082, #11796, .T. ) ;
#6943 = ORIENTED_EDGE ( 'NONE', *, *, #12559, .T. ) ;
#6944 = EDGE_CURVE ( 'NONE', #5685, #8996, #1897, .T. ) ;
#6945 = DIRECTION ( 'NONE',  ( -0.000000000000000000, 1.000000000000000000, 1.733406087350420004E-16 ) ) ;
#6946 = COLOUR_RGB ( '',0.2509803921568627416, 0.2509803921568627416, 0.2509803921568627416 ) ;
#6947 = VECTOR ( 'NONE', #10311, 1000.000000000000000 ) ;
#6948 = ORIENTED_EDGE ( 'NONE', *, *, #2776, .T. ) ;
#6949 = LINE ( 'NONE', #10913, #12601 ) ;
#6950 = CONTEXT_DEPENDENT_SHAPE_REPRESENTATION ( #6895, #3245 ) ;
#6951 = CARTESIAN_POINT ( 'NONE',  ( 2.159000000000001140, 8.064499999999998892, 1.650999999999999801 ) ) ;
#6952 = PLANE ( 'NONE',  #7538 ) ;
#6953 = DIRECTION ( 'NONE',  ( 0.000000000000000000, 0.000000000000000000, -1.000000000000000000 ) ) ;
#6954 = CARTESIAN_POINT ( 'NONE',  ( -13.97000000000000064, -8.578981026812224210E-17, 2.158999999999999364 ) ) ;
#6955 = ORIENTED_EDGE ( 'NONE', *, *, #4681, .F. ) ;
#6956 = ORIENTED_EDGE ( 'NONE', *, *, #6328, .T. ) ;
#6957 = ORIENTED_EDGE ( 'NONE', *, *, #8140, .F. ) ;
#6958 = ADVANCED_FACE ( 'NONE', ( #993 ), #5028, .F. ) ;
#6959 = CARTESIAN_POINT ( 'NONE',  ( -1.270000000000000240, 8.509000000000000341, 2.095500000000002139 ) ) ;
#6960 = VERTEX_POINT ( 'NONE', #4970 ) ;
#6961 = LINE ( 'NONE', #6230, #12180 ) ;
#6962 = FACE_OUTER_BOUND ( 'NONE', #10307, .T. ) ;
#6963 = EDGE_CURVE ( 'NONE', #11119, #3396, #7834, .T. ) ;
#6964 = FACE_OUTER_BOUND ( 'NONE', #4611, .T. ) ;
#6965 = DIRECTION ( 'NONE',  ( 0.000000000000000000, -1.733406087350420004E-16, 1.000000000000000000 ) ) ;
#6966 = DIRECTION ( 'NONE',  ( -0.000000000000000000, 1.000000000000000000, 1.733406087350420004E-16 ) ) ;
#6967 = EDGE_CURVE ( 'NONE', #8079, #7171, #8945, .T. ) ;
#6968 =( LENGTH_UNIT ( ) NAMED_UNIT ( * ) SI_UNIT ( .MILLI., .METRE. ) );
#6969 = ORIENTED_EDGE ( 'NONE', *, *, #9962, .F. ) ;
#6970 = ORIENTED_EDGE ( 'NONE', *, *, #5727, .T. ) ;
#6971 = ORIENTED_EDGE ( 'NONE', *, *, #6010, .T. ) ;
#6972 = VECTOR ( 'NONE', #3550, 999.9999999999998863 ) ;
#6973 = CARTESIAN_POINT ( 'NONE',  ( 19.05000000000000071, 6.505213034913026604E-16, -2.540000000000000924 ) ) ;
#6974 = CARTESIAN_POINT ( 'NONE',  ( 1.270000000000000240, 0.5080000000000000071, 2.022881810244992806 ) ) ;
#6975 = ORIENTED_EDGE ( 'NONE', *, *, #3355, .F. ) ;
#6976 = EDGE_CURVE ( 'NONE', #9595, #1365, #7234, .T. ) ;
#6977 = EDGE_CURVE ( 'NONE', #2542, #8382, #3253, .T. ) ;
#6978 = EDGE_CURVE ( 'NONE', #2944, #2293, #2398, .T. ) ;
#6979 = EDGE_CURVE ( 'NONE', #9565, #11408, #12300, .T. ) ;
#6980 = LINE ( 'NONE', #2021, #6280 ) ;
#6981 = EDGE_CURVE ( 'NONE', #8014, #10908, #1433, .T. ) ;
#6983 = FACE_OUTER_BOUND ( 'NONE', #6341, .T. ) ;
#6982 = VECTOR ( 'NONE', #11826, 1000.000000000000000 ) ;
#6984 = DIRECTION ( 'NONE',  ( 1.000000000000000000, 0.000000000000000000, 0.000000000000000000 ) ) ;
#6985 = LINE ( 'NONE', #4843, #55 ) ;
#6986 = DIRECTION ( 'NONE',  ( 0.000000000000000000, -2.251701056906096594E-16, -1.000000000000000000 ) ) ;
#6987 = CARTESIAN_POINT ( 'NONE',  ( 18.16100000000000136, 8.064500000000002444, -0.8890000000000000124 ) ) ;
#6988 = ORIENTED_EDGE ( 'NONE', *, *, #8347, .T. ) ;
#6989 = DIRECTION ( 'NONE',  ( 0.000000000000000000, -0.7071067811865475727, 0.7071067811865475727 ) ) ;
#6990 = VECTOR ( 'NONE', #11678, 1000.000000000000000 ) ;
#6991 = FACE_OUTER_BOUND ( 'NONE', #5186, .T. ) ;
#6992 = ORIENTED_EDGE ( 'NONE', *, *, #12026, .T. ) ;
#6993 = EDGE_CURVE ( 'NONE', #4833, #5248, #312, .T. ) ;
#6994 = AXIS2_PLACEMENT_3D ( 'NONE', #10694, #665, #5752 ) ;
#6995 = EDGE_CURVE ( 'NONE', #11723, #2556, #2332, .T. ) ;
#6996 = DIRECTION ( 'NONE',  ( -1.000000000000000000, -0.000000000000000000, -0.000000000000000000 ) ) ;
#6997 = VERTEX_POINT ( 'NONE', #5405 ) ;
#6998 = VECTOR ( 'NONE', #6410, 1000.000000000000000 ) ;
#6999 = DIRECTION ( 'NONE',  ( -1.000000000000000000, -0.000000000000000000, -0.000000000000000000 ) ) ;
#7000 = CARTESIAN_POINT ( 'NONE',  ( 13.08099999999999952, 8.064499999999998892, 0.8889999999999999014 ) ) ;
#7001 = UNCERTAINTY_MEASURE_WITH_UNIT (LENGTH_MEASURE( 1.000000000000000082E-05 ), #2841, 'distance_accuracy_value', 'NONE');
#7002 =( NAMED_UNIT ( * ) SI_UNIT ( $, .STERADIAN. ) SOLID_ANGLE_UNIT ( ) );
#7003 = VECTOR ( 'NONE', #10918, 1000.000000000000000 ) ;
#7004 = LINE ( 'NONE', #1011, #4069 ) ;
#7005 = AXIS2_PLACEMENT_3D ( 'NONE', #9235, #11182, #9048 ) ;
#7006 = CARTESIAN_POINT ( 'NONE',  ( 0.8254999999999999005, 8.509000000000000341, -2.540000000000001812 ) ) ;
#7007 = CARTESIAN_POINT ( 'NONE',  ( 16.51000000000000156, 4.336808689942017736E-16, -2.159000000000001140 ) ) ;
#7008 = DIRECTION ( 'NONE',  ( -1.000000000000000000, 0.000000000000000000, -0.000000000000000000 ) ) ;
#7009 = EDGE_LOOP ( 'NONE', ( #12439, #11142, #2481, #9597 ) ) ;
#7010 = ORIENTED_EDGE ( 'NONE', *, *, #1346, .F. ) ;
#7011 = AXIS2_PLACEMENT_3D ( 'NONE', #4599, #1777, #4732 ) ;
#7012 = EDGE_CURVE ( 'NONE', #12446, #11957, #9392, .T. ) ;
#7013 = VECTOR ( 'NONE', #3491, 1000.000000000000000 ) ;
#7014 = EDGE_LOOP ( 'NONE', ( #1464, #7683, #11332, #9144 ) ) ;
#7015 = LINE ( 'NONE', #4070, #120 ) ;
#7016 = CARTESIAN_POINT ( 'NONE',  ( 10.54100000000000215, 8.064500000000002444, -0.8890000000000000124 ) ) ;
#7017 = ITEM_DEFINED_TRANSFORMATION ( 'NONE', 'NONE', #1862,  #2067 ) ;
#7018 = PLANE ( 'NONE',  #2387 ) ;
#7019 = DIRECTION ( 'NONE',  ( 0.000000000000000000, 0.000000000000000000, 1.000000000000000000 ) ) ;
#7020 = DIRECTION ( 'NONE',  ( -1.000000000000000000, 0.000000000000000000, 0.000000000000000000 ) ) ;
#7021 = PLANE ( 'NONE',  #5471 ) ;
#7022 = EDGE_LOOP ( 'NONE', ( #5647, #658, #7438, #63 ) ) ;
#7023 = ORIENTED_EDGE ( 'NONE', *, *, #7938, .T. ) ;
#7024 = VERTEX_POINT ( 'NONE', #7361 ) ;
#7025 = PLANE ( 'NONE',  #10140 ) ;
#7026 = VECTOR ( 'NONE', #4856, 1000.000000000000000 ) ;
#7027 = ORIENTED_EDGE ( 'NONE', *, *, #10283, .T. ) ;
#7028 =( GEOMETRIC_REPRESENTATION_CONTEXT ( 3 ) GLOBAL_UNCERTAINTY_ASSIGNED_CONTEXT ( ( #5417 ) ) GLOBAL_UNIT_ASSIGNED_CONTEXT ( ( #6112, #4959, #3973 ) ) REPRESENTATION_CONTEXT ( 'NONE', 'WORKASPACE' ) );
#7029 = CARTESIAN_POINT ( 'NONE',  ( -8.000999999999999446, 8.064500000000002444, -1.650999999999999801 ) ) ;
#7030 = CARTESIAN_POINT ( 'NONE',  ( -1.270000000000000240, 0.5080000000000000071, 2.022881810244992806 ) ) ;
#7031 = ADVANCED_FACE ( 'NONE', ( #9182 ), #11072, .F. ) ;
#7032 = DIRECTION ( 'NONE',  ( 0.5773502691896258421, 0.5773502691896236216, -0.5773502691896278405 ) ) ;
#7033 = DIRECTION ( 'NONE',  ( 0.000000000000000000, 0.000000000000000000, -1.000000000000000000 ) ) ;
#7034 = DIRECTION ( 'NONE',  ( 1.000000000000000000, 0.000000000000000000, 0.000000000000000000 ) ) ;
#7035 = AXIS2_PLACEMENT_3D ( 'NONE', #9719, #3917, #10618 ) ;
#7036 = CARTESIAN_POINT ( 'NONE',  ( -5.460999999999998522, 7.239000000000000767, 1.650999999999999801 ) ) ;
#7037 = FILL_AREA_STYLE_COLOUR ( '', #54 ) ;
#7038 = ORIENTED_EDGE ( 'NONE', *, *, #1873, .F. ) ;
#7039 = ORIENTED_EDGE ( 'NONE', *, *, #6114, .T. ) ;
#7040 = ORIENTED_EDGE ( 'NONE', *, *, #729, .F. ) ;
#7041 = DIRECTION ( 'NONE',  ( -1.000000000000000000, 0.000000000000000000, 0.000000000000000000 ) ) ;
#7042 = VECTOR ( 'NONE', #10438, 1000.000000000000000 ) ;
#7043 = PLANE ( 'NONE',  #4547 ) ;
#7044 = ORIENTED_EDGE ( 'NONE', *, *, #8322, .T. ) ;
#7045 = LINE ( 'NONE', #11007, #8787 ) ;
#7046 = AXIS2_PLACEMENT_3D ( 'NONE', #6325, #12182, #3198 ) ;
#7047 = CARTESIAN_POINT ( 'NONE',  ( 8.890000000000002345, 8.509000000000000341, -2.095500000000001695 ) ) ;
#7048 = CARTESIAN_POINT ( 'NONE',  ( 4.699000000000001620, 7.239000000000000767, 0.8889999999999997904 ) ) ;
#7049 = FACE_OUTER_BOUND ( 'NONE', #8175, .T. ) ;
#7050 = PLANE ( 'NONE',  #2758 ) ;
#7051 = PLANE ( 'NONE',  #4177 ) ;
#7052 = FACE_OUTER_BOUND ( 'NONE', #1144, .T. ) ;
#7053 = VERTEX_POINT ( 'NONE', #6382 ) ;
#7054 = SURFACE_STYLE_FILL_AREA ( #249 ) ;
#7055 = CARTESIAN_POINT ( 'NONE',  ( -13.97000000000000064, 8.509000000000000341, 2.095500000000002139 ) ) ;
#7056 = EDGE_LOOP ( 'NONE', ( #9661, #5101, #2123, #8481 ) ) ;
#7057 = ADVANCED_FACE ( 'NONE', ( #382 ), #245, .F. ) ;
#7058 = VECTOR ( 'NONE', #4105, 1000.000000000000000 ) ;
#7059 = EDGE_CURVE ( 'NONE', #4461, #1684, #2149, .T. ) ;
#7060 = CARTESIAN_POINT ( 'NONE',  ( 6.350000000000001421, 8.509000000000000341, 2.540000000000001812 ) ) ;
#7061 = VERTEX_POINT ( 'NONE', #1174 ) ;
#7062 = CARTESIAN_POINT ( 'NONE',  ( 0.3809999999999993947, 7.239000000000000767, 1.650999999999999801 ) ) ;
#7063 = DIRECTION ( 'NONE',  ( -0.000000000000000000, 1.000000000000000000, 1.733406087350420004E-16 ) ) ;
#7064 = EDGE_CURVE ( 'NONE', #10476, #5796, #4370, .T. ) ;
#7065 = CARTESIAN_POINT ( 'NONE',  ( 30.48000000000000043, 7.239000000000000767, -2.201425730935033664E-16 ) ) ;
#7066 =( REPRESENTATION_RELATIONSHIP ('NONE','NONE', #12679, #10636 ) REPRESENTATION_RELATIONSHIP_WITH_TRANSFORMATION ( #4999 )SHAPE_REPRESENTATION_RELATIONSHIP( ) );
#7067 = DIRECTION ( 'NONE',  ( 0.7071067811865462405, -0.7071067811865489050, 0.000000000000000000 ) ) ;
#7068 = DIRECTION ( 'NONE',  ( 0.000000000000000000, 5.691349986800550837E-16, -1.000000000000000000 ) ) ;
#7069 = ORIENTED_EDGE ( 'NONE', *, *, #9848, .T. ) ;
#7070 = ADVANCED_FACE ( 'NONE', ( #7296 ), #11203, .F. ) ;
#7071 = CARTESIAN_POINT ( 'NONE',  ( -8.890000000000000568, 0.5080000000000006732, -2.022881810244994583 ) ) ;
#7072 = CARTESIAN_POINT ( 'NONE',  ( -8.890000000000000568, 8.509000000000000341, 2.540000000000001812 ) ) ;
#7073 = EDGE_LOOP ( 'NONE', ( #2361, #7579, #8803, #7320 ) ) ;
#7074 = VECTOR ( 'NONE', #978, 1000.000000000000000 ) ;
#7075 = ORIENTED_EDGE ( 'NONE', *, *, #1879, .T. ) ;
#7076 = FACE_OUTER_BOUND ( 'NONE', #7800, .T. ) ;
#7077 = SURFACE_STYLE_USAGE ( .BOTH. , #7749 ) ;
#7078 = LINE ( 'NONE', #3097, #8884 ) ;
#7079 = DIRECTION ( 'NONE',  ( 0.000000000000000000, -0.000000000000000000, -1.000000000000000000 ) ) ;
#7080 = ADVANCED_FACE ( 'NONE', ( #9126 ), #8214, .T. ) ;
#7081 = DIRECTION ( 'NONE',  ( 0.000000000000000000, 3.058038798877906014E-16, -1.000000000000000000 ) ) ;
#7082 = PLANE ( 'NONE',  #6514 ) ;
#7083 = EDGE_LOOP ( 'NONE', ( #7666, #12048, #1403, #9906 ) ) ;
#7084 = ORIENTED_EDGE ( 'NONE', *, *, #11740, .F. ) ;
#7085 = ORIENTED_EDGE ( 'NONE', *, *, #7616, .F. ) ;
#7086 = EDGE_CURVE ( 'NONE', #11547, #2231, #2207, .T. ) ;
#7087 = ORIENTED_EDGE ( 'NONE', *, *, #929, .F. ) ;
#7088 = LINE ( 'NONE', #10019, #2185 ) ;
#7089 = CARTESIAN_POINT ( 'NONE',  ( 2.159000000000001140, 8.064499999999998892, 1.650999999999999801 ) ) ;
#7090 = COLOUR_RGB ( '',0.2509803921568627416, 0.2509803921568627416, 0.2509803921568627416 ) ;
#7091 = SURFACE_STYLE_USAGE ( .BOTH. , #4029 ) ;
#7092 = LINE ( 'NONE', #8986, #3042 ) ;
#7093 = CARTESIAN_POINT ( 'NONE',  ( 1.270000000000000240, 0.000000000000000000, 2.539999999999999147 ) ) ;
#7094 = CARTESIAN_POINT ( 'NONE',  ( 12.31900000000000084, 8.064499999999998892, 1.650999999999999801 ) ) ;
#7095 = CARTESIAN_POINT ( 'NONE',  ( -2.920999999999999819, 8.064500000000002444, -1.650999999999999801 ) ) ;
#7096 = VERTEX_POINT ( 'NONE', #1291 ) ;
#7097 = ORIENTED_EDGE ( 'NONE', *, *, #7645, .F. ) ;
#7098 = ORIENTED_EDGE ( 'NONE', *, *, #2875, .F. ) ;
#7099 = VERTEX_POINT ( 'NONE', #3186 ) ;
#7100 = EDGE_CURVE ( 'NONE', #350, #4574, #9251, .T. ) ;
#7101 = FACE_OUTER_BOUND ( 'NONE', #4618, .T. ) ;
#7102 = PLANE ( 'NONE',  #7653 ) ;
#7103 = DIRECTION ( 'NONE',  ( 0.000000000000000000, 0.000000000000000000, -1.000000000000000000 ) ) ;
#7104 = DIRECTION ( 'NONE',  ( 0.000000000000000000, 1.000000000000000000, -1.019346266292635338E-16 ) ) ;
#7105 = DIRECTION ( 'NONE',  ( 0.000000000000000000, -0.000000000000000000, -1.000000000000000000 ) ) ;
#7106 = DIRECTION ( 'NONE',  ( 0.7071067811865462405, -0.7071067811865489050, 0.000000000000000000 ) ) ;
#7107 = EDGE_CURVE ( 'NONE', #1604, #10747, #11262, .T. ) ;
#7108 = DIRECTION ( 'NONE',  ( 0.000000000000000000, 0.000000000000000000, -1.000000000000000000 ) ) ;
#7109 = VERTEX_POINT ( 'NONE', #1755 ) ;
#7110 = VERTEX_POINT ( 'NONE', #12497 ) ;
#7111 = CARTESIAN_POINT ( 'NONE',  ( 1.714500000000000801, 8.509000000000000341, -2.095500000000001695 ) ) ;
#7112 = ORIENTED_EDGE ( 'NONE', *, *, #7458, .F. ) ;
#7113 = VECTOR ( 'NONE', #7123, 1000.000000000000000 ) ;
#7114 = CLOSED_SHELL ( 'NONE', ( #2474, #1727, #9100, #3549, #950, #4173, #1848, #4996 ) ) ;
#7115 = PLANE ( 'NONE',  #8237 ) ;
#7116 = EDGE_LOOP ( 'NONE', ( #1654, #359, #6368, #871 ) ) ;
#7117 = CARTESIAN_POINT ( 'NONE',  ( 9.779000000000003467, 7.239000000000000767, 1.650999999999999801 ) ) ;
#7118 = LINE ( 'NONE', #11086, #4770 ) ;
#7119 = UNCERTAINTY_MEASURE_WITH_UNIT (LENGTH_MEASURE( 1.000000000000000082E-05 ), #11660, 'distance_accuracy_value', 'NONE');
#7120 = PRESENTATION_STYLE_ASSIGNMENT (( #10902 ) ) ;
#7121 = EDGE_CURVE ( 'NONE', #3091, #6783, #1566, .T. ) ;
#7122 = CARTESIAN_POINT ( 'NONE',  ( -15.11300000000000132, 7.810500000000002885, -1.143000000000000460 ) ) ;
#7123 = DIRECTION ( 'NONE',  ( 1.000000000000000000, -0.000000000000000000, -0.000000000000000000 ) ) ;
#7124 = ORIENTED_EDGE ( 'NONE', *, *, #7901, .F. ) ;
#7125 = VECTOR ( 'NONE', #1693, 1000.000000000000000 ) ;
#7126 = VECTOR ( 'NONE', #2382, 1000.000000000000000 ) ;
#7127 = CARTESIAN_POINT ( 'NONE',  ( -13.97000000000000064, 8.509000000000000341, -2.095500000000001695 ) ) ;
#7128 = DIRECTION ( 'NONE',  ( -0.000000000000000000, 1.019346266292635338E-16, 1.000000000000000000 ) ) ;
#7129 = AXIS2_PLACEMENT_3D ( 'NONE', #8715, #2772, #6761 ) ;
#7130 = ORIENTED_EDGE ( 'NONE', *, *, #11272, .F. ) ;
#7131 = EDGE_CURVE ( 'NONE', #10986, #7185, #3523, .T. ) ;
#7132 = EDGE_CURVE ( 'NONE', #1981, #11131, #11456, .T. ) ;
#7133 = LINE ( 'NONE', #8371, #10682 ) ;
#7134 = ORIENTED_EDGE ( 'NONE', *, *, #5135, .F. ) ;
#7135 = VECTOR ( 'NONE', #5646, 1000.000000000000000 ) ;
#7136 = DIRECTION ( 'NONE',  ( -1.000000000000000000, -0.000000000000000000, -0.000000000000000000 ) ) ;
#7137 = AXIS2_PLACEMENT_3D ( 'NONE', #185, #6120, #7105 ) ;
#7138 = EDGE_CURVE ( 'NONE', #8424, #7678, #5542, .T. ) ;
#7139 = EDGE_CURVE ( 'NONE', #5960, #3426, #1498, .T. ) ;
#7140 = ITEM_DEFINED_TRANSFORMATION ( 'NONE', 'NONE', #4787,  #2067 ) ;
#7141 = CARTESIAN_POINT ( 'NONE',  ( 19.05000000000000071, 0.000000000000000000, 2.539999999999999147 ) ) ;
#7142 = LINE ( 'NONE', #10130, #670 ) ;
#7143 = DIRECTION ( 'NONE',  ( 0.000000000000000000, 0.000000000000000000, -1.000000000000000000 ) ) ;
#7144 = DIRECTION ( 'NONE',  ( -1.000000000000000000, 0.000000000000000000, 0.000000000000000000 ) ) ;
#7145 = ORIENTED_EDGE ( 'NONE', *, *, #7806, .F. ) ;
#7146 = ORIENTED_EDGE ( 'NONE', *, *, #39, .T. ) ;
#7147 = ORIENTED_EDGE ( 'NONE', *, *, #2504, .F. ) ;
#7148 = VECTOR ( 'NONE', #8050, 1000.000000000000000 ) ;
#7149 = VERTEX_POINT ( 'NONE', #10678 ) ;
#7150 = ADVANCED_FACE ( 'NONE', ( #2471 ), #6659, .F. ) ;
#7151 = FACE_BOUND ( 'NONE', #188, .T. ) ;
#7152 = DIRECTION ( 'NONE',  ( -1.000000000000000000, -0.000000000000000000, -0.000000000000000000 ) ) ;
#7153 = DIRECTION ( 'NONE',  ( -0.7071067811865462405, -0.7071067811865489050, 0.000000000000000000 ) ) ;
#7154 = LINE ( 'NONE', #1098, #8178 ) ;
#7155 = DIRECTION ( 'NONE',  ( 0.000000000000000000, 0.000000000000000000, -1.000000000000000000 ) ) ;
#7156 = LINE ( 'NONE', #8268, #3598 ) ;
#7157 = EDGE_LOOP ( 'NONE', ( #7405, #7283, #10620, #352 ) ) ;
#7158 = ORIENTED_EDGE ( 'NONE', *, *, #1315, .T. ) ;
#7159 = EDGE_LOOP ( 'NONE', ( #12458, #5307, #9098, #2336 ) ) ;
#7160 = VECTOR ( 'NONE', #12066, 1000.000000000000000 ) ;
#7161 = LINE ( 'NONE', #5143, #3265 ) ;
#7162 = DIRECTION ( 'NONE',  ( 0.000000000000000000, 0.000000000000000000, 1.000000000000000000 ) ) ;
#7163 = CARTESIAN_POINT ( 'NONE',  ( 6.350000000000001421, -8.578981026812224210E-17, 2.158999999999999364 ) ) ;
#7164 = LINE ( 'NONE', #68, #2056 ) ;
#7165 = CARTESIAN_POINT ( 'NONE',  ( -3.809999999999999165, 8.509000000000000341, 2.540000000000001812 ) ) ;
#7166 = CARTESIAN_POINT ( 'NONE',  ( -16.51000000000000156, 6.505213034913026604E-16, -2.540000000000000924 ) ) ;
#7167 = CARTESIAN_POINT ( 'NONE',  ( 13.08099999999999952, 8.064499999999998892, 1.650999999999999801 ) ) ;
#7168 = PRESENTATION_LAYER_ASSIGNMENT (  '', '', ( #4470 ) ) ;
#7169 = DIRECTION ( 'NONE',  ( 0.000000000000000000, -0.7071067811865499042, 0.7071067811865451302 ) ) ;
#7170 = ORIENTED_EDGE ( 'NONE', *, *, #9252, .F. ) ;
#7171 = VERTEX_POINT ( 'NONE', #9457 ) ;
#7172 = LINE ( 'NONE', #5031, #1180 ) ;
#7173 = LINE ( 'NONE', #7241, #9229 ) ;
#7174 = ORIENTED_EDGE ( 'NONE', *, *, #9770, .F. ) ;
#7175 = ORIENTED_EDGE ( 'NONE', *, *, #9827, .F. ) ;
#7176 = VECTOR ( 'NONE', #8525, 1000.000000000000000 ) ;
#7177 = CARTESIAN_POINT ( 'NONE',  ( -8.890000000000000568, 8.509000000000000341, -2.095500000000001695 ) ) ;
#7178 = ORIENTED_EDGE ( 'NONE', *, *, #7258, .F. ) ;
#7179 = PLANE ( 'NONE',  #2228 ) ;
#7180 = DIRECTION ( 'NONE',  ( -1.000000000000000000, 0.000000000000000000, 0.000000000000000000 ) ) ;
#7181 = EDGE_CURVE ( 'NONE', #6593, #5867, #8480, .T. ) ;
#7182 = DIRECTION ( 'NONE',  ( -1.000000000000000000, 0.000000000000000000, -0.000000000000000000 ) ) ;
#7183 = LINE ( 'NONE', #11027, #521 ) ;
#7184 = CARTESIAN_POINT ( 'NONE',  ( -16.51000000000000156, 4.336808689942017736E-16, -2.159000000000001140 ) ) ;
#7185 = VERTEX_POINT ( 'NONE', #9523 ) ;
#7186 = DIRECTION ( 'NONE',  ( 0.000000000000000000, -1.000000000000000000, -1.733406087350420004E-16 ) ) ;
#7187 = AXIS2_PLACEMENT_3D ( 'NONE', #4654, #8555, #11670 ) ;
#7188 = CARTESIAN_POINT ( 'NONE',  ( -16.51000000000000156, 8.509000000000000341, 2.540000000000001812 ) ) ;
#7189 = ORIENTED_EDGE ( 'NONE', *, *, #6823, .F. ) ;
#7190 = AXIS2_PLACEMENT_3D ( 'NONE', #3080, #5823, #1846 ) ;
#7191 = LINE ( 'NONE', #5427, #12770 ) ;
#7192 = EDGE_LOOP ( 'NONE', ( #11251, #10556, #10761, #3256 ) ) ;
#7193 = AXIS2_PLACEMENT_3D ( 'NONE', #10097, #7169, #9005 ) ;
#7194 = DIRECTION ( 'NONE',  ( 0.000000000000000000, -0.000000000000000000, -1.000000000000000000 ) ) ;
#7195 = ADVANCED_FACE ( 'NONE', ( #12633 ), #10421, .T. ) ;
#7196 = VECTOR ( 'NONE', #4951, 1000.000000000000000 ) ;
#7197 = LINE ( 'NONE', #3285, #8022 ) ;
#7198 = DIRECTION ( 'NONE',  ( 0.000000000000000000, -1.000000000000000000, 0.000000000000000000 ) ) ;
#7199 = AXIS2_PLACEMENT_3D ( 'NONE', #8243, #1458, #6215 ) ;
#7200 = PLANE ( 'NONE',  #4082 ) ;
#7201 = FACE_OUTER_BOUND ( 'NONE', #7732, .T. ) ;
#7202 = ORIENTED_EDGE ( 'NONE', *, *, #11978, .F. ) ;
#7203 = ORIENTED_EDGE ( 'NONE', *, *, #5808, .T. ) ;
#7204 = EDGE_LOOP ( 'NONE', ( #8689, #6867, #1341, #8631 ) ) ;
#7205 = AXIS2_PLACEMENT_3D ( 'NONE', #4061, #4248, #8049 ) ;
#7206 = PRODUCT_DEFINITION_SHAPE ( 'NONE', 'NONE',  #12889 ) ;
#7207 = ADVANCED_FACE ( 'NONE', ( #4572 ), #8542, .F. ) ;
#7208 = VECTOR ( 'NONE', #3214, 1000.000000000000000 ) ;
#7209 = EDGE_CURVE ( 'NONE', #4189, #4284, #7565, .T. ) ;
#7210 = EDGE_CURVE ( 'NONE', #10469, #8032, #6716, .T. ) ;
#7211 = ORIENTED_EDGE ( 'NONE', *, *, #4430, .F. ) ;
#7212 = VECTOR ( 'NONE', #10577, 1000.000000000000000 ) ;
#7213 = PLANE ( 'NONE',  #9498 ) ;
#7214 = DIRECTION ( 'NONE',  ( 0.3420201433256661594, -0.9396926207859093161, 2.747321704575235311E-16 ) ) ;
#7215 = PRESENTATION_LAYER_ASSIGNMENT (  '', '', ( #8263 ) ) ;
#7216 = FACE_OUTER_BOUND ( 'NONE', #10188, .T. ) ;
#7217 = ADVANCED_FACE ( 'NONE', ( #9590 ), #649, .F. ) ;
#7218 = DIRECTION ( 'NONE',  ( 1.000000000000000000, 0.000000000000000000, 0.000000000000000000 ) ) ;
#7219 = DIRECTION ( 'NONE',  ( -1.000000000000000000, 0.000000000000000000, 0.000000000000000000 ) ) ;
#7220 = CARTESIAN_POINT ( 'NONE',  ( -2.159000000000001140, 7.239000000000000767, 1.650999999999999801 ) ) ;
#7221 = EDGE_LOOP ( 'NONE', ( #8862, #11838, #7085, #11288 ) ) ;
#7222 = EDGE_LOOP ( 'NONE', ( #488, #1380, #8847, #9881 ) ) ;
#7223 = ORIENTED_EDGE ( 'NONE', *, *, #1090, .F. ) ;
#7224 = EDGE_CURVE ( 'NONE', #7570, #633, #7431, .T. ) ;
#7225 = PLANE ( 'NONE',  #2854 ) ;
#7226 = VECTOR ( 'NONE', #5527, 1000.000000000000000 ) ;
#7227 = EDGE_LOOP ( 'NONE', ( #554, #10408, #7959, #11750 ) ) ;
#7228 = CARTESIAN_POINT ( 'NONE',  ( 5.905500000000004412, 8.509000000000000341, -2.540000000000001812 ) ) ;
#7229 = VECTOR ( 'NONE', #594, 1000.000000000000000 ) ;
#7230 = CARTESIAN_POINT ( 'NONE',  ( 19.05000000000000071, 8.509000000000000341, 2.540000000000001812 ) ) ;
#7231 = CARTESIAN_POINT ( 'NONE',  ( 3.365500000000000380, 8.509000000000000341, -2.540000000000001812 ) ) ;
#7232 = DIRECTION ( 'NONE',  ( 0.000000000000000000, -1.000000000000000000, 0.000000000000000000 ) ) ;
#7233 = CARTESIAN_POINT ( 'NONE',  ( 9.779000000000003467, 7.239000000000000767, 1.650999999999999801 ) ) ;
#7234 = LINE ( 'NONE', #1230, #2732 ) ;
#7235 = VECTOR ( 'NONE', #8979, 1000.000000000000000 ) ;
#7236 = CARTESIAN_POINT ( 'NONE',  ( 10.54100000000000215, 7.239000000000000767, -1.651000000000000023 ) ) ;
#7237 = ORIENTED_EDGE ( 'NONE', *, *, #11991, .F. ) ;
#7238 = ORIENTED_EDGE ( 'NONE', *, *, #12488, .F. ) ;
#7239 = EDGE_CURVE ( 'NONE', #9464, #12776, #8608, .T. ) ;
#7240 =( NAMED_UNIT ( * ) PLANE_ANGLE_UNIT ( ) SI_UNIT ( $, .RADIAN. ) );
#7241 = CARTESIAN_POINT ( 'NONE',  ( -16.51000000000000156, 6.505213034913026604E-16, -2.540000000000000924 ) ) ;
#7242 = ORIENTED_EDGE ( 'NONE', *, *, #9377, .F. ) ;
#7243 = ORIENTED_EDGE ( 'NONE', *, *, #8596, .F. ) ;
#7244 = EDGE_CURVE ( 'NONE', #7269, #10908, #3654, .T. ) ;
#7245 = VECTOR ( 'NONE', #11998, 1000.000000000000000 ) ;
#7246 = ORIENTED_EDGE ( 'NONE', *, *, #2525, .T. ) ;
#7247 = DIRECTION ( 'NONE',  ( 0.5773502691896258421, 0.5773502691896236216, -0.5773502691896278405 ) ) ;
#7248 = DIRECTION ( 'NONE',  ( 0.000000000000000000, 0.9659258262890701996, 0.2588190451025140226 ) ) ;
#7249 = DIRECTION ( 'NONE',  ( 0.000000000000000000, 0.000000000000000000, 1.000000000000000000 ) ) ;
#7250 = DIRECTION ( 'NONE',  ( -1.000000000000000000, 0.000000000000000000, 0.000000000000000000 ) ) ;
#7251 = PLANE ( 'NONE',  #5872 ) ;
#7252 = ORIENTED_EDGE ( 'NONE', *, *, #846, .T. ) ;
#7253 = CARTESIAN_POINT ( 'NONE',  ( -6.349999999999999645, 4.336808689942017736E-16, -2.159000000000001140 ) ) ;
#7254 = AXIS2_PLACEMENT_3D ( 'NONE', #5272, #8211, #2329 ) ;
#7255 = CARTESIAN_POINT ( 'NONE',  ( 14.85899999999999999, 7.239000000000000767, 0.8889999999999997904 ) ) ;
#7256 = VERTEX_POINT ( 'NONE', #8672 ) ;
#7257 = DIRECTION ( 'NONE',  ( -0.000000000000000000, -0.7071067811865501263, -0.7071067811865449082 ) ) ;
#7258 = EDGE_CURVE ( 'NONE', #621, #3823, #11593, .T. ) ;
#7259 = CARTESIAN_POINT ( 'NONE',  ( -10.54100000000000037, 8.064500000000002444, -1.650999999999999801 ) ) ;
#7260 = EDGE_LOOP ( 'NONE', ( #10297, #1003, #1123, #887 ) ) ;
#7261 = AXIS2_PLACEMENT_3D ( 'NONE', #712, #9898, #5731 ) ;
#7262 = DIRECTION ( 'NONE',  ( -1.000000000000000000, 0.000000000000000000, 0.000000000000000000 ) ) ;
#7263 = VECTOR ( 'NONE', #5615, 999.9999999999998863 ) ;
#7264 = CARTESIAN_POINT ( 'NONE',  ( 18.16100000000000136, 7.239000000000000767, -0.8890000000000001235 ) ) ;
#7265 = DIRECTION ( 'NONE',  ( -1.000000000000000000, 0.000000000000000000, 0.000000000000000000 ) ) ;
#7266 = DIRECTION ( 'NONE',  ( 0.000000000000000000, 1.733406087350420004E-16, -1.000000000000000000 ) ) ;
#7267 = PLANE ( 'NONE',  #6727 ) ;
#7268 = EDGE_LOOP ( 'NONE', ( #12473, #3260, #1343, #11881 ) ) ;
#7269 = VERTEX_POINT ( 'NONE', #11392 ) ;
#7270 = ORIENTED_EDGE ( 'NONE', *, *, #6017, .F. ) ;
#7271 = CARTESIAN_POINT ( 'NONE',  ( 0.3809999999999993947, 8.064499999999998892, 0.8889999999999999014 ) ) ;
#7272 =( GEOMETRIC_REPRESENTATION_CONTEXT ( 3 ) GLOBAL_UNCERTAINTY_ASSIGNED_CONTEXT ( ( #7001 ) ) GLOBAL_UNIT_ASSIGNED_CONTEXT ( ( #2841, #7675, #7735 ) ) REPRESENTATION_CONTEXT ( 'NONE', 'WORKASPACE' ) );
#7273 = ORIENTED_EDGE ( 'NONE', *, *, #4585, .T. ) ;
#7274 = CARTESIAN_POINT ( 'NONE',  ( -16.51000000000000156, 0.5080000000000006732, -2.022881810244994583 ) ) ;
#7275 = CARTESIAN_POINT ( 'NONE',  ( 15.24000000000000021, 7.239000000000000767, -2.201425730935033664E-16 ) ) ;
#7276 = PRESENTATION_STYLE_ASSIGNMENT (( #2450 ) ) ;
#7277 = CARTESIAN_POINT ( 'NONE',  ( -11.42999999999999972, -8.578981026812224210E-17, 2.158999999999999364 ) ) ;
#7278 = LINE ( 'NONE', #110, #7318 ) ;
#7279 = CARTESIAN_POINT ( 'NONE',  ( -15.62099999999999866, 7.239000000000000767, -0.8890000000000001235 ) ) ;
#7280 = EDGE_CURVE ( 'NONE', #1327, #8963, #5076, .T. ) ;
#7281 = CARTESIAN_POINT ( 'NONE',  ( -13.97000000000000064, 6.505213034913026604E-16, -2.540000000000000924 ) ) ;
#7282 = ORIENTED_EDGE ( 'NONE', *, *, #4380, .T. ) ;
#7283 = ORIENTED_EDGE ( 'NONE', *, *, #8368, .T. ) ;
#7284 = EDGE_LOOP ( 'NONE', ( #10639, #4871, #3314, #8917 ) ) ;
#7285 = CARTESIAN_POINT ( 'NONE',  ( -18.60549999999999926, 8.509000000000000341, -0.4444999999999983409 ) ) ;
#7286 = ADVANCED_FACE ( 'NONE', ( #2862 ), #3842, .F. ) ;
#7287 = EDGE_LOOP ( 'NONE', ( #5247, #6484, #518, #6301 ) ) ;
#7288 = ADVANCED_FACE ( 'NONE', ( #53 ), #12761, .F. ) ;
#7289 = CARTESIAN_POINT ( 'NONE',  ( 3.810000000000000941, 0.000000000000000000, 2.539999999999999147 ) ) ;
#7290 = DIRECTION ( 'NONE',  ( -1.000000000000000000, 0.000000000000000000, -0.000000000000000000 ) ) ;
#7291 = DIRECTION ( 'NONE',  ( 0.000000000000000000, 0.000000000000000000, -1.000000000000000000 ) ) ;
#7292 = EDGE_CURVE ( 'NONE', #12763, #1327, #4032, .T. ) ;
#7293 = PLANE ( 'NONE',  #12866 ) ;
#7294 = CARTESIAN_POINT ( 'NONE',  ( 10.98550000000000537, 8.509000000000000341, -2.540000000000001812 ) ) ;
#7295 = CARTESIAN_POINT ( 'NONE',  ( 17.39900000000000091, 7.239000000000000767, 1.650999999999999801 ) ) ;
#7296 = FACE_OUTER_BOUND ( 'NONE', #9365, .T. ) ;
#7297 = CARTESIAN_POINT ( 'NONE',  ( 18.16100000000000136, 7.239000000000000767, 0.8889999999999997904 ) ) ;
#7298 = EDGE_LOOP ( 'NONE', ( #11929, #5634, #6426, #10494 ) ) ;
#7299 = VERTEX_POINT ( 'NONE', #7036 ) ;
#7300 = LINE ( 'NONE', #6524, #9932 ) ;
#7301 = PLANE ( 'NONE',  #3281 ) ;
#7302 = ORIENTED_EDGE ( 'NONE', *, *, #8293, .T. ) ;
#7303 = VERTEX_POINT ( 'NONE', #4827 ) ;
#7304 =( REPRESENTATION_RELATIONSHIP ('NONE','NONE', #12679, #10636 ) REPRESENTATION_RELATIONSHIP_WITH_TRANSFORMATION ( #7140 )SHAPE_REPRESENTATION_RELATIONSHIP( ) );
#7305 = ORIENTED_EDGE ( 'NONE', *, *, #3033, .F. ) ;
#7306 = EDGE_CURVE ( 'NONE', #7811, #4639, #8795, .T. ) ;
#7307 = DIRECTION ( 'NONE',  ( 0.000000000000000000, 0.9659258262890700886, -0.2588190451025140781 ) ) ;
#7308 = FACE_OUTER_BOUND ( 'NONE', #12543, .T. ) ;
#7309 = LINE ( 'NONE', #6329, #8352 ) ;
#7310 = FACE_OUTER_BOUND ( 'NONE', #1699, .T. ) ;
#7311 =( NAMED_UNIT ( * ) SI_UNIT ( $, .STERADIAN. ) SOLID_ANGLE_UNIT ( ) );
#7312 = EDGE_CURVE ( 'NONE', #2462, #6229, #4953, .T. ) ;
#7313 = ORIENTED_EDGE ( 'NONE', *, *, #11241, .T. ) ;
#7314 = FACE_OUTER_BOUND ( 'NONE', #5229, .T. ) ;
#7315 = FACE_OUTER_BOUND ( 'NONE', #961, .T. ) ;
#7316 = ORIENTED_EDGE ( 'NONE', *, *, #2044, .T. ) ;
#7317 = CARTESIAN_POINT ( 'NONE',  ( 2.159000000000001140, 8.064499999999998892, 1.651000000000000023 ) ) ;
#7318 = VECTOR ( 'NONE', #4090, 1000.000000000000000 ) ;
#7319 = DIRECTION ( 'NONE',  ( -1.000000000000000000, -0.000000000000000000, -0.000000000000000000 ) ) ;
#7320 = ORIENTED_EDGE ( 'NONE', *, *, #7629, .T. ) ;
#7321 = CARTESIAN_POINT ( 'NONE',  ( 17.39900000000000091, 7.239000000000000767, 1.650999999999999801 ) ) ;
#7322 = CARTESIAN_POINT ( 'NONE',  ( 18.16100000000000136, 7.239000000000000767, -0.8890000000000001235 ) ) ;
#7323 = VECTOR ( 'NONE', #1200, 1000.000000000000000 ) ;
#7324 = AXIS2_PLACEMENT_3D ( 'NONE', #5146, #5333, #11122 ) ;
#7325 = CARTESIAN_POINT ( 'NONE',  ( 17.65300000000000225, 7.810499999999998444, 1.143000000000000016 ) ) ;
#7326 = CARTESIAN_POINT ( 'NONE',  ( -2.159000000000001140, 7.239000000000000767, -0.8890000000000001235 ) ) ;
#7327 = EDGE_CURVE ( 'NONE', #5544, #11957, #7820, .T. ) ;
#7328 = LINE ( 'NONE', #8443, #5552 ) ;
#7329 = PLANE ( 'NONE',  #1938 ) ;
#7330 = VERTEX_POINT ( 'NONE', #5987 ) ;
#7331 = ORIENTED_EDGE ( 'NONE', *, *, #12499, .T. ) ;
#7332 = ORIENTED_EDGE ( 'NONE', *, *, #8850, .F. ) ;
#7333 = CARTESIAN_POINT ( 'NONE',  ( 10.54100000000000215, 7.239000000000000767, 1.650999999999999801 ) ) ;
#7334 = ORIENTED_EDGE ( 'NONE', *, *, #11978, .T. ) ;
#7335 = AXIS2_PLACEMENT_3D ( 'NONE', #6436, #8530, #3706 ) ;
#7336 = VECTOR ( 'NONE', #3522, 1000.000000000000000 ) ;
#7337 = ORIENTED_EDGE ( 'NONE', *, *, #9222, .F. ) ;
#7338 = CARTESIAN_POINT ( 'NONE',  ( 18.60549999999999926, 8.509000000000000341, -2.095500000000001695 ) ) ;
#7339 = DIRECTION ( 'NONE',  ( -1.000000000000000000, -0.000000000000000000, -0.000000000000000000 ) ) ;
#7340 = VECTOR ( 'NONE', #2257, 1000.000000000000000 ) ;
#7341 =( LENGTH_UNIT ( ) NAMED_UNIT ( * ) SI_UNIT ( .MILLI., .METRE. ) );
#7342 = CARTESIAN_POINT ( 'NONE',  ( -19.30400000000000205, 8.509000000000000341, 2.540000000000001812 ) ) ;
#7343 = LINE ( 'NONE', #11308, #8569 ) ;
#7344 = EDGE_CURVE ( 'NONE', #2974, #10331, #7948, .T. ) ;
#7345 = DIRECTION ( 'NONE',  ( -1.000000000000000000, -0.000000000000000000, -0.000000000000000000 ) ) ;
#7346 = MECHANICAL_DESIGN_GEOMETRIC_PRESENTATION_REPRESENTATION (  '', ( #6726 ), #12749 ) ;
#7347 = VECTOR ( 'NONE', #8721, 1000.000000000000000 ) ;
#7348 = DIRECTION ( 'NONE',  ( 1.000000000000000000, 0.000000000000000000, 0.000000000000000000 ) ) ;
#7349 = VERTEX_POINT ( 'NONE', #11784 ) ;
#7350 = ORIENTED_EDGE ( 'NONE', *, *, #3958, .T. ) ;
#7351 = VERTEX_POINT ( 'NONE', #11963 ) ;
#7352 = VERTEX_POINT ( 'NONE', #5860 ) ;
#7353 = PRESENTATION_LAYER_ASSIGNMENT (  '', '', ( #10253 ) ) ;
#7354 = VECTOR ( 'NONE', #5110, 1000.000000000000000 ) ;
#7355 = CARTESIAN_POINT ( 'NONE',  ( -8.890000000000000568, -8.578981026812224210E-17, 2.158999999999999364 ) ) ;
#7356 = PLANE ( 'NONE',  #10776 ) ;
#7357 = CARTESIAN_POINT ( 'NONE',  ( 19.30400000000000205, 0.5080000000000000071, 2.022881810244992806 ) ) ;
#7358 = DIRECTION ( 'NONE',  ( 0.000000000000000000, 0.000000000000000000, -1.000000000000000000 ) ) ;
#7359 = DIRECTION ( 'NONE',  ( 0.000000000000000000, 0.000000000000000000, 1.000000000000000000 ) ) ;
#7360 = DIRECTION ( 'NONE',  ( 0.000000000000000000, -1.607907343367028359E-16, 1.000000000000000000 ) ) ;
#7361 = CARTESIAN_POINT ( 'NONE',  ( -13.08099999999999952, 7.239000000000000767, 0.8889999999999997904 ) ) ;
#7362 = DIRECTION ( 'NONE',  ( -0.000000000000000000, 0.000000000000000000, 1.000000000000000000 ) ) ;
#7363 = ORIENTED_EDGE ( 'NONE', *, *, #5659, .F. ) ;
#7364 = EDGE_CURVE ( 'NONE', #3815, #704, #11721, .T. ) ;
#7365 = ORIENTED_EDGE ( 'NONE', *, *, #6273, .T. ) ;
#7366 = ADVANCED_FACE ( 'NONE', ( #4891 ), #8858, .F. ) ;
#7367 = FACE_OUTER_BOUND ( 'NONE', #7204, .T. ) ;
#7368 = LINE ( 'NONE', #11461, #12219 ) ;
#7369 = EDGE_LOOP ( 'NONE', ( #12636, #8561, #221, #1263 ) ) ;
#7370 = ORIENTED_EDGE ( 'NONE', *, *, #9855, .T. ) ;
#7371 = EDGE_CURVE ( 'NONE', #2079, #164, #10869, .T. ) ;
#7372 = EDGE_CURVE ( 'NONE', #12353, #2671, #10746, .T. ) ;
#7373 = ORIENTED_EDGE ( 'NONE', *, *, #5286, .T. ) ;
#7374 = LINE ( 'NONE', #392, #4743 ) ;
#7375 = CARTESIAN_POINT ( 'NONE',  ( -3.809999999999999165, 0.000000000000000000, 0.000000000000000000 ) ) ;
#7376 = UNCERTAINTY_MEASURE_WITH_UNIT (LENGTH_MEASURE( 1.000000000000000082E-05 ), #1377, 'distance_accuracy_value', 'NONE');
#7377 = DIRECTION ( 'NONE',  ( 0.000000000000000000, 1.000000000000000000, -1.019346266292635338E-16 ) ) ;
#7378 = LINE ( 'NONE', #4245, #10933 ) ;
#7379 = EDGE_CURVE ( 'NONE', #5510, #6392, #2925, .T. ) ;
#7380 = PLANE ( 'NONE',  #1091 ) ;
#7381 = VERTEX_POINT ( 'NONE', #8929 ) ;
#7382 = DIRECTION ( 'NONE',  ( -0.000000000000000000, 1.000000000000000000, 1.733406087350420004E-16 ) ) ;
#7383 = CARTESIAN_POINT ( 'NONE',  ( 16.51000000000000156, 0.5080000000000000071, 2.022881810244992806 ) ) ;
#7384 = ORIENTED_EDGE ( 'NONE', *, *, #7371, .T. ) ;
#7385 = DIRECTION ( 'NONE',  ( 0.000000000000000000, -5.691349986800550837E-16, 1.000000000000000000 ) ) ;
#7386 = EDGE_CURVE ( 'NONE', #9652, #4863, #1947, .T. ) ;
#7387 = CARTESIAN_POINT ( 'NONE',  ( 16.51000000000000156, 0.000000000000000000, 2.539999999999999147 ) ) ;
#7388 = ORIENTED_EDGE ( 'NONE', *, *, #522, .T. ) ;
#7389 = CARTESIAN_POINT ( 'NONE',  ( -19.30400000000000205, 0.5080000000000006732, -2.022881810244994583 ) ) ;
#7390 = FACE_OUTER_BOUND ( 'NONE', #10391, .T. ) ;
#7391 = VECTOR ( 'NONE', #3201, 999.9999999999998863 ) ;
#7392 = CARTESIAN_POINT ( 'NONE',  ( 0.3810000000000000053, -3.200400000000000134, 1.473199999999999843 ) ) ;
#7393 = FACE_OUTER_BOUND ( 'NONE', #10519, .T. ) ;
#7394 = PLANE ( 'NONE',  #5965 ) ;
#7395 = CARTESIAN_POINT ( 'NONE',  ( 16.51000000000000156, 0.5080000000000000071, 2.022881810244992806 ) ) ;
#7396 = ORIENTED_EDGE ( 'NONE', *, *, #5095, .T. ) ;
#7397 = ORIENTED_EDGE ( 'NONE', *, *, #9724, .T. ) ;
#7398 = VERTEX_POINT ( 'NONE', #9777 ) ;
#7399 = ADVANCED_FACE ( 'NONE', ( #11905 ), #3782, .F. ) ;
#7400 = DIRECTION ( 'NONE',  ( -0.000000000000000000, -0.7071067811865482389, -0.7071067811865469066 ) ) ;
#7401 = EDGE_LOOP ( 'NONE', ( #5065, #7713, #12036, #3130 ) ) ;
#7402 = VECTOR ( 'NONE', #10107, 1000.000000000000000 ) ;
#7403 = AXIS2_PLACEMENT_3D ( 'NONE', #7850, #6808, #10643 ) ;
#7404 = EDGE_CURVE ( 'NONE', #12846, #996, #5803, .T. ) ;
#7405 = ORIENTED_EDGE ( 'NONE', *, *, #8851, .T. ) ;
#7406 = CARTESIAN_POINT ( 'NONE',  ( 14.85899999999999999, 8.064500000000002444, -1.650999999999999801 ) ) ;
#7407 = DIRECTION ( 'NONE',  ( 0.000000000000000000, 0.9659258262890700886, 0.2588190451025139671 ) ) ;
#7408 = VECTOR ( 'NONE', #9369, 1000.000000000000000 ) ;
#7409 = DIRECTION ( 'NONE',  ( 1.000000000000000000, 0.000000000000000000, 0.000000000000000000 ) ) ;
#7410 = CARTESIAN_POINT ( 'NONE',  ( -16.51000000000000156, -8.578981026812224210E-17, 2.158999999999999364 ) ) ;
#7411 = CARTESIAN_POINT ( 'NONE',  ( -19.05000000000000071, 8.509000000000000341, -2.540000000000001812 ) ) ;
#7412 = ORIENTED_EDGE ( 'NONE', *, *, #5727, .F. ) ;
#7413 = CARTESIAN_POINT ( 'NONE',  ( -1.270000000000000240, -8.578981026812224210E-17, 2.158999999999999364 ) ) ;
#7414 = VECTOR ( 'NONE', #1029, 1000.000000000000000 ) ;
#7415 = CARTESIAN_POINT ( 'NONE',  ( 17.39900000000000091, 8.064499999999998892, 1.650999999999999801 ) ) ;
#7416 = ORIENTED_EDGE ( 'NONE', *, *, #6054, .T. ) ;
#7417 = EDGE_LOOP ( 'NONE', ( #8452, #12829, #7716, #9293 ) ) ;
#7418 = VECTOR ( 'NONE', #5984, 999.9999999999998863 ) ;
#7419 = ORIENTED_EDGE ( 'NONE', *, *, #5532, .F. ) ;
#7420 = DIRECTION ( 'NONE',  ( -0.7071067811865462405, -0.7071067811865489050, 0.000000000000000000 ) ) ;
#7421 = EDGE_CURVE ( 'NONE', #7330, #8323, #5197, .T. ) ;
#7422 = VERTEX_POINT ( 'NONE', #6107 ) ;
#7423 = STYLED_ITEM ( 'NONE', ( #12516 ), #10473 ) ;
#7424 = CARTESIAN_POINT ( 'NONE',  ( 3.810000000000000941, 8.509000000000000341, 2.540000000000001812 ) ) ;
#7425 = DIRECTION ( 'NONE',  ( 0.000000000000000000, -1.733406087350420004E-16, 1.000000000000000000 ) ) ;
#7426 = DIRECTION ( 'NONE',  ( 0.000000000000000000, 0.000000000000000000, -1.000000000000000000 ) ) ;
#7427 = CARTESIAN_POINT ( 'NONE',  ( 12.31900000000000084, 8.064499999999998892, 1.650999999999999801 ) ) ;
#7428 = CARTESIAN_POINT ( 'NONE',  ( -1.270000000000000240, 8.509000000000000341, 2.540000000000001812 ) ) ;
#7429 = DIRECTION ( 'NONE',  ( -0.000000000000000000, 1.000000000000000000, 1.733406087350420004E-16 ) ) ;
#7430 = CARTESIAN_POINT ( 'NONE',  ( -8.890000000000000568, 6.505213034913026604E-16, -2.540000000000000924 ) ) ;
#7431 = LINE ( 'NONE', #4635, #12246 ) ;
#7432 = VECTOR ( 'NONE', #6999, 1000.000000000000000 ) ;
#7433 = ORIENTED_EDGE ( 'NONE', *, *, #1920, .F. ) ;
#7434 = ORIENTED_EDGE ( 'NONE', *, *, #5286, .F. ) ;
#7435 = AXIS2_PLACEMENT_3D ( 'NONE', #3673, #9669, #6862 ) ;
#7436 = LINE ( 'NONE', #3390, #8498 ) ;
#7437 = ORIENTED_EDGE ( 'NONE', *, *, #8501, .T. ) ;
#7438 = ORIENTED_EDGE ( 'NONE', *, *, #5477, .T. ) ;
#7439 = EDGE_LOOP ( 'NONE', ( #3751, #11096, #4412, #5412 ) ) ;
#7440 = MECHANICAL_DESIGN_GEOMETRIC_PRESENTATION_REPRESENTATION (  '', ( #5570 ), #6615 ) ;
#7441 = FACE_OUTER_BOUND ( 'NONE', #8975, .T. ) ;
#7442 = PLANE ( 'NONE',  #4135 ) ;
#7443 = FACE_OUTER_BOUND ( 'NONE', #4241, .T. ) ;
#7444 = EDGE_CURVE ( 'NONE', #5773, #11132, #1416, .T. ) ;
#7445 = LINE ( 'NONE', #3728, #2749 ) ;
#7446 = ORIENTED_EDGE ( 'NONE', *, *, #6823, .T. ) ;
#7447 = AXIS2_PLACEMENT_3D ( 'NONE', #3850, #791, #7699 ) ;
#7448 = LINE ( 'NONE', #5422, #12397 ) ;
#7449 = EDGE_CURVE ( 'NONE', #12378, #1182, #9050, .T. ) ;
#7450 = DIRECTION ( 'NONE',  ( 0.000000000000000000, -0.000000000000000000, -1.000000000000000000 ) ) ;
#7451 = ORIENTED_EDGE ( 'NONE', *, *, #1008, .F. ) ;
#7452 = CARTESIAN_POINT ( 'NONE',  ( 8.890000000000002345, 8.509000000000000341, -2.540000000000001812 ) ) ;
#7453 = VECTOR ( 'NONE', #5007, 1000.000000000000000 ) ;
#7454 = CARTESIAN_POINT ( 'NONE',  ( -17.39900000000000091, 8.064500000000002444, -0.8890000000000000124 ) ) ;
#7455 = EDGE_CURVE ( 'NONE', #8831, #9336, #4352, .T. ) ;
#7456 = EDGE_LOOP ( 'NONE', ( #7313, #12338, #12696, #651 ) ) ;
#7457 = AXIS2_PLACEMENT_3D ( 'NONE', #5310, #6353, #7957 ) ;
#7458 = EDGE_CURVE ( 'NONE', #9361, #7567, #6234, .T. ) ;
#7459 = DIRECTION ( 'NONE',  ( 0.000000000000000000, -1.000000000000000000, 1.019346266292635338E-16 ) ) ;
#7460 = EDGE_CURVE ( 'NONE', #6317, #4863, #3365, .T. ) ;
#7461 = CARTESIAN_POINT ( 'NONE',  ( 13.97000000000000064, 0.5080000000000000071, 2.022881810244992806 ) ) ;
#7462 = VECTOR ( 'NONE', #82, 1000.000000000000000 ) ;
#7463 = EDGE_CURVE ( 'NONE', #8556, #3557, #1275, .T. ) ;
#7464 = CARTESIAN_POINT ( 'NONE',  ( 15.36699999999999910, 7.810499999999998444, 1.397000000000000242 ) ) ;
#7465 = DIRECTION ( 'NONE',  ( -1.000000000000000000, -0.000000000000000000, -0.000000000000000000 ) ) ;
#7466 = CARTESIAN_POINT ( 'NONE',  ( 14.85899999999999999, 8.064500000000002444, -0.8890000000000000124 ) ) ;
#7467 = CARTESIAN_POINT ( 'NONE',  ( 16.06550000000000011, 8.509000000000000341, -2.540000000000001812 ) ) ;
#7468 = ORIENTED_EDGE ( 'NONE', *, *, #10412, .T. ) ;
#7469 = ORIENTED_EDGE ( 'NONE', *, *, #6693, .T. ) ;
#7470 = ORIENTED_EDGE ( 'NONE', *, *, #11511, .T. ) ;
#7471 = CARTESIAN_POINT ( 'NONE',  ( 6.350000000000001421, 6.505213034913026604E-16, -2.540000000000000924 ) ) ;
#7472 = ORIENTED_EDGE ( 'NONE', *, *, #9563, .T. ) ;
#7473 = VECTOR ( 'NONE', #797, 1000.000000000000000 ) ;
#7474 = ORIENTED_EDGE ( 'NONE', *, *, #931, .T. ) ;
#7475 = CARTESIAN_POINT ( 'NONE',  ( 1.270000000000000240, 0.5080000000000006732, -2.022881810244994583 ) ) ;
#7476 = FACE_OUTER_BOUND ( 'NONE', #937, .T. ) ;
#7477 = EDGE_CURVE ( 'NONE', #3408, #433, #11245, .T. ) ;
#7478 = CARTESIAN_POINT ( 'NONE',  ( 0.000000000000000000, 0.000000000000000000, 0.000000000000000000 ) ) ;
#7479 = PLANE ( 'NONE',  #10538 ) ;
#7480 = CARTESIAN_POINT ( 'NONE',  ( 6.350000000000001421, 0.5080000000000000071, 2.022881810244992806 ) ) ;
#7481 = ORIENTED_EDGE ( 'NONE', *, *, #4117, .T. ) ;
#7482 = CARTESIAN_POINT ( 'NONE',  ( -4.254499999999999282, 8.509000000000000341, -0.4444999999999983409 ) ) ;
#7483 = AXIS2_PLACEMENT_3D ( 'NONE', #1740, #6763, #12606 ) ;
#7484 = CARTESIAN_POINT ( 'NONE',  ( 7.239000000000002544, 8.064500000000002444, -0.8890000000000000124 ) ) ;
#7485 = ORIENTED_EDGE ( 'NONE', *, *, #1404, .T. ) ;
#7486 = EDGE_LOOP ( 'NONE', ( #8533, #10348, #819, #4372 ) ) ;
#7487 = EDGE_LOOP ( 'NONE', ( #4973, #10952, #7556, #8656 ) ) ;
#7488 = ADVANCED_FACE ( 'NONE', ( #5322 ), #111, .F. ) ;
#7489 = LINE ( 'NONE', #12289, #12841 ) ;
#7490 = EDGE_LOOP ( 'NONE', ( #5357, #9281, #7700, #1415, #10343, #2473, #6468, #1716 ) ) ;
#7491 = PRODUCT_DEFINITION_FORMATION_WITH_SPECIFIED_SOURCE ( 'ANY', '', #6485, .NOT_KNOWN. ) ;
#7492 = DIRECTION ( 'NONE',  ( 0.000000000000000000, 3.058038798877906014E-16, -1.000000000000000000 ) ) ;
#7493 = PLANE ( 'NONE',  #10440 ) ;
#7494 = CARTESIAN_POINT ( 'NONE',  ( 13.08099999999999952, 7.239000000000000767, -0.8890000000000001235 ) ) ;
#7495 = DIRECTION ( 'NONE',  ( -0.000000000000000000, -0.000000000000000000, 1.000000000000000000 ) ) ;
#7496 = DIRECTION ( 'NONE',  ( 0.5773502691896272854, -0.5773502691896250649, -0.5773502691896250649 ) ) ;
#7497 = DIRECTION ( 'NONE',  ( 0.000000000000000000, 1.733406087350420004E-16, -1.000000000000000000 ) ) ;
#7498 = DIRECTION ( 'NONE',  ( 0.000000000000000000, 0.000000000000000000, 1.000000000000000000 ) ) ;
#7499 = ORIENTED_EDGE ( 'NONE', *, *, #11993, .T. ) ;
#7500 = ORIENTED_EDGE ( 'NONE', *, *, #12049, .F. ) ;
#7501 = EDGE_CURVE ( 'NONE', #7636, #11631, #228, .T. ) ;
#7502 = DIRECTION ( 'NONE',  ( 0.000000000000000000, -1.000000000000000000, -1.733406087350420004E-16 ) ) ;
#7503 = CARTESIAN_POINT ( 'NONE',  ( 16.51000000000000156, 8.509000000000000341, -2.540000000000001812 ) ) ;
#7504 = ORIENTED_EDGE ( 'NONE', *, *, #6032, .F. ) ;
#7505 = ORIENTED_EDGE ( 'NONE', *, *, #302, .F. ) ;
#7506 = ORIENTED_EDGE ( 'NONE', *, *, #11143, .T. ) ;
#7507 = EDGE_CURVE ( 'NONE', #11491, #3627, #4214, .T. ) ;
#7508 = DIRECTION ( 'NONE',  ( -0.000000000000000000, 1.000000000000000000, 1.733406087350420004E-16 ) ) ;
#7509 = CARTESIAN_POINT ( 'NONE',  ( -8.000999999999999446, 8.064500000000002444, -1.650999999999999801 ) ) ;
#7510 = LINE ( 'NONE', #11537, #3162 ) ;
#7511 = LINE ( 'NONE', #2550, #6260 ) ;
#7512 = DIRECTION ( 'NONE',  ( 0.000000000000000000, 1.000000000000000000, 1.733406087350420004E-16 ) ) ;
#7513 = ORIENTED_EDGE ( 'NONE', *, *, #1026, .T. ) ;
#7514 = EDGE_CURVE ( 'NONE', #2573, #1606, #1156, .T. ) ;
#7515 = FACE_OUTER_BOUND ( 'NONE', #1902, .T. ) ;
#7516 = DIRECTION ( 'NONE',  ( 0.000000000000000000, 1.733406087350420004E-16, -1.000000000000000000 ) ) ;
#7517 = VERTEX_POINT ( 'NONE', #2190 ) ;
#7518 = CARTESIAN_POINT ( 'NONE',  ( -8.890000000000000568, 4.336808689942017736E-16, -2.159000000000001140 ) ) ;
#7519 = VECTOR ( 'NONE', #201, 1000.000000000000000 ) ;
#7520 = LINE ( 'NONE', #2558, #11134 ) ;
#7521 = ORIENTED_EDGE ( 'NONE', *, *, #4585, .F. ) ;
#7522 = LINE ( 'NONE', #6745, #2634 ) ;
#7523 = DIRECTION ( 'NONE',  ( 1.000000000000000000, 0.000000000000000000, 0.000000000000000000 ) ) ;
#7524 = CARTESIAN_POINT ( 'NONE',  ( -13.08099999999999952, 8.064500000000002444, -1.650999999999999801 ) ) ;
#7525 = VECTOR ( 'NONE', #4952, 1000.000000000000000 ) ;
#7526 = PLANE ( 'NONE',  #4731 ) ;
#7527 = CARTESIAN_POINT ( 'NONE',  ( -8.000999999999999446, 8.064499999999998892, 0.8889999999999999014 ) ) ;
#7528 = EDGE_LOOP ( 'NONE', ( #7388, #8334, #5807, #12077 ) ) ;
#7529 = ORIENTED_EDGE ( 'NONE', *, *, #9721, .F. ) ;
#7530 = EDGE_CURVE ( 'NONE', #9876, #8252, #5259, .T. ) ;
#7531 = ORIENTED_EDGE ( 'NONE', *, *, #7762, .F. ) ;
#7532 = EDGE_CURVE ( 'NONE', #5201, #3118, #12086, .T. ) ;
#7533 = LINE ( 'NONE', #1735, #3843 ) ;
#7534 = ORIENTED_EDGE ( 'NONE', *, *, #12356, .T. ) ;
#7535 = PRODUCT_DEFINITION_SHAPE ( 'NONE', 'NONE',  #12888 ) ;
#7536 = ADVANCED_FACE ( 'NONE', ( #5137 ), #11185, .F. ) ;
#7537 = ORIENTED_EDGE ( 'NONE', *, *, #2113, .F. ) ;
#7538 = AXIS2_PLACEMENT_3D ( 'NONE', #5972, #7198, #9036 ) ;
#7539 = EDGE_CURVE ( 'NONE', #7950, #9905, #6365, .T. ) ;
#7540 = FACE_OUTER_BOUND ( 'NONE', #9844, .T. ) ;
#7541 = CLOSED_SHELL ( 'NONE', ( #1876, #9913, #2592, #9453, #11855, #772, #1064, #485, #10758, #8513 ) ) ;
#7542 = CARTESIAN_POINT ( 'NONE',  ( -19.05000000000000071, 0.000000000000000000, 0.000000000000000000 ) ) ;
#7543 = DIRECTION ( 'NONE',  ( 1.000000000000000000, 0.000000000000000000, 0.000000000000000000 ) ) ;
#7544 = CARTESIAN_POINT ( 'NONE',  ( 0.3810000000000000053, -2.692399999999994797, 1.473200000000000065 ) ) ;
#7545 = LINE ( 'NONE', #7411, #3579 ) ;
#7546 = ORIENTED_EDGE ( 'NONE', *, *, #6066, .T. ) ;
#7547 = CARTESIAN_POINT ( 'NONE',  ( -4.953000000000001180, 7.810499999999998444, 1.143000000000000016 ) ) ;
#7548 = LINE ( 'NONE', #1683, #12112 ) ;
#7549 = VERTEX_POINT ( 'NONE', #12283 ) ;
#7550 = ORIENTED_EDGE ( 'NONE', *, *, #10066, .T. ) ;
#7551 = ORIENTED_EDGE ( 'NONE', *, *, #3293, .T. ) ;
#7552 = VECTOR ( 'NONE', #114, 1000.000000000000000 ) ;
#7553 = PLANE ( 'NONE',  #6393 ) ;
#7554 = AXIS2_PLACEMENT_3D ( 'NONE', #1229, #6381, #7360 ) ;
#7555 = ADVANCED_FACE ( 'NONE', ( #2380 ), #10344, .F. ) ;
#7556 = ORIENTED_EDGE ( 'NONE', *, *, #7886, .F. ) ;
#7557 = CARTESIAN_POINT ( 'NONE',  ( -5.460999999999998522, 8.064499999999998892, 1.650999999999999801 ) ) ;
#7558 = LINE ( 'NONE', #7494, #8911 ) ;
#7559 = VECTOR ( 'NONE', #6418, 1000.000000000000000 ) ;
#7560 = CARTESIAN_POINT ( 'NONE',  ( -19.30400000000000205, 6.505213034913026604E-16, -2.540000000000000924 ) ) ;
#7561 = AXIS2_PLACEMENT_3D ( 'NONE', #9309, #12029, #1274 ) ;
#7562 = DIRECTION ( 'NONE',  ( -0.000000000000000000, -0.000000000000000000, 1.000000000000000000 ) ) ;
#7563 = CARTESIAN_POINT ( 'NONE',  ( 0.8254999999999999005, 8.509000000000000341, -0.4444999999999983409 ) ) ;
#7564 = FACE_OUTER_BOUND ( 'NONE', #1364, .T. ) ;
#7565 = LINE ( 'NONE', #11525, #4984 ) ;
#7566 = ORIENTED_EDGE ( 'NONE', *, *, #11867, .F. ) ;
#7567 = VERTEX_POINT ( 'NONE', #12220 ) ;
#7568 = CARTESIAN_POINT ( 'NONE',  ( 6.350000000000001421, -8.578981026812224210E-17, 2.158999999999999364 ) ) ;
#7569 = EDGE_LOOP ( 'NONE', ( #4268, #2345, #4017, #774 ) ) ;
#7570 = VERTEX_POINT ( 'NONE', #4154 ) ;
#7571 = VECTOR ( 'NONE', #8245, 999.9999999999998863 ) ;
#7572 = VECTOR ( 'NONE', #5820, 1000.000000000000000 ) ;
#7573 = ORIENTED_EDGE ( 'NONE', *, *, #5712, .F. ) ;
#7574 = DIRECTION ( 'NONE',  ( 0.000000000000000000, 0.000000000000000000, -1.000000000000000000 ) ) ;
#7575 = CARTESIAN_POINT ( 'NONE',  ( 7.239000000000002544, 7.239000000000000767, -1.651000000000000023 ) ) ;
#7576 = CARTESIAN_POINT ( 'NONE',  ( -1.714499999999997248, 8.509000000000000341, 0.4444999999999970086 ) ) ;
#7577 = CARTESIAN_POINT ( 'NONE',  ( 15.62099999999999866, 7.239000000000000767, -0.8890000000000001235 ) ) ;
#7578 = LINE ( 'NONE', #600, #10512 ) ;
#7579 = ORIENTED_EDGE ( 'NONE', *, *, #9396, .F. ) ;
#7580 = CARTESIAN_POINT ( 'NONE',  ( -1.270000000000000240, 0.5080000000000006732, -2.022881810244994583 ) ) ;
#7581 = CARTESIAN_POINT ( 'NONE',  ( 14.85899999999999999, 8.064499999999998892, 1.651000000000000023 ) ) ;
#7582 = ORIENTED_EDGE ( 'NONE', *, *, #8276, .T. ) ;
#7583 = AXIS2_PLACEMENT_3D ( 'NONE', #9490, #7670, #553 ) ;
#7584 = DIRECTION ( 'NONE',  ( 0.000000000000000000, -5.691349986800550837E-16, 1.000000000000000000 ) ) ;
#7585 = VERTEX_POINT ( 'NONE', #9110 ) ;
#7586 = EDGE_CURVE ( 'NONE', #11723, #9488, #173, .T. ) ;
#7587 = LINE ( 'NONE', #2754, #10749 ) ;
#7588 = CARTESIAN_POINT ( 'NONE',  ( 11.43000000000000327, 0.000000000000000000, 2.539999999999999147 ) ) ;
#7589 = DIRECTION ( 'NONE',  ( 0.000000000000000000, 1.000000000000000000, 1.733406087350420004E-16 ) ) ;
#7590 = CARTESIAN_POINT ( 'NONE',  ( -16.51000000000000156, 0.000000000000000000, 0.000000000000000000 ) ) ;
#7591 = VECTOR ( 'NONE', #2819, 1000.000000000000000 ) ;
#7592 = DIRECTION ( 'NONE',  ( -0.000000000000000000, -0.000000000000000000, 1.000000000000000000 ) ) ;
#7593 = DIRECTION ( 'NONE',  ( 0.000000000000000000, 0.000000000000000000, 1.000000000000000000 ) ) ;
#7594 = VERTEX_POINT ( 'NONE', #8461 ) ;
#7595 = VERTEX_POINT ( 'NONE', #634 ) ;
#7596 = ORIENTED_EDGE ( 'NONE', *, *, #11053, .F. ) ;
#7597 = CARTESIAN_POINT ( 'NONE',  ( 3.810000000000000941, 0.000000000000000000, 0.000000000000000000 ) ) ;
#7598 = VERTEX_POINT ( 'NONE', #11510 ) ;
#7599 = AXIS2_PLACEMENT_3D ( 'NONE', #3750, #12656, #5637 ) ;
#7600 = ORIENTED_EDGE ( 'NONE', *, *, #12756, .T. ) ;
#7601 = VECTOR ( 'NONE', #5432, 1000.000000000000114 ) ;
#7602 = DIRECTION ( 'NONE',  ( -0.000000000000000000, 1.000000000000000000, 1.733406087350420004E-16 ) ) ;
#7603 = CARTESIAN_POINT ( 'NONE',  ( 10.54100000000000215, 7.239000000000000767, 1.650999999999999801 ) ) ;
#7604 = CARTESIAN_POINT ( 'NONE',  ( -18.16100000000000136, 8.064500000000002444, -0.8890000000000000124 ) ) ;
#7605 = CARTESIAN_POINT ( 'NONE',  ( -4.698999999999999844, 8.064500000000002444, -1.650999999999999801 ) ) ;
#7606 = ORIENTED_EDGE ( 'NONE', *, *, #11528, .T. ) ;
#7607 = FACE_OUTER_BOUND ( 'NONE', #2539, .T. ) ;
#7608 = VECTOR ( 'NONE', #3195, 1000.000000000000000 ) ;
#7609 = CARTESIAN_POINT ( 'NONE',  ( -14.85899999999999999, 8.064499999999998892, 0.8889999999999999014 ) ) ;
#7610 = EDGE_CURVE ( 'NONE', #11473, #682, #4556, .T. ) ;
#7611 = LINE ( 'NONE', #2653, #6736 ) ;
#7612 = EDGE_LOOP ( 'NONE', ( #11527, #12686, #9416, #7741 ) ) ;
#7613 = VERTEX_POINT ( 'NONE', #4619 ) ;
#7614 = ORIENTED_EDGE ( 'NONE', *, *, #11061, .T. ) ;
#7615 = LINE ( 'NONE', #7743, #8069 ) ;
#7616 = EDGE_CURVE ( 'NONE', #3106, #2798, #5598, .T. ) ;
#7617 = VECTOR ( 'NONE', #10629, 1000.000000000000000 ) ;
#7618 = ORIENTED_EDGE ( 'NONE', *, *, #11641, .F. ) ;
#7619 = AXIS2_PLACEMENT_3D ( 'NONE', #4629, #9584, #11651 ) ;
#7620 = DIRECTION ( 'NONE',  ( 0.000000000000000000, -0.9659258262890700886, 0.2588190451025140781 ) ) ;
#7621 = EDGE_CURVE ( 'NONE', #8976, #669, #11440, .T. ) ;
#7622 = LINE ( 'NONE', #1751, #6404 ) ;
#7623 = EDGE_CURVE ( 'NONE', #11816, #5708, #12420, .T. ) ;
#7624 = AXIS2_PLACEMENT_3D ( 'NONE', #3287, #6037, #6283 ) ;
#7625 = CARTESIAN_POINT ( 'NONE',  ( 1.270000000000000240, 4.336808689942017736E-16, -2.159000000000001140 ) ) ;
#7627 = LINE ( 'NONE', #5539, #8244 ) ;
#7626 = VECTOR ( 'NONE', #913, 1000.000000000000000 ) ;
#7628 = DIRECTION ( 'NONE',  ( 0.000000000000000000, 1.733406087350420004E-16, -1.000000000000000000 ) ) ;
#7629 = EDGE_CURVE ( 'NONE', #1093, #4505, #11375, .T. ) ;
#7630 = CARTESIAN_POINT ( 'NONE',  ( -10.54100000000000037, 7.239000000000000767, 0.8889999999999997904 ) ) ;
#7631 = ORIENTED_EDGE ( 'NONE', *, *, #10079, .F. ) ;
#7632 = VERTEX_POINT ( 'NONE', #2454 ) ;
#7633 = PRESENTATION_STYLE_ASSIGNMENT (( #4707 ) ) ;
#7634 = VECTOR ( 'NONE', #4010, 1000.000000000000000 ) ;
#7635 = LINE ( 'NONE', #2931, #10771 ) ;
#7636 = VERTEX_POINT ( 'NONE', #7413 ) ;
#7637 = EDGE_LOOP ( 'NONE', ( #6041, #9347, #12386, #10211 ) ) ;
#7638 = VECTOR ( 'NONE', #1856, 1000.000000000000000 ) ;
#7639 = VECTOR ( 'NONE', #214, 1000.000000000000000 ) ;
#7640 = ORIENTED_EDGE ( 'NONE', *, *, #7386, .T. ) ;
#7641 = AXIS2_PLACEMENT_3D ( 'NONE', #7720, #3807, #541 ) ;
#7642 = LINE ( 'NONE', #1707, #1407 ) ;
#7643 = DIRECTION ( 'NONE',  ( 0.000000000000000000, -2.251701056906096594E-16, -1.000000000000000000 ) ) ;
#7644 = DIRECTION ( 'NONE',  ( -0.000000000000000000, 1.000000000000000000, 1.733406087350420004E-16 ) ) ;
#7645 = EDGE_CURVE ( 'NONE', #413, #10784, #6434, .T. ) ;
#7646 = FACE_OUTER_BOUND ( 'NONE', #4120, .T. ) ;
#7647 = CARTESIAN_POINT ( 'NONE',  ( 11.87449999999999584, 8.509000000000000341, 0.4444999999999970086 ) ) ;
#7648 = ORIENTED_EDGE ( 'NONE', *, *, #2875, .T. ) ;
#7649 = PLANE ( 'NONE',  #11996 ) ;
#7650 = LINE ( 'NONE', #11617, #9440 ) ;
#7651 = VERTEX_POINT ( 'NONE', #7482 ) ;
#7652 = EDGE_CURVE ( 'NONE', #3832, #593, #8528, .T. ) ;
#7653 = AXIS2_PLACEMENT_3D ( 'NONE', #3249, #11198, #308 ) ;
#7654 = DIRECTION ( 'NONE',  ( 0.000000000000000000, 0.000000000000000000, 1.000000000000000000 ) ) ;
#7655 = EDGE_LOOP ( 'NONE', ( #3665, #10197, #2864, #11990 ) ) ;
#7656 = FACE_OUTER_BOUND ( 'NONE', #1798, .T. ) ;
#7657 = UNCERTAINTY_MEASURE_WITH_UNIT (LENGTH_MEASURE( 1.000000000000000082E-05 ), #2729, 'distance_accuracy_value', 'NONE');
#7658 = VECTOR ( 'NONE', #4896, 1000.000000000000000 ) ;
#7659 = CARTESIAN_POINT ( 'NONE',  ( 1.270000000000000240, 8.509000000000000341, 2.540000000000001812 ) ) ;
#7660 = VECTOR ( 'NONE', #5283, 1000.000000000000000 ) ;
#7661 = FACE_OUTER_BOUND ( 'NONE', #7894, .T. ) ;
#7662 = DIRECTION ( 'NONE',  ( 0.000000000000000000, -0.9659258262890701996, -0.2588190451025140226 ) ) ;
#7663 = DIRECTION ( 'NONE',  ( 1.000000000000000000, 0.000000000000000000, 0.000000000000000000 ) ) ;
#7664 = VECTOR ( 'NONE', #4325, 1000.000000000000114 ) ;
#7665 = CARTESIAN_POINT ( 'NONE',  ( -5.206999999999998074, 7.810500000000001997, -1.396999999999998021 ) ) ;
#7666 = ORIENTED_EDGE ( 'NONE', *, *, #1384, .T. ) ;
#7667 = ORIENTED_EDGE ( 'NONE', *, *, #8501, .F. ) ;
#7668 = ORIENTED_EDGE ( 'NONE', *, *, #7306, .T. ) ;
#7669 = EDGE_CURVE ( 'NONE', #1705, #5155, #9576, .T. ) ;
#7670 = DIRECTION ( 'NONE',  ( -0.7071067811865462405, -0.7071067811865489050, 0.000000000000000000 ) ) ;
#7671 = ORIENTED_EDGE ( 'NONE', *, *, #9285, .F. ) ;
#7672 = AXIS2_PLACEMENT_3D ( 'NONE', #11213, #4383, #7180 ) ;
#7673 = PLANE ( 'NONE',  #2199 ) ;
#7674 = ADVANCED_FACE ( 'NONE', ( #7607 ), #5454, .F. ) ;
#7675 =( NAMED_UNIT ( * ) PLANE_ANGLE_UNIT ( ) SI_UNIT ( $, .RADIAN. ) );
#7676 = DIRECTION ( 'NONE',  ( 0.000000000000000000, 1.000000000000000000, 0.000000000000000000 ) ) ;
#7677 = CARTESIAN_POINT ( 'NONE',  ( 6.350000000000001421, -8.578981026812224210E-17, 2.158999999999999364 ) ) ;
#7678 = VERTEX_POINT ( 'NONE', #8587 ) ;
#7679 = LINE ( 'NONE', #8719, #965 ) ;
#7680 = DIRECTION ( 'NONE',  ( -1.000000000000000000, 0.000000000000000000, 0.000000000000000000 ) ) ;
#7681 = ORIENTED_EDGE ( 'NONE', *, *, #11140, .T. ) ;
#7682 = VERTEX_POINT ( 'NONE', #1548 ) ;
#7683 = ORIENTED_EDGE ( 'NONE', *, *, #9936, .F. ) ;
#7684 = CARTESIAN_POINT ( 'NONE',  ( 15.62099999999999866, 7.239000000000000767, 1.650999999999999801 ) ) ;
#7685 = VECTOR ( 'NONE', #7898, 999.9999999999998863 ) ;
#7686 = ORIENTED_EDGE ( 'NONE', *, *, #98, .F. ) ;
#7687 = LINE ( 'NONE', #1817, #9266 ) ;
#7688 = CARTESIAN_POINT ( 'NONE',  ( -18.60550000000000281, 8.509000000000000341, -2.540000000000001812 ) ) ;
#7689 = VECTOR ( 'NONE', #8196, 1000.000000000000000 ) ;
#7690 = EDGE_CURVE ( 'NONE', #8032, #1074, #5521, .T. ) ;
#7691 = FILL_AREA_STYLE ('',( #579 ) ) ;
#7692 = CARTESIAN_POINT ( 'NONE',  ( 19.05000000000000071, 8.509000000000000341, -2.540000000000001812 ) ) ;
#7693 = DIRECTION ( 'NONE',  ( 1.000000000000000000, 0.000000000000000000, 0.000000000000000000 ) ) ;
#7694 = DIRECTION ( 'NONE',  ( 0.000000000000000000, -1.000000000000000000, -3.058038798877906014E-16 ) ) ;
#7695 = DIRECTION ( 'NONE',  ( -0.7071067811865462405, -0.7071067811865489050, 0.000000000000000000 ) ) ;
#7696 = ORIENTED_EDGE ( 'NONE', *, *, #3628, .T. ) ;
#7697 = ORIENTED_EDGE ( 'NONE', *, *, #754, .F. ) ;
#7698 = FILL_AREA_STYLE ('',( #653 ) ) ;
#7699 = DIRECTION ( 'NONE',  ( 0.000000000000000000, -1.000000000000000000, -1.733406087350420004E-16 ) ) ;
#7700 = ORIENTED_EDGE ( 'NONE', *, *, #1739, .T. ) ;
#7701 = EDGE_CURVE ( 'NONE', #8586, #3331, #4420, .T. ) ;
#7702 = EDGE_CURVE ( 'NONE', #3693, #621, #2581, .T. ) ;
#7703 = CARTESIAN_POINT ( 'NONE',  ( 6.794500000000001982, 8.509000000000000341, -0.4444999999999983409 ) ) ;
#7704 = AXIS2_PLACEMENT_3D ( 'NONE', #12168, #4166, #2273 ) ;
#7705 = EDGE_CURVE ( 'NONE', #3426, #11093, #5389, .T. ) ;
#7706 = ORIENTED_EDGE ( 'NONE', *, *, #10174, .T. ) ;
#7707 = EDGE_CURVE ( 'NONE', #2080, #3114, #9376, .T. ) ;
#7708 = LINE ( 'NONE', #1648, #2434 ) ;
#7709 = DIRECTION ( 'NONE',  ( -1.000000000000000000, -0.000000000000000000, -0.000000000000000000 ) ) ;
#7710 = DIRECTION ( 'NONE',  ( 0.000000000000000000, 5.691349986800550837E-16, -1.000000000000000000 ) ) ;
#7711 = CARTESIAN_POINT ( 'NONE',  ( -6.349999999999999645, 4.336808689942017736E-16, -2.159000000000001140 ) ) ;
#7712 = PLANE ( 'NONE',  #6994 ) ;
#7713 = ORIENTED_EDGE ( 'NONE', *, *, #1388, .F. ) ;
#7714 = DIRECTION ( 'NONE',  ( 0.000000000000000000, 0.000000000000000000, -1.000000000000000000 ) ) ;
#7715 = DIRECTION ( 'NONE',  ( 0.000000000000000000, -0.000000000000000000, -1.000000000000000000 ) ) ;
#7716 = ORIENTED_EDGE ( 'NONE', *, *, #2679, .F. ) ;
#7717 = EDGE_CURVE ( 'NONE', #6239, #8645, #11349, .T. ) ;
#7718 = LINE ( 'NONE', #8697, #12799 ) ;
#7719 = ORIENTED_EDGE ( 'NONE', *, *, #7344, .T. ) ;
#7720 = CARTESIAN_POINT ( 'NONE',  ( 12.31900000000000084, 7.239000000000000767, 0.8889999999999997904 ) ) ;
#7721 = DIRECTION ( 'NONE',  ( 0.000000000000000000, 0.2588190451025140226, -0.9659258262890701996 ) ) ;
#7722 = CARTESIAN_POINT ( 'NONE',  ( 6.350000000000001421, 4.336808689942017736E-16, -2.159000000000001140 ) ) ;
#7723 = DIRECTION ( 'NONE',  ( 0.000000000000000000, -1.733406087350420004E-16, 1.000000000000000000 ) ) ;
#7724 = CARTESIAN_POINT ( 'NONE',  ( 2.666999999999999371, 7.810500000000002885, -1.143000000000000460 ) ) ;
#7725 = CARTESIAN_POINT ( 'NONE',  ( 10.54100000000000215, 8.064499999999998892, 1.651000000000000023 ) ) ;
#7726 = ORIENTED_EDGE ( 'NONE', *, *, #9222, .T. ) ;
#7727 = ORIENTED_EDGE ( 'NONE', *, *, #10003, .F. ) ;
#7728 = EDGE_LOOP ( 'NONE', ( #8907, #5424, #5069, #11037, #7758, #3648, #2064, #12635 ) ) ;
#7729 = CARTESIAN_POINT ( 'NONE',  ( 11.43000000000000327, 0.5080000000000000071, 2.022881810244992806 ) ) ;
#7730 = VECTOR ( 'NONE', #12450, 1000.000000000000000 ) ;
#7731 = APPLICATION_CONTEXT ( 'automotive_design' ) ;
#7732 = EDGE_LOOP ( 'NONE', ( #5774, #11940, #575, #6371 ) ) ;
#7733 = LINE ( 'NONE', #12545, #3242 ) ;
#7734 = DIRECTION ( 'NONE',  ( -1.000000000000000000, -0.000000000000000000, -0.000000000000000000 ) ) ;
#7735 =( NAMED_UNIT ( * ) SI_UNIT ( $, .STERADIAN. ) SOLID_ANGLE_UNIT ( ) );
#7736 = DIRECTION ( 'NONE',  ( -0.000000000000000000, 1.000000000000000000, 1.733406087350420004E-16 ) ) ;
#7737 = PLANE ( 'NONE',  #6910 ) ;
#7738 = FACE_OUTER_BOUND ( 'NONE', #5237, .T. ) ;
#7739 = CARTESIAN_POINT ( 'NONE',  ( -6.349999999999999645, 0.5080000000000000071, 2.022881810244992806 ) ) ;
#7740 = ORIENTED_EDGE ( 'NONE', *, *, #8083, .F. ) ;
#7741 = ORIENTED_EDGE ( 'NONE', *, *, #5447, .T. ) ;
#7742 = VERTEX_POINT ( 'NONE', #6407 ) ;
#7743 = CARTESIAN_POINT ( 'NONE',  ( 4.699000000000001620, 8.064499999999998892, 0.8889999999999999014 ) ) ;
#7744 = AXIS2_PLACEMENT_3D ( 'NONE', #4059, #7979, #6135 ) ;
#7745 = ORIENTED_EDGE ( 'NONE', *, *, #11834, .F. ) ;
#7746 = PLANE ( 'NONE',  #4067 ) ;
#7747 = CARTESIAN_POINT ( 'NONE',  ( -3.809999999999999165, 8.509000000000000341, 2.540000000000001812 ) ) ;
#7748 = EDGE_CURVE ( 'NONE', #11557, #2175, #4395, .T. ) ;
#7749 = SURFACE_SIDE_STYLE ('',( #10127 ) ) ;
#7750 = DIRECTION ( 'NONE',  ( 0.000000000000000000, -0.7071067811865475727, 0.7071067811865475727 ) ) ;
#7751 = DIRECTION ( 'NONE',  ( -1.000000000000000000, -0.000000000000000000, -0.000000000000000000 ) ) ;
#7752 = CARTESIAN_POINT ( 'NONE',  ( -12.31900000000000084, 8.064499999999998892, 1.651000000000000023 ) ) ;
#7753 = CARTESIAN_POINT ( 'NONE',  ( 7.747000000000000774, 7.810499999999998444, 1.143000000000000016 ) ) ;
#7754 = VECTOR ( 'NONE', #3473, 1000.000000000000000 ) ;
#7755 = VECTOR ( 'NONE', #9854, 1000.000000000000000 ) ;
#7756 = DIRECTION ( 'NONE',  ( 0.000000000000000000, -1.733406087350420004E-16, 1.000000000000000000 ) ) ;
#7757 = ORIENTED_EDGE ( 'NONE', *, *, #9200, .F. ) ;
#7758 = ORIENTED_EDGE ( 'NONE', *, *, #1239, .F. ) ;
#7759 = DIRECTION ( 'NONE',  ( 0.000000000000000000, 0.000000000000000000, -1.000000000000000000 ) ) ;
#7760 = DIRECTION ( 'NONE',  ( -0.000000000000000000, 0.2588190451025140781, 0.9659258262890700886 ) ) ;
#7761 = ORIENTED_EDGE ( 'NONE', *, *, #3241, .F. ) ;
#7762 = EDGE_CURVE ( 'NONE', #3327, #10169, #274, .T. ) ;
#7763 = AXIS2_PLACEMENT_3D ( 'NONE', #9169, #9310, #4091 ) ;
#7764 = VECTOR ( 'NONE', #9559, 1000.000000000000000 ) ;
#7765 = EDGE_CURVE ( 'NONE', #8028, #9071, #404, .T. ) ;
#7766 = VECTOR ( 'NONE', #10848, 1000.000000000000000 ) ;
#7767 = ORIENTED_EDGE ( 'NONE', *, *, #11356, .T. ) ;
#7768 = CARTESIAN_POINT ( 'NONE',  ( 17.39900000000000091, 8.064499999999998892, 1.651000000000000023 ) ) ;
#7769 = LINE ( 'NONE', #11731, #6649 ) ;
#7770 = EDGE_CURVE ( 'NONE', #10002, #1547, #7133, .T. ) ;
#7771 = CARTESIAN_POINT ( 'NONE',  ( 6.350000000000001421, 0.000000000000000000, 2.539999999999999147 ) ) ;
#7772 = DIRECTION ( 'NONE',  ( 0.000000000000000000, 3.058038798877906014E-16, -1.000000000000000000 ) ) ;
#7773 = DIRECTION ( 'NONE',  ( 0.000000000000000000, 0.000000000000000000, 1.000000000000000000 ) ) ;
#7774 = ORIENTED_EDGE ( 'NONE', *, *, #4835, .T. ) ;
#7775 = EDGE_CURVE ( 'NONE', #12666, #9596, #3278, .T. ) ;
#7776 = VECTOR ( 'NONE', #9670, 1000.000000000000000 ) ;
#7777 =( NAMED_UNIT ( * ) PLANE_ANGLE_UNIT ( ) SI_UNIT ( $, .RADIAN. ) );
#7778 = LINE ( 'NONE', #4906, #5484 ) ;
#7779 = ADVANCED_FACE ( 'NONE', ( #12327 ), #209, .F. ) ;
#7780 = ORIENTED_EDGE ( 'NONE', *, *, #7861, .T. ) ;
#7781 = EDGE_CURVE ( 'NONE', #11816, #969, #12262, .T. ) ;
#7782 = ADVANCED_FACE ( 'NONE', ( #6211 ), #3207, .F. ) ;
#7783 = LINE ( 'NONE', #1062, #3662 ) ;
#7784 = ORIENTED_EDGE ( 'NONE', *, *, #3636, .F. ) ;
#7785 = DIRECTION ( 'NONE',  ( 1.000000000000000000, 0.000000000000000000, 0.000000000000000000 ) ) ;
#7786 = EDGE_CURVE ( 'NONE', #5864, #2913, #9214, .T. ) ;
#7787 = UNCERTAINTY_MEASURE_WITH_UNIT (LENGTH_MEASURE( 1.000000000000000082E-05 ), #10411, 'distance_accuracy_value', 'NONE');
#7788 = EDGE_CURVE ( 'NONE', #9129, #11175, #7191, .T. ) ;
#7789 = LINE ( 'NONE', #5765, #10891 ) ;
#7790 = DIRECTION ( 'NONE',  ( 0.000000000000000000, -0.000000000000000000, -1.000000000000000000 ) ) ;
#7791 = DIRECTION ( 'NONE',  ( 0.000000000000000000, -2.251701056906096594E-16, -1.000000000000000000 ) ) ;
#7792 = EDGE_CURVE ( 'NONE', #11416, #4958, #4133, .T. ) ;
#7793 = VECTOR ( 'NONE', #8238, 1000.000000000000000 ) ;
#7794 = CARTESIAN_POINT ( 'NONE',  ( -1.270000000000000240, 8.509000000000000341, -2.540000000000001812 ) ) ;
#7795 = PLANE ( 'NONE',  #3402 ) ;
#7796 = ORIENTED_EDGE ( 'NONE', *, *, #5467, .F. ) ;
#7797 = ORIENTED_EDGE ( 'NONE', *, *, #12534, .F. ) ;
#7798 = EDGE_LOOP ( 'NONE', ( #9363, #8150, #11034, #11688, #1948, #11995, #7039, #6136 ) ) ;
#7799 = CARTESIAN_POINT ( 'NONE',  ( 17.39900000000000091, 7.239000000000000767, 1.650999999999999801 ) ) ;
#7800 = EDGE_LOOP ( 'NONE', ( #12406, #6013, #3055, #5600 ) ) ;
#7801 = PLANE ( 'NONE',  #753 ) ;
#7802 = LINE ( 'NONE', #11761, #11896 ) ;
#7803 = ITEM_DEFINED_TRANSFORMATION ( 'NONE', 'NONE', #3938,  #2067 ) ;
#7804 = DIRECTION ( 'NONE',  ( 1.000000000000000000, 0.000000000000000000, -0.000000000000000000 ) ) ;
#7805 = DIRECTION ( 'NONE',  ( -1.000000000000000000, -0.000000000000000000, -0.000000000000000000 ) ) ;
#7806 = EDGE_CURVE ( 'NONE', #639, #1647, #11094, .T. ) ;
#7807 = CARTESIAN_POINT ( 'NONE',  ( 19.30400000000000205, 8.509000000000000341, 2.540000000000001812 ) ) ;
#7808 = CARTESIAN_POINT ( 'NONE',  ( 0.3810000000000000053, -2.692399999999994797, -1.473200000000000065 ) ) ;
#7809 = ORIENTED_EDGE ( 'NONE', *, *, #8010, .T. ) ;
#7810 = VERTEX_POINT ( 'NONE', #10124 ) ;
#7811 = VERTEX_POINT ( 'NONE', #7259 ) ;
#7812 = DIRECTION ( 'NONE',  ( 0.000000000000000000, 0.000000000000000000, -1.000000000000000000 ) ) ;
#7813 = EDGE_CURVE ( 'NONE', #2003, #11119, #1195, .T. ) ;
#7814 = ORIENTED_EDGE ( 'NONE', *, *, #12777, .F. ) ;
#7815 = FACE_OUTER_BOUND ( 'NONE', #7891, .T. ) ;
#7816 = LINE ( 'NONE', #6900, #2233 ) ;
#7817 = FACE_OUTER_BOUND ( 'NONE', #11105, .T. ) ;
#7818 = DIRECTION ( 'NONE',  ( -1.000000000000000000, 0.000000000000000000, 0.000000000000000000 ) ) ;
#7819 = PLANE ( 'NONE',  #5667 ) ;
#7820 = LINE ( 'NONE', #8009, #2488 ) ;
#7821 = VECTOR ( 'NONE', #2489, 1000.000000000000000 ) ;
#7822 =( NAMED_UNIT ( * ) SI_UNIT ( $, .STERADIAN. ) SOLID_ANGLE_UNIT ( ) );
#7823 = ORIENTED_EDGE ( 'NONE', *, *, #1010, .T. ) ;
#7824 = EDGE_LOOP ( 'NONE', ( #4052, #4962, #11395, #891, #1360, #2796 ) ) ;
#7825 = DIRECTION ( 'NONE',  ( -0.000000000000000000, 1.000000000000000000, 1.733406087350420004E-16 ) ) ;
#7826 = EDGE_LOOP ( 'NONE', ( #5833, #4114, #2898, #7242 ) ) ;
#7827 = EDGE_CURVE ( 'NONE', #2195, #3832, #11160, .T. ) ;
#7828 = VECTOR ( 'NONE', #3164, 1000.000000000000000 ) ;
#7829 = AXIS2_PLACEMENT_3D ( 'NONE', #8946, #7, #9986 ) ;
#7830 = ORIENTED_EDGE ( 'NONE', *, *, #12008, .F. ) ;
#7831 = FACE_OUTER_BOUND ( 'NONE', #10139, .T. ) ;
#7832 = LINE ( 'NONE', #5815, #6009 ) ;
#7833 = CARTESIAN_POINT ( 'NONE',  ( -16.51000000000000156, -8.578981026812224210E-17, 2.158999999999999364 ) ) ;
#7834 = LINE ( 'NONE', #7902, #8568 ) ;
#7835 = VECTOR ( 'NONE', #7136, 1000.000000000000000 ) ;
#7836 = DIRECTION ( 'NONE',  ( -0.000000000000000000, 1.000000000000000000, 5.691349986800550837E-16 ) ) ;
#7837 = ORIENTED_EDGE ( 'NONE', *, *, #11506, .F. ) ;
#7838 = VECTOR ( 'NONE', #3088, 1000.000000000000000 ) ;
#7839 = DIRECTION ( 'NONE',  ( 0.000000000000000000, 1.607907343367028359E-16, -1.000000000000000000 ) ) ;
#7840 = ORIENTED_EDGE ( 'NONE', *, *, #1714, .F. ) ;
#7841 = VECTOR ( 'NONE', #5475, 1000.000000000000000 ) ;
#7842 = VECTOR ( 'NONE', #9981, 1000.000000000000000 ) ;
#7843 = FACE_OUTER_BOUND ( 'NONE', #4377, .T. ) ;
#7844 = EDGE_LOOP ( 'NONE', ( #11658, #9878, #3912, #1827 ) ) ;
#7845 = VECTOR ( 'NONE', #1769, 1000.000000000000000 ) ;
#7846 = LINE ( 'NONE', #8823, #557 ) ;
#7847 = DIRECTION ( 'NONE',  ( 0.000000000000000000, 5.691349986800550837E-16, -1.000000000000000000 ) ) ;
#7848 = EDGE_CURVE ( 'NONE', #2897, #5114, #3344, .T. ) ;
#7849 = PRESENTATION_STYLE_ASSIGNMENT (( #2045 ) ) ;
#7850 = CARTESIAN_POINT ( 'NONE',  ( -2.920999999999999819, 7.239000000000000767, 1.650999999999999801 ) ) ;
#7851 = FACE_OUTER_BOUND ( 'NONE', #6402, .T. ) ;
#7852 = ORIENTED_EDGE ( 'NONE', *, *, #8851, .F. ) ;
#7853 = VECTOR ( 'NONE', #4104, 1000.000000000000000 ) ;
#7854 = CARTESIAN_POINT ( 'NONE',  ( 19.30400000000000205, 6.505213034913026604E-16, -2.540000000000000924 ) ) ;
#7855 = CARTESIAN_POINT ( 'NONE',  ( 5.461000000000000298, 7.239000000000000767, -0.8890000000000001235 ) ) ;
#7856 = ORIENTED_EDGE ( 'NONE', *, *, #5551, .F. ) ;
#7857 = ORIENTED_EDGE ( 'NONE', *, *, #7244, .T. ) ;
#7858 = ORIENTED_EDGE ( 'NONE', *, *, #9044, .T. ) ;
#7859 = CARTESIAN_POINT ( 'NONE',  ( -6.349999999999999645, 0.5080000000000000071, 2.022881810244992806 ) ) ;
#7860 = VECTOR ( 'NONE', #836, 1000.000000000000000 ) ;
#7861 = EDGE_CURVE ( 'NONE', #12160, #194, #5295, .T. ) ;
#7862 = ADVANCED_FACE ( 'NONE', ( #11287, #2360, #6340 ), #10315, .F. ) ;
#7863 = ORIENTED_EDGE ( 'NONE', *, *, #11677, .T. ) ;
#7864 = VECTOR ( 'NONE', #10301, 1000.000000000000000 ) ;
#7865 = LINE ( 'NONE', #12011, #2403 ) ;
#7866 = EDGE_CURVE ( 'NONE', #10779, #2912, #3321, .T. ) ;
#7867 = CARTESIAN_POINT ( 'NONE',  ( 16.51000000000000156, 6.505213034913026604E-16, -2.540000000000000924 ) ) ;
#7868 = VECTOR ( 'NONE', #11256, 1000.000000000000114 ) ;
#7869 = CARTESIAN_POINT ( 'NONE',  ( 12.69999999999999929, 0.000000000000000000, 0.000000000000000000 ) ) ;
#7870 = CARTESIAN_POINT ( 'NONE',  ( 1.270000000000000240, 0.000000000000000000, 0.000000000000000000 ) ) ;
#7871 = DIRECTION ( 'NONE',  ( 0.000000000000000000, 0.000000000000000000, -1.000000000000000000 ) ) ;
#7872 = DIRECTION ( 'NONE',  ( 0.000000000000000000, 0.000000000000000000, -1.000000000000000000 ) ) ;
#7873 = CARTESIAN_POINT ( 'NONE',  ( 3.810000000000000941, 0.000000000000000000, 2.539999999999999147 ) ) ;
#7874 = VERTEX_POINT ( 'NONE', #10036 ) ;
#7875 = ORIENTED_EDGE ( 'NONE', *, *, #11533, .F. ) ;
#7876 = VERTEX_POINT ( 'NONE', #6061 ) ;
#7877 = DIRECTION ( 'NONE',  ( 0.000000000000000000, 1.000000000000000000, 1.733406087350420004E-16 ) ) ;
#7878 = VECTOR ( 'NONE', #7339, 1000.000000000000000 ) ;
#7879 = ORIENTED_EDGE ( 'NONE', *, *, #5375, .F. ) ;
#7880 = ADVANCED_FACE ( 'NONE', ( #7049 ), #6119, .F. ) ;
#7881 = CARTESIAN_POINT ( 'NONE',  ( -1.270000000000000240, 8.509000000000000341, 2.540000000000001812 ) ) ;
#7882 = CARTESIAN_POINT ( 'NONE',  ( -8.000999999999999446, 8.064499999999998892, 1.650999999999999801 ) ) ;
#7883 = CARTESIAN_POINT ( 'NONE',  ( 1.270000000000000240, 0.000000000000000000, 0.000000000000000000 ) ) ;
#7884 = LINE ( 'NONE', #1041, #7626 ) ;
#7885 = DIRECTION ( 'NONE',  ( 0.000000000000000000, 3.058038798877906014E-16, -1.000000000000000000 ) ) ;
#7886 = EDGE_CURVE ( 'NONE', #601, #1704, #2146, .T. ) ;
#7887 = CARTESIAN_POINT ( 'NONE',  ( -6.349999999999999645, 4.336808689942017736E-16, -2.159000000000001140 ) ) ;
#7888 = VECTOR ( 'NONE', #11321, 1000.000000000000000 ) ;
#7889 = DIRECTION ( 'NONE',  ( 1.000000000000000000, 0.000000000000000000, 0.000000000000000000 ) ) ;
#7890 = ORIENTED_EDGE ( 'NONE', *, *, #6224, .T. ) ;
#7891 = EDGE_LOOP ( 'NONE', ( #833, #7784, #2744, #10099 ) ) ;
#7892 = LINE ( 'NONE', #11120, #9318 ) ;
#7893 = LINE ( 'NONE', #1830, #7658 ) ;
#7894 = EDGE_LOOP ( 'NONE', ( #7719, #7534, #9444, #8782 ) ) ;
#7895 = VECTOR ( 'NONE', #6842, 1000.000000000000000 ) ;
#7896 = DIRECTION ( 'NONE',  ( -0.000000000000000000, 0.2588190451025140781, 0.9659258262890700886 ) ) ;
#7897 = CARTESIAN_POINT ( 'NONE',  ( 3.810000000000000941, 0.000000000000000000, 2.539999999999999147 ) ) ;
#7898 = DIRECTION ( 'NONE',  ( 0.000000000000000000, 0.9659258262890701996, 0.2588190451025140226 ) ) ;
#7899 = EDGE_CURVE ( 'NONE', #1623, #9173, #8145, .T. ) ;
#7900 = DIRECTION ( 'NONE',  ( 1.000000000000000000, 0.000000000000000000, 0.000000000000000000 ) ) ;
#7901 = EDGE_CURVE ( 'NONE', #11064, #1333, #11070, .T. ) ;
#7902 = CARTESIAN_POINT ( 'NONE',  ( 11.42999999999999972, 6.505213034913026604E-16, -2.540000000000000924 ) ) ;
#7903 = DIRECTION ( 'NONE',  ( -1.000000000000000000, 0.000000000000000000, 0.000000000000000000 ) ) ;
#7904 = ORIENTED_EDGE ( 'NONE', *, *, #4811, .F. ) ;
#7905 = FACE_BOUND ( 'NONE', #10987, .T. ) ;
#7906 = FACE_OUTER_BOUND ( 'NONE', #9333, .T. ) ;
#7907 = ORIENTED_EDGE ( 'NONE', *, *, #195, .T. ) ;
#7908 = VECTOR ( 'NONE', #8988, 1000.000000000000000 ) ;
#7909 = EDGE_CURVE ( 'NONE', #1387, #7811, #310, .T. ) ;
#7910 = DIRECTION ( 'NONE',  ( 0.000000000000000000, -0.000000000000000000, -1.000000000000000000 ) ) ;
#7911 = ORIENTED_EDGE ( 'NONE', *, *, #11084, .T. ) ;
#7912 = CARTESIAN_POINT ( 'NONE',  ( 13.08099999999999952, 7.239000000000000767, 0.8889999999999997904 ) ) ;
#7913 = VECTOR ( 'NONE', #3170, 1000.000000000000000 ) ;
#7914 = LINE ( 'NONE', #2949, #5999 ) ;
#7915 = EDGE_CURVE ( 'NONE', #3118, #11704, #5207, .T. ) ;
#7916 = FILL_AREA_STYLE ('',( #4124 ) ) ;
#7917 = DIRECTION ( 'NONE',  ( 0.5773502691896272854, -0.5773502691896250649, -0.5773502691896250649 ) ) ;
#7918 = FACE_OUTER_BOUND ( 'NONE', #9949, .T. ) ;
#7919 = DIRECTION ( 'NONE',  ( 0.000000000000000000, -0.000000000000000000, -1.000000000000000000 ) ) ;
#7920 = FACE_OUTER_BOUND ( 'NONE', #2770, .T. ) ;
#7921 = ORIENTED_EDGE ( 'NONE', *, *, #6277, .T. ) ;
#7922 = ORIENTED_EDGE ( 'NONE', *, *, #1794, .F. ) ;
#7923 = ORIENTED_EDGE ( 'NONE', *, *, #342, .T. ) ;
#7924 = CARTESIAN_POINT ( 'NONE',  ( 9.779000000000003467, 8.064500000000002444, -0.8890000000000000124 ) ) ;
#7925 = EDGE_CURVE ( 'NONE', #1684, #2138, #10289, .T. ) ;
#7926 = VERTEX_POINT ( 'NONE', #9180 ) ;
#7927 = DIRECTION ( 'NONE',  ( 0.5773502691896268413, 0.5773502691896247319, -0.5773502691896256200 ) ) ;
#7928 = CARTESIAN_POINT ( 'NONE',  ( 2.920999999999999819, 7.239000000000000767, 1.650999999999999801 ) ) ;
#7929 = EDGE_CURVE ( 'NONE', #7982, #3692, #12235, .T. ) ;
#7930 = CARTESIAN_POINT ( 'NONE',  ( 13.52550000000000274, 8.509000000000000341, -2.540000000000001812 ) ) ;
#7931 = EDGE_CURVE ( 'NONE', #3992, #482, #11200, .T. ) ;
#7932 = CARTESIAN_POINT ( 'NONE',  ( 16.51000000000000156, 0.000000000000000000, 0.000000000000000000 ) ) ;
#7933 = PLANE ( 'NONE',  #1109 ) ;
#7934 = ORIENTED_EDGE ( 'NONE', *, *, #9467, .T. ) ;
#7935 = ORIENTED_EDGE ( 'NONE', *, *, #9458, .F. ) ;
#7936 = ORIENTED_EDGE ( 'NONE', *, *, #8813, .T. ) ;
#7937 = DIRECTION ( 'NONE',  ( -1.000000000000000000, 0.000000000000000000, 0.000000000000000000 ) ) ;
#7938 = EDGE_CURVE ( 'NONE', #1303, #12557, #4228, .T. ) ;
#7939 = EDGE_CURVE ( 'NONE', #7982, #3177, #5089, .T. ) ;
#7940 = EDGE_CURVE ( 'NONE', #8357, #1235, #184, .T. ) ;
#7941 = ORIENTED_EDGE ( 'NONE', *, *, #12612, .F. ) ;
#7942 = DIRECTION ( 'NONE',  ( -0.000000000000000000, -0.7071067811865501263, -0.7071067811865449082 ) ) ;
#7943 = CARTESIAN_POINT ( 'NONE',  ( -2.920999999999999819, 7.239000000000000767, -0.8890000000000001235 ) ) ;
#7944 = CARTESIAN_POINT ( 'NONE',  ( 13.97000000000000064, -8.578981026812224210E-17, 2.158999999999999364 ) ) ;
#7945 = DIRECTION ( 'NONE',  ( 0.000000000000000000, 0.000000000000000000, 1.000000000000000000 ) ) ;
#7946 = EDGE_CURVE ( 'NONE', #10025, #5265, #4164, .T. ) ;
#7947 = DIRECTION ( 'NONE',  ( 0.000000000000000000, 0.000000000000000000, -1.000000000000000000 ) ) ;
#7948 = LINE ( 'NONE', #12693, #7074 ) ;
#7949 = PLANE ( 'NONE',  #12735 ) ;
#7950 = VERTEX_POINT ( 'NONE', #5273 ) ;
#7951 = ORIENTED_EDGE ( 'NONE', *, *, #4768, .F. ) ;
#7952 = EDGE_LOOP ( 'NONE', ( #8395, #3644, #10410, #6270 ) ) ;
#7953 = ADVANCED_FACE ( 'NONE', ( #12100 ), #9249, .F. ) ;
#7954 = VECTOR ( 'NONE', #9329, 1000.000000000000114 ) ;
#7955 = VECTOR ( 'NONE', #426, 1000.000000000000114 ) ;
#7956 = FACE_OUTER_BOUND ( 'NONE', #6208, .T. ) ;
#7957 = DIRECTION ( 'NONE',  ( 0.000000000000000000, -1.000000000000000000, 1.019346266292635338E-16 ) ) ;
#7958 = ORIENTED_EDGE ( 'NONE', *, *, #12384, .F. ) ;
#7959 = ORIENTED_EDGE ( 'NONE', *, *, #7239, .T. ) ;
#7960 = VECTOR ( 'NONE', #5370, 1000.000000000000000 ) ;
#7961 = DIRECTION ( 'NONE',  ( 0.000000000000000000, -0.7071067811865475727, 0.7071067811865475727 ) ) ;
#7962 = CLOSED_SHELL ( 'NONE', ( #4757, #4342, #9282, #31, #9028, #5344, #6529, #7286, #6560, #3978, #6695, #5220, #6020, #1659, #10144, #1834, #1477, #6014, #3861, #5682, #5060, #12705, #12835, #8112, #3562, #9979, #5381, #9111 ) ) ;
#7963 = CARTESIAN_POINT ( 'NONE',  ( -8.890000000000000568, 6.505213034913026604E-16, -2.540000000000000924 ) ) ;
#7964 = CARTESIAN_POINT ( 'NONE',  ( 4.699000000000001620, 8.064500000000002444, -0.8890000000000000124 ) ) ;
#7965 = DIRECTION ( 'NONE',  ( -0.7071067811865462405, -0.7071067811865489050, 0.000000000000000000 ) ) ;
#7966 = CARTESIAN_POINT ( 'NONE',  ( -2.920999999999999819, 8.064500000000002444, -1.650999999999999801 ) ) ;
#7967 = EDGE_LOOP ( 'NONE', ( #5213, #12191, #3024, #11249 ) ) ;
#7968 = ADVANCED_FACE ( 'NONE', ( #3251 ), #4299, .F. ) ;
#7969 = FACE_OUTER_BOUND ( 'NONE', #7014, .T. ) ;
#7970 = ORIENTED_EDGE ( 'NONE', *, *, #1239, .T. ) ;
#7971 = PRESENTATION_LAYER_ASSIGNMENT (  '', '', ( #5461 ) ) ;
#7972 = VECTOR ( 'NONE', #6376, 1000.000000000000000 ) ;
#7973 = LINE ( 'NONE', #5885, #6579 ) ;
#7974 = ORIENTED_EDGE ( 'NONE', *, *, #4253, .T. ) ;
#7975 = LINE ( 'NONE', #938, #9317 ) ;
#7976 = LINE ( 'NONE', #1066, #8510 ) ;
#7977 = VECTOR ( 'NONE', #12404, 1000.000000000000000 ) ;
#7978 = PLANE ( 'NONE',  #4713 ) ;
#7979 = DIRECTION ( 'NONE',  ( 0.000000000000000000, 3.058038798877906014E-16, -1.000000000000000000 ) ) ;
#7980 = DIRECTION ( 'NONE',  ( 0.000000000000000000, -2.251701056906096594E-16, -1.000000000000000000 ) ) ;
#7981 = PLANE ( 'NONE',  #11301 ) ;
#7982 = VERTEX_POINT ( 'NONE', #4106 ) ;
#7983 = ORIENTED_EDGE ( 'NONE', *, *, #1937, .F. ) ;
#7984 = ORIENTED_EDGE ( 'NONE', *, *, #7463, .F. ) ;
#7985 = VECTOR ( 'NONE', #8114, 1000.000000000000000 ) ;
#7986 = CARTESIAN_POINT ( 'NONE',  ( -19.05000000000000071, 4.336808689942017736E-16, -2.159000000000001140 ) ) ;
#7987 = VECTOR ( 'NONE', #10465, 1000.000000000000000 ) ;
#7988 = ADVANCED_FACE ( 'NONE', ( #4368 ), #8088, .F. ) ;
#7989 = VECTOR ( 'NONE', #5632, 1000.000000000000000 ) ;
#7990 = ORIENTED_EDGE ( 'NONE', *, *, #4353, .T. ) ;
#7991 = DIRECTION ( 'NONE',  ( 0.000000000000000000, -0.9659258262890700886, 0.2588190451025140781 ) ) ;
#7992 = LINE ( 'NONE', #6775, #3608 ) ;
#7993 = CONTEXT_DEPENDENT_SHAPE_REPRESENTATION ( #7304, #6158 ) ;
#7994 = CARTESIAN_POINT ( 'NONE',  ( 10.54100000000000215, 7.239000000000000767, 0.8889999999999997904 ) ) ;
#7995 = CARTESIAN_POINT ( 'NONE',  ( 10.98550000000000537, 8.509000000000000341, 2.095500000000002139 ) ) ;
#7996 = PLANE ( 'NONE',  #8043 ) ;
#7997 = LINE ( 'NONE', #10013, #9647 ) ;
#7998 = ORIENTED_EDGE ( 'NONE', *, *, #9134, .F. ) ;
#7999 = ORIENTED_EDGE ( 'NONE', *, *, #3551, .F. ) ;
#8000 = ORIENTED_EDGE ( 'NONE', *, *, #8910, .F. ) ;
#8001 = CARTESIAN_POINT ( 'NONE',  ( 6.350000000000001421, 8.509000000000000341, 2.540000000000001812 ) ) ;
#8002 = VERTEX_POINT ( 'NONE', #2666 ) ;
#8003 = LINE ( 'NONE', #9163, #2831 ) ;
#8004 = LINE ( 'NONE', #6164, #6846 ) ;
#8005 = LINE ( 'NONE', #1096, #4354 ) ;
#8006 = DIRECTION ( 'NONE',  ( -1.000000000000000000, 0.000000000000000000, 0.000000000000000000 ) ) ;
#8007 = ADVANCED_FACE ( 'NONE', ( #8605 ), #9588, .F. ) ;
#8008 = LINE ( 'NONE', #4794, #906 ) ;
#8009 = CARTESIAN_POINT ( 'NONE',  ( 13.08099999999999952, 7.239000000000000767, 0.8889999999999997904 ) ) ;
#8010 = EDGE_CURVE ( 'NONE', #5863, #12446, #11523, .T. ) ;
#8011 = DIRECTION ( 'NONE',  ( 1.000000000000000000, 0.000000000000000000, 0.000000000000000000 ) ) ;
#8012 = ORIENTED_EDGE ( 'NONE', *, *, #60, .T. ) ;
#8013 = ORIENTED_EDGE ( 'NONE', *, *, #10702, .F. ) ;
#8014 = VERTEX_POINT ( 'NONE', #8670 ) ;
#8015 = SURFACE_STYLE_FILL_AREA ( #4095 ) ;
#8016 = CARTESIAN_POINT ( 'NONE',  ( -0.3809999999999993947, 7.239000000000000767, -0.8890000000000001235 ) ) ;
#8017 = ORIENTED_EDGE ( 'NONE', *, *, #3143, .F. ) ;
#8018 = EDGE_CURVE ( 'NONE', #751, #1705, #1430, .T. ) ;
#8019 = EDGE_CURVE ( 'NONE', #4958, #10842, #10549, .T. ) ;
#8020 = CARTESIAN_POINT ( 'NONE',  ( -15.62099999999999866, 8.064500000000002444, -0.8890000000000000124 ) ) ;
#8021 = EDGE_CURVE ( 'NONE', #11705, #8465, #3652, .T. ) ;
#8023 = DIRECTION ( 'NONE',  ( 0.000000000000000000, -0.000000000000000000, -1.000000000000000000 ) ) ;
#8022 = VECTOR ( 'NONE', #10981, 1000.000000000000000 ) ;
#8024 = CARTESIAN_POINT ( 'NONE',  ( -3.809999999999999165, 0.5080000000000000071, 2.022881810244992806 ) ) ;
#8025 = PLANE ( 'NONE',  #12752 ) ;
#8026 = FACE_OUTER_BOUND ( 'NONE', #2478, .T. ) ;
#8027 = LINE ( 'NONE', #11860, #8869 ) ;
#8028 = VERTEX_POINT ( 'NONE', #9649 ) ;
#8029 = DIRECTION ( 'NONE',  ( 0.000000000000000000, 1.000000000000000000, 1.733406087350420004E-16 ) ) ;
#8030 = AXIS2_PLACEMENT_3D ( 'NONE', #2129, #2005, #5982 ) ;
#8031 = DIRECTION ( 'NONE',  ( -0.000000000000000000, 0.000000000000000000, -1.000000000000000000 ) ) ;
#8032 = VERTEX_POINT ( 'NONE', #713 ) ;
#8033 = VECTOR ( 'NONE', #1060, 1000.000000000000000 ) ;
#8034 = VECTOR ( 'NONE', #10447, 1000.000000000000000 ) ;
#8035 = CARTESIAN_POINT ( 'NONE',  ( -2.920999999999999819, 8.064500000000002444, -0.8890000000000000124 ) ) ;
#8036 = ORIENTED_EDGE ( 'NONE', *, *, #9260, .F. ) ;
#8037 = EDGE_CURVE ( 'NONE', #3237, #3106, #8411, .T. ) ;
#8038 = AXIS2_PLACEMENT_3D ( 'NONE', #10527, #8523, #12477 ) ;
#8039 = PLANE ( 'NONE',  #5147 ) ;
#8040 = DIRECTION ( 'NONE',  ( -0.5773502691896259531, -0.5773502691896237327, -0.5773502691896276184 ) ) ;
#8041 = UNCERTAINTY_MEASURE_WITH_UNIT (LENGTH_MEASURE( 1.000000000000000082E-05 ), #3230, 'distance_accuracy_value', 'NONE');
#8042 = CARTESIAN_POINT ( 'NONE',  ( -7.239000000000000767, 8.064500000000002444, -1.650999999999999801 ) ) ;
#8043 = AXIS2_PLACEMENT_3D ( 'NONE', #10261, #6092, #10067 ) ;
#8044 = DIRECTION ( 'NONE',  ( 0.5773502691896259531, -0.5773502691896237327, -0.5773502691896276184 ) ) ;
#8045 = VECTOR ( 'NONE', #9107, 1000.000000000000000 ) ;
#8046 = CARTESIAN_POINT ( 'NONE',  ( -10.54100000000000037, 8.064499999999998892, 1.650999999999999801 ) ) ;
#8047 = EDGE_CURVE ( 'NONE', #8822, #3959, #4570, .T. ) ;
#8048 = EDGE_LOOP ( 'NONE', ( #4695, #5663, #237, #11329 ) ) ;
#8049 = DIRECTION ( 'NONE',  ( 0.000000000000000000, 0.000000000000000000, -1.000000000000000000 ) ) ;
#8050 = DIRECTION ( 'NONE',  ( -1.000000000000000000, -0.000000000000000000, -0.000000000000000000 ) ) ;
#8051 = EDGE_LOOP ( 'NONE', ( #2246, #287, #9843, #3661 ) ) ;
#8052 = VERTEX_POINT ( 'NONE', #1496 ) ;
#8053 = AXIS2_PLACEMENT_3D ( 'NONE', #7466, #8379, #6552 ) ;
#8054 = ORIENTED_EDGE ( 'NONE', *, *, #8099, .T. ) ;
#8055 = DIRECTION ( 'NONE',  ( -1.000000000000000000, -0.000000000000000000, -0.000000000000000000 ) ) ;
#8056 = PRESENTATION_STYLE_ASSIGNMENT (( #5117 ) ) ;
#8057 = CARTESIAN_POINT ( 'NONE',  ( 8.001000000000001222, 7.239000000000000767, 1.650999999999999801 ) ) ;
#8058 = LINE ( 'NONE', #281, #7323 ) ;
#8059 = EDGE_CURVE ( 'NONE', #9495, #8032, #7627, .T. ) ;
#8060 = CARTESIAN_POINT ( 'NONE',  ( -10.54100000000000037, 7.239000000000000767, -1.651000000000000023 ) ) ;
#8061 = MECHANICAL_DESIGN_GEOMETRIC_PRESENTATION_REPRESENTATION (  '', ( #1609 ), #3896 ) ;
#8062 = DIRECTION ( 'NONE',  ( 0.000000000000000000, -1.000000000000000000, 1.019346266292635461E-16 ) ) ;
#8063 = ORIENTED_EDGE ( 'NONE', *, *, #5068, .T. ) ;
#8064 = ORIENTED_EDGE ( 'NONE', *, *, #4066, .F. ) ;
#8065 = ORIENTED_EDGE ( 'NONE', *, *, #5138, .F. ) ;
#8066 = VECTOR ( 'NONE', #2347, 1000.000000000000000 ) ;
#8067 = ORIENTED_EDGE ( 'NONE', *, *, #6819, .T. ) ;
#8068 = EDGE_CURVE ( 'NONE', #1855, #8976, #9520, .T. ) ;
#8069 = VECTOR ( 'NONE', #706, 1000.000000000000000 ) ;
#8070 = CARTESIAN_POINT ( 'NONE',  ( -13.52549999999999919, 8.509000000000000341, -2.540000000000001812 ) ) ;
#8071 = DIRECTION ( 'NONE',  ( 0.000000000000000000, 0.000000000000000000, -1.000000000000000000 ) ) ;
#8072 = DIRECTION ( 'NONE',  ( 0.000000000000000000, 0.000000000000000000, 1.000000000000000000 ) ) ;
#8073 = DIRECTION ( 'NONE',  ( 1.000000000000000000, 0.000000000000000000, 0.000000000000000000 ) ) ;
#8074 = CARTESIAN_POINT ( 'NONE',  ( -16.51000000000000156, 0.000000000000000000, 2.539999999999999147 ) ) ;
#8075 = DIRECTION ( 'NONE',  ( 1.000000000000000000, 0.000000000000000000, 0.000000000000000000 ) ) ;
#8076 = CARTESIAN_POINT ( 'NONE',  ( -15.11300000000000132, 7.810499999999998444, 1.397000000000000242 ) ) ;
#8077 = EDGE_LOOP ( 'NONE', ( #7809, #8435, #3972, #11001 ) ) ;
#8078 = ORIENTED_EDGE ( 'NONE', *, *, #10520, .T. ) ;
#8079 = VERTEX_POINT ( 'NONE', #4700 ) ;
#8080 = PRESENTATION_STYLE_ASSIGNMENT (( #8936 ) ) ;
#8081 = VECTOR ( 'NONE', #12562, 1000.000000000000000 ) ;
#8082 = ORIENTED_EDGE ( 'NONE', *, *, #8997, .F. ) ;
#8083 = EDGE_CURVE ( 'NONE', #4991, #2973, #4502, .T. ) ;
#8084 = CARTESIAN_POINT ( 'NONE',  ( -8.890000000000000568, 4.336808689942017736E-16, -2.159000000000001140 ) ) ;
#8085 = VECTOR ( 'NONE', #10020, 1000.000000000000000 ) ;
#8086 = CARTESIAN_POINT ( 'NONE',  ( 4.699000000000001620, 7.239000000000000767, -1.651000000000000023 ) ) ;
#8087 = DIRECTION ( 'NONE',  ( 0.000000000000000000, 5.691349986800550837E-16, -1.000000000000000000 ) ) ;
#8088 = PLANE ( 'NONE',  #1166 ) ;
#8089 = DIRECTION ( 'NONE',  ( 1.000000000000000000, 0.000000000000000000, 0.000000000000000000 ) ) ;
#8090 = LINE ( 'NONE', #9859, #11459 ) ;
#8091 = CARTESIAN_POINT ( 'NONE',  ( -16.51000000000000156, 0.000000000000000000, 2.539999999999999147 ) ) ;
#8092 = EDGE_CURVE ( 'NONE', #4284, #10016, #446, .T. ) ;
#8093 = ORIENTED_EDGE ( 'NONE', *, *, #9285, .T. ) ;
#8094 = EDGE_CURVE ( 'NONE', #7171, #12532, #11390, .T. ) ;
#8095 = DIRECTION ( 'NONE',  ( 0.000000000000000000, 1.733406087350420004E-16, -1.000000000000000000 ) ) ;
#8096 = LINE ( 'NONE', #7055, #1351 ) ;
#8097 = VERTEX_POINT ( 'NONE', #8478 ) ;
#8098 = VECTOR ( 'NONE', #11522, 1000.000000000000000 ) ;
#8099 = EDGE_CURVE ( 'NONE', #5114, #2639, #12435, .T. ) ;
#8100 = EDGE_CURVE ( 'NONE', #8216, #824, #11590, .T. ) ;
#8101 = CARTESIAN_POINT ( 'NONE',  ( 3.810000000000000941, 8.509000000000000341, -2.095500000000001695 ) ) ;
#8102 = ORIENTED_EDGE ( 'NONE', *, *, #10475, .F. ) ;
#8103 = CARTESIAN_POINT ( 'NONE',  ( -11.87449999999999939, 8.509000000000000341, -2.095500000000001695 ) ) ;
#8104 = FACE_OUTER_BOUND ( 'NONE', #3014, .T. ) ;
#8105 = AXIS2_PLACEMENT_3D ( 'NONE', #12676, #3634, #4747 ) ;
#8106 = CARTESIAN_POINT ( 'NONE',  ( 3.365500000000000380, 8.509000000000000341, -0.4444999999999983409 ) ) ;
#8107 = LINE ( 'NONE', #3140, #11485 ) ;
#8108 = ORIENTED_EDGE ( 'NONE', *, *, #6073, .F. ) ;
#8109 = CARTESIAN_POINT ( 'NONE',  ( -16.51000000000000156, -8.578981026812224210E-17, 2.158999999999999364 ) ) ;
#8110 = DIRECTION ( 'NONE',  ( 0.000000000000000000, -1.000000000000000000, 0.000000000000000000 ) ) ;
#8111 = ORIENTED_EDGE ( 'NONE', *, *, #7901, .T. ) ;
#8112 = ADVANCED_FACE ( 'NONE', ( #6518 ), #647, .F. ) ;
#8113 = CARTESIAN_POINT ( 'NONE',  ( -2.159000000000001140, 7.239000000000000767, -0.8890000000000001235 ) ) ;
#8114 = DIRECTION ( 'NONE',  ( -0.000000000000000000, 1.000000000000000000, 1.733406087350420004E-16 ) ) ;
#8115 = VECTOR ( 'NONE', #7498, 1000.000000000000000 ) ;
#8116 = EDGE_LOOP ( 'NONE', ( #982, #7837, #590, #11597, #7796, #8507, #7840, #5757 ) ) ;
#8117 = CARTESIAN_POINT ( 'NONE',  ( -13.08099999999999952, 8.064499999999998892, 1.651000000000000023 ) ) ;
#8118 = DIRECTION ( 'NONE',  ( -0.000000000000000000, 1.019346266292635338E-16, 1.000000000000000000 ) ) ;
#8119 = LINE ( 'NONE', #7141, #6601 ) ;
#8120 = DIRECTION ( 'NONE',  ( -0.000000000000000000, -0.7071067811865501263, -0.7071067811865449082 ) ) ;
#8121 = DIRECTION ( 'NONE',  ( -0.000000000000000000, -0.000000000000000000, 1.000000000000000000 ) ) ;
#8122 = LINE ( 'NONE', #9158, #9019 ) ;
#8123 = ORIENTED_EDGE ( 'NONE', *, *, #2762, .T. ) ;
#8124 = ORIENTED_EDGE ( 'NONE', *, *, #6708, .T. ) ;
#8125 = EDGE_LOOP ( 'NONE', ( #7363, #7038, #5342, #9240 ) ) ;
#8126 = COLOUR_RGB ( '',0.2509803921568627416, 0.2509803921568627416, 0.2509803921568627416 ) ;
#8127 = EDGE_CURVE ( 'NONE', #4942, #12160, #8540, .T. ) ;
#8128 = EDGE_LOOP ( 'NONE', ( #7857, #502, #6645, #5948 ) ) ;
#8129 = CARTESIAN_POINT ( 'NONE',  ( 6.350000000000001421, 0.000000000000000000, 2.539999999999999147 ) ) ;
#8130 = LINE ( 'NONE', #4086, #2659 ) ;
#8131 = LINE ( 'NONE', #9968, #7689 ) ;
#8132 = CARTESIAN_POINT ( 'NONE',  ( 14.85899999999999999, 7.239000000000000767, 0.8889999999999997904 ) ) ;
#8133 = CARTESIAN_POINT ( 'NONE',  ( 1.270000000000000240, 0.5080000000000000071, 2.022881810244992806 ) ) ;
#8134 = CARTESIAN_POINT ( 'NONE',  ( 18.16100000000000136, 8.064499999999998892, 1.650999999999999801 ) ) ;
#8135 = DIRECTION ( 'NONE',  ( 0.000000000000000000, -0.7071067811865475727, 0.7071067811865475727 ) ) ;
#8136 = ORIENTED_EDGE ( 'NONE', *, *, #1814, .F. ) ;
#8137 = ORIENTED_EDGE ( 'NONE', *, *, #208, .F. ) ;
#8138 = VERTEX_POINT ( 'NONE', #7563 ) ;
#8139 = AXIS2_PLACEMENT_3D ( 'NONE', #865, #1963, #2091 ) ;
#8140 = EDGE_CURVE ( 'NONE', #1241, #10266, #6589, .T. ) ;
#8141 = PRODUCT_DEFINITION_SHAPE ( 'NONE', 'NONE',  #12885 ) ;
#8142 = CARTESIAN_POINT ( 'NONE',  ( -0.3809999999999993947, 7.239000000000000767, -0.8890000000000001235 ) ) ;
#8143 = DIRECTION ( 'NONE',  ( 0.000000000000000000, -1.733406087350420004E-16, 1.000000000000000000 ) ) ;
#8144 = CARTESIAN_POINT ( 'NONE',  ( -1.270000000000000240, 0.000000000000000000, 2.539999999999999147 ) ) ;
#8145 = LINE ( 'NONE', #2271, #3464 ) ;
#8146 = LINE ( 'NONE', #3383, #470 ) ;
#8147 = DIRECTION ( 'NONE',  ( -0.000000000000000000, 1.000000000000000000, 1.733406087350420004E-16 ) ) ;
#8148 = VECTOR ( 'NONE', #8585, 1000.000000000000000 ) ;
#8149 = DIRECTION ( 'NONE',  ( 0.000000000000000000, 0.000000000000000000, -1.000000000000000000 ) ) ;
#8150 = ORIENTED_EDGE ( 'NONE', *, *, #7886, .T. ) ;
#8151 = ORIENTED_EDGE ( 'NONE', *, *, #5636, .F. ) ;
#8152 = DIRECTION ( 'NONE',  ( 1.000000000000000000, 0.000000000000000000, 0.000000000000000000 ) ) ;
#8153 = EDGE_CURVE ( 'NONE', #8586, #4705, #7884, .T. ) ;
#8154 = DIRECTION ( 'NONE',  ( -0.000000000000000000, 0.000000000000000000, -1.000000000000000000 ) ) ;
#8155 = EDGE_LOOP ( 'NONE', ( #6056, #1550, #2236, #388 ) ) ;
#8156 = VECTOR ( 'NONE', #4799, 1000.000000000000000 ) ;
#8157 = AXIS2_PLACEMENT_3D ( 'NONE', #12161, #2143, #10090 ) ;
#8158 = CARTESIAN_POINT ( 'NONE',  ( 1.270000000000000240, -8.578981026812224210E-17, 2.158999999999999364 ) ) ;
#8159 = ORIENTED_EDGE ( 'NONE', *, *, #10309, .T. ) ;
#8160 = LINE ( 'NONE', #9341, #10138 ) ;
#8161 = FACE_OUTER_BOUND ( 'NONE', #11556, .T. ) ;
#8162 = DIRECTION ( 'NONE',  ( -0.7071067811865462405, -0.7071067811865489050, 0.000000000000000000 ) ) ;
#8163 = ADVANCED_FACE ( 'NONE', ( #1821 ), #10676, .F. ) ;
#8164 = CARTESIAN_POINT ( 'NONE',  ( 1.270000000000000240, 4.336808689942017736E-16, -2.159000000000001140 ) ) ;
#8165 = EDGE_CURVE ( 'NONE', #4396, #10909, #5920, .T. ) ;
#8166 = DIRECTION ( 'NONE',  ( -0.000000000000000000, -0.000000000000000000, 1.000000000000000000 ) ) ;
#8167 = ORIENTED_EDGE ( 'NONE', *, *, #5909, .F. ) ;
#8168 = FACE_OUTER_BOUND ( 'NONE', #9507, .T. ) ;
#8169 = ADVANCED_FACE ( 'NONE', ( #12825 ), #3723, .F. ) ;
#8170 = LINE ( 'NONE', #12126, #8191 ) ;
#8171 = AXIS2_PLACEMENT_3D ( 'NONE', #3252, #11261, #5404 ) ;
#8172 = ORIENTED_EDGE ( 'NONE', *, *, #9121, .F. ) ;
#8173 = DIRECTION ( 'NONE',  ( -1.000000000000000000, -0.000000000000000000, -0.000000000000000000 ) ) ;
#8174 = ADVANCED_FACE ( 'NONE', ( #4889 ), #5801, .F. ) ;
#8175 = EDGE_LOOP ( 'NONE', ( #9638, #881, #2585, #115 ) ) ;
#8176 = VECTOR ( 'NONE', #2911, 1000.000000000000000 ) ;
#8177 = CARTESIAN_POINT ( 'NONE',  ( 12.70000000000000107, 7.239000000000000767, -2.201425730935033664E-16 ) ) ;
#8178 = VECTOR ( 'NONE', #227, 1000.000000000000000 ) ;
#8179 = EDGE_CURVE ( 'NONE', #11848, #12352, #2726, .T. ) ;
#8180 =( NAMED_UNIT ( * ) PLANE_ANGLE_UNIT ( ) SI_UNIT ( $, .RADIAN. ) );
#8181 = CONTEXT_DEPENDENT_SHAPE_REPRESENTATION ( #8895, #5226 ) ;
#8182 = CARTESIAN_POINT ( 'NONE',  ( 14.85899999999999999, 7.239000000000000767, -1.651000000000000023 ) ) ;
#8183 = DIRECTION ( 'NONE',  ( 0.000000000000000000, -1.733406087350420004E-16, 1.000000000000000000 ) ) ;
#8184 = DIRECTION ( 'NONE',  ( 1.000000000000000000, -0.000000000000000000, -0.000000000000000000 ) ) ;
#8185 = VECTOR ( 'NONE', #566, 1000.000000000000000 ) ;
#8186 = FACE_OUTER_BOUND ( 'NONE', #10890, .T. ) ;
#8187 = EDGE_LOOP ( 'NONE', ( #1247, #7365, #257, #4628 ) ) ;
#8188 = ORIENTED_EDGE ( 'NONE', *, *, #7059, .T. ) ;
#8189 = ORIENTED_EDGE ( 'NONE', *, *, #11595, .F. ) ;
#8190 = PRESENTATION_LAYER_ASSIGNMENT (  '', '', ( #12119 ) ) ;
#8191 = VECTOR ( 'NONE', #2230, 1000.000000000000000 ) ;
#8192 = ORIENTED_EDGE ( 'NONE', *, *, #2918, .T. ) ;
#8193 = DIRECTION ( 'NONE',  ( -0.7071067811865462405, -0.7071067811865489050, 0.000000000000000000 ) ) ;
#8194 = DIRECTION ( 'NONE',  ( 0.000000000000000000, -1.000000000000000000, 1.019346266292635338E-16 ) ) ;
#8195 = EDGE_CURVE ( 'NONE', #3992, #3737, #10867, .T. ) ;
#8196 = DIRECTION ( 'NONE',  ( -0.000000000000000000, 1.000000000000000000, 1.733406087350420004E-16 ) ) ;
#8197 = FACE_OUTER_BOUND ( 'NONE', #3830, .T. ) ;
#8198 = LINE ( 'NONE', #12152, #1706 ) ;
#8199 = CARTESIAN_POINT ( 'NONE',  ( 11.43000000000000327, 4.336808689942017736E-16, -2.159000000000001140 ) ) ;
#8200 = DIRECTION ( 'NONE',  ( -1.000000000000000000, 0.000000000000000000, 0.000000000000000000 ) ) ;
#8201 = VERTEX_POINT ( 'NONE', #6777 ) ;
#8202 = ORIENTED_EDGE ( 'NONE', *, *, #10395, .T. ) ;
#8203 = ORIENTED_EDGE ( 'NONE', *, *, #3092, .T. ) ;
#8204 = EDGE_CURVE ( 'NONE', #2703, #2944, #4825, .T. ) ;
#8205 = LINE ( 'NONE', #4361, #10974 ) ;
#8206 = VECTOR ( 'NONE', #8439, 1000.000000000000000 ) ;
#8207 = ORIENTED_EDGE ( 'NONE', *, *, #2889, .T. ) ;
#8208 = DIRECTION ( 'NONE',  ( 0.000000000000000000, 0.000000000000000000, -1.000000000000000000 ) ) ;
#8209 = VECTOR ( 'NONE', #8173, 1000.000000000000000 ) ;
#8210 = LINE ( 'NONE', #8278, #8693 ) ;
#8211 = DIRECTION ( 'NONE',  ( -0.000000000000000000, 1.000000000000000000, 1.607907343367028359E-16 ) ) ;
#8212 = DIRECTION ( 'NONE',  ( 1.000000000000000000, 0.000000000000000000, 0.000000000000000000 ) ) ;
#8213 = CARTESIAN_POINT ( 'NONE',  ( -11.43000000000000149, 0.5080000000000006732, -2.022881810244994583 ) ) ;
#8214 = PLANE ( 'NONE',  #7704 ) ;
#8215 = DIRECTION ( 'NONE',  ( -1.000000000000000000, 0.000000000000000000, 0.000000000000000000 ) ) ;
#8216 = VERTEX_POINT ( 'NONE', #780 ) ;
#8217 = ORIENTED_EDGE ( 'NONE', *, *, #2510, .F. ) ;
#8218 = EDGE_CURVE ( 'NONE', #12023, #1045, #5013, .T. ) ;
#8219 = DIRECTION ( 'NONE',  ( 0.000000000000000000, 0.000000000000000000, -1.000000000000000000 ) ) ;
#8220 = CARTESIAN_POINT ( 'NONE',  ( -18.16100000000000136, 8.064500000000002444, -0.8890000000000001235 ) ) ;
#8221 = ORIENTED_EDGE ( 'NONE', *, *, #8652, .T. ) ;
#8222 = EDGE_LOOP ( 'NONE', ( #10717, #7238, #8151, #943 ) ) ;
#8223 = AXIS2_PLACEMENT_3D ( 'NONE', #2578, #10530, #12281 ) ;
#8224 = EDGE_LOOP ( 'NONE', ( #12699, #11074, #9667, #801 ) ) ;
#8225 = ADVANCED_FACE ( 'NONE', ( #8856 ), #4766, .F. ) ;
#8226 = CARTESIAN_POINT ( 'NONE',  ( -9.779000000000001691, 7.239000000000000767, -0.8890000000000001235 ) ) ;
#8227 = CARTESIAN_POINT ( 'NONE',  ( -10.98550000000000360, 8.509000000000000341, 2.095500000000002139 ) ) ;
#8228 = FACE_OUTER_BOUND ( 'NONE', #4239, .T. ) ;
#8229 = DIRECTION ( 'NONE',  ( -0.000000000000000000, -0.7071067811865482389, -0.7071067811865469066 ) ) ;
#8230 = DIRECTION ( 'NONE',  ( -1.000000000000000000, -0.000000000000000000, -0.000000000000000000 ) ) ;
#8231 = ORIENTED_EDGE ( 'NONE', *, *, #1503, .F. ) ;
#8232 = DIRECTION ( 'NONE',  ( 1.000000000000000000, 0.000000000000000000, 0.000000000000000000 ) ) ;
#8233 = AXIS2_PLACEMENT_3D ( 'NONE', #5690, #7836, #9540 ) ;
#8234 = DIRECTION ( 'NONE',  ( 0.000000000000000000, -1.000000000000000000, 1.019346266292635338E-16 ) ) ;
#8235 = ORIENTED_EDGE ( 'NONE', *, *, #5074, .T. ) ;
#8236 = LINE ( 'NONE', #4943, #12643 ) ;
#8237 = AXIS2_PLACEMENT_3D ( 'NONE', #9515, #576, #8536 ) ;
#8238 = DIRECTION ( 'NONE',  ( -1.000000000000000000, -0.000000000000000000, -0.000000000000000000 ) ) ;
#8239 = EDGE_CURVE ( 'NONE', #7651, #3353, #2010, .T. ) ;
#8240 = ORIENTED_EDGE ( 'NONE', *, *, #11572, .T. ) ;
#8241 = EDGE_CURVE ( 'NONE', #9205, #3237, #11781, .T. ) ;
#8242 = VECTOR ( 'NONE', #10793, 1000.000000000000000 ) ;
#8243 = CARTESIAN_POINT ( 'NONE',  ( -13.08099999999999952, 8.064500000000002444, -0.8890000000000000124 ) ) ;
#8244 = VECTOR ( 'NONE', #12362, 1000.000000000000000 ) ;
#8245 = DIRECTION ( 'NONE',  ( 0.000000000000000000, 0.9659258262890701996, 0.2588190451025140226 ) ) ;
#8246 = LINE ( 'NONE', #10915, #11150 ) ;
#8247 = CARTESIAN_POINT ( 'NONE',  ( 6.350000000000001421, 0.5080000000000006732, -2.022881810244994583 ) ) ;
#8248 = VECTOR ( 'NONE', #9966, 1000.000000000000000 ) ;
#8249 = DIRECTION ( 'NONE',  ( -0.000000000000000000, 1.000000000000000000, 1.607907343367028359E-16 ) ) ;
#8250 = DIRECTION ( 'NONE',  ( 0.7071067811865462405, -0.7071067811865489050, 0.000000000000000000 ) ) ;
#8251 = ORIENTED_EDGE ( 'NONE', *, *, #2430, .F. ) ;
#8252 = VERTEX_POINT ( 'NONE', #6843 ) ;
#8253 = ADVANCED_FACE ( 'NONE', ( #11844 ), #1883, .T. ) ;
#8254 = ORIENTED_EDGE ( 'NONE', *, *, #843, .F. ) ;
#8255 = ADVANCED_FACE ( 'NONE', ( #3967 ), #3907, .F. ) ;
#8256 = FACE_OUTER_BOUND ( 'NONE', #1863, .T. ) ;
#8257 = VECTOR ( 'NONE', #2229, 1000.000000000000000 ) ;
#8258 = VECTOR ( 'NONE', #5518, 1000.000000000000000 ) ;
#8259 = EDGE_CURVE ( 'NONE', #9082, #5019, #11903, .T. ) ;
#8260 = ORIENTED_EDGE ( 'NONE', *, *, #8864, .F. ) ;
#8261 = DIRECTION ( 'NONE',  ( -0.000000000000000000, 1.000000000000000000, 1.607907343367028359E-16 ) ) ;
#8262 = PLANE ( 'NONE',  #2051 ) ;
#8263 = STYLED_ITEM ( 'NONE', ( #3257 ), #10704 ) ;
#8264 = DIRECTION ( 'NONE',  ( -0.7071067811865462405, -0.7071067811865489050, 0.000000000000000000 ) ) ;
#8265 = PLANE ( 'NONE',  #6370 ) ;
#8266 = LINE ( 'NONE', #11373, #9218 ) ;
#8267 = DIRECTION ( 'NONE',  ( 0.000000000000000000, 1.000000000000000000, -2.923638691849597351E-16 ) ) ;
#8268 = CARTESIAN_POINT ( 'NONE',  ( 8.890000000000002345, 8.509000000000000341, 0.4444999999999970086 ) ) ;
#8269 = ORIENTED_EDGE ( 'NONE', *, *, #1158, .F. ) ;
#8270 = ORIENTED_EDGE ( 'NONE', *, *, #2784, .F. ) ;
#8271 = ORIENTED_EDGE ( 'NONE', *, *, #8195, .F. ) ;
#8272 = DIRECTION ( 'NONE',  ( 0.000000000000000000, -1.000000000000000000, 0.000000000000000000 ) ) ;
#8273 = ADVANCED_FACE ( 'NONE', ( #6964 ), #9969, .F. ) ;
#8274 = ORIENTED_EDGE ( 'NONE', *, *, #3548, .F. ) ;
#8275 = CARTESIAN_POINT ( 'NONE',  ( 12.31900000000000084, 8.064500000000002444, -0.8890000000000001235 ) ) ;
#8276 = EDGE_CURVE ( 'NONE', #5685, #1369, #4152, .T. ) ;
#8277 = FACE_OUTER_BOUND ( 'NONE', #2053, .T. ) ;
#8278 = CARTESIAN_POINT ( 'NONE',  ( -9.779000000000001691, 8.064500000000002444, -0.8890000000000001235 ) ) ;
#8279 = DIRECTION ( 'NONE',  ( -0.5773502691896259531, -0.5773502691896237327, -0.5773502691896276184 ) ) ;
#8280 = CARTESIAN_POINT ( 'NONE',  ( -10.54100000000000037, 8.064500000000002444, -1.650999999999999801 ) ) ;
#8281 = CARTESIAN_POINT ( 'NONE',  ( -0.3809999999999993947, 8.064500000000002444, -0.8890000000000001235 ) ) ;
#8282 = DIRECTION ( 'NONE',  ( 0.000000000000000000, 2.251701056906096594E-16, 1.000000000000000000 ) ) ;
#8283 = VECTOR ( 'NONE', #2980, 1000.000000000000000 ) ;
#8284 = CARTESIAN_POINT ( 'NONE',  ( 19.05000000000000071, 0.5080000000000000071, 2.022881810244992806 ) ) ;
#8285 = ORIENTED_EDGE ( 'NONE', *, *, #2116, .T. ) ;
#8286 = EDGE_LOOP ( 'NONE', ( #77, #11103, #7830, #8919 ) ) ;
#8287 = DIRECTION ( 'NONE',  ( 0.000000000000000000, -1.733406087350420004E-16, 1.000000000000000000 ) ) ;
#8288 = CARTESIAN_POINT ( 'NONE',  ( 3.810000000000000941, 0.5080000000000006732, -2.022881810244994583 ) ) ;
#8289 = ORIENTED_EDGE ( 'NONE', *, *, #12626, .F. ) ;
#8290 = EDGE_LOOP ( 'NONE', ( #9637, #6439, #7618, #7814 ) ) ;
#8291 = AXIS2_PLACEMENT_3D ( 'NONE', #9105, #8924, #3047 ) ;
#8292 = ORIENTED_EDGE ( 'NONE', *, *, #3393, .T. ) ;
#8293 = EDGE_CURVE ( 'NONE', #5847, #11792, #12151, .T. ) ;
#8294 = CARTESIAN_POINT ( 'NONE',  ( 17.39900000000000091, 8.064500000000002444, -0.8890000000000001235 ) ) ;
#8295 = CARTESIAN_POINT ( 'NONE',  ( 0.1961031209927689423, -3.200400000000000134, 1.473199999999999843 ) ) ;
#8296 = UNCERTAINTY_MEASURE_WITH_UNIT (LENGTH_MEASURE( 1.000000000000000082E-05 ), #6132, 'distance_accuracy_value', 'NONE');
#8297 = CARTESIAN_POINT ( 'NONE',  ( -18.16100000000000136, 7.239000000000000767, 1.650999999999999801 ) ) ;
#8298 = DIRECTION ( 'NONE',  ( 0.000000000000000000, 1.000000000000000000, 1.733406087350420004E-16 ) ) ;
#8299 =( NAMED_UNIT ( * ) PLANE_ANGLE_UNIT ( ) SI_UNIT ( $, .RADIAN. ) );
#8300 = EDGE_LOOP ( 'NONE', ( #7130, #9241, #5819, #1621 ) ) ;
#8301 = FILL_AREA_STYLE_COLOUR ( '', #12611 ) ;
#8302 = VECTOR ( 'NONE', #2738, 1000.000000000000000 ) ;
#8303 = CARTESIAN_POINT ( 'NONE',  ( -3.810000000000000941, -8.578981026812224210E-17, 2.158999999999999364 ) ) ;
#8304 = ORIENTED_EDGE ( 'NONE', *, *, #8955, .F. ) ;
#8305 = CARTESIAN_POINT ( 'NONE',  ( -16.51000000000000156, 8.509000000000000341, 2.540000000000001812 ) ) ;
#8306 = CARTESIAN_POINT ( 'NONE',  ( 13.97000000000000064, 8.509000000000000341, 2.540000000000001812 ) ) ;
#8307 = ORIENTED_EDGE ( 'NONE', *, *, #7224, .T. ) ;
#8308 = ADVANCED_FACE ( 'NONE', ( #7216 ), #3110, .F. ) ;
#8309 = AXIS2_PLACEMENT_3D ( 'NONE', #7883, #974, #11843 ) ;
#8310 = LINE ( 'NONE', #4331, #12819 ) ;
#8311 = UNCERTAINTY_MEASURE_WITH_UNIT (LENGTH_MEASURE( 1.000000000000000082E-05 ), #1187, 'distance_accuracy_value', 'NONE');
#8312 = SURFACE_STYLE_USAGE ( .BOTH. , #11292 ) ;
#8313 = CARTESIAN_POINT ( 'NONE',  ( -3.809999999999999165, 4.336808689942017736E-16, -2.159000000000001140 ) ) ;
#8314 = CARTESIAN_POINT ( 'NONE',  ( 4.699000000000001620, 7.239000000000000767, 0.8889999999999997904 ) ) ;
#8315 = DIRECTION ( 'NONE',  ( 0.000000000000000000, 1.607907343367028359E-16, -1.000000000000000000 ) ) ;
#8316 = DIRECTION ( 'NONE',  ( -0.000000000000000000, 0.2588190451025140781, 0.9659258262890700886 ) ) ;
#8317 = ORIENTED_EDGE ( 'NONE', *, *, #1134, .F. ) ;
#8318 = VERTEX_POINT ( 'NONE', #171 ) ;
#8319 = EDGE_LOOP ( 'NONE', ( #7767, #3367, #7337, #4546 ) ) ;
#8320 = FACE_OUTER_BOUND ( 'NONE', #434, .T. ) ;
#8321 = VERTEX_POINT ( 'NONE', #10994 ) ;
#8322 = EDGE_CURVE ( 'NONE', #1877, #2262, #1337, .T. ) ;
#8323 = VERTEX_POINT ( 'NONE', #3301 ) ;
#8324 = DIRECTION ( 'NONE',  ( 1.000000000000000000, 0.000000000000000000, 0.000000000000000000 ) ) ;
#8325 = EDGE_CURVE ( 'NONE', #5452, #5863, #5073, .T. ) ;
#8326 = DIRECTION ( 'NONE',  ( 0.000000000000000000, 0.000000000000000000, -1.000000000000000000 ) ) ;
#8327 = EDGE_CURVE ( 'NONE', #10695, #12352, #7092, .T. ) ;
#8328 = DIRECTION ( 'NONE',  ( 0.000000000000000000, 0.000000000000000000, 1.000000000000000000 ) ) ;
#8329 = LINE ( 'NONE', #4553, #7176 ) ;
#8330 = LINE ( 'NONE', #4153, #4660 ) ;
#8331 = CARTESIAN_POINT ( 'NONE',  ( 10.16000000000000014, 7.239000000000000767, -2.201425730935033664E-16 ) ) ;
#8332 = ADVANCED_FACE ( 'NONE', ( #11054 ), #8265, .F. ) ;
#8333 = CARTESIAN_POINT ( 'NONE',  ( 19.05000000000000071, 8.509000000000000341, 2.540000000000001812 ) ) ;
#8334 = ORIENTED_EDGE ( 'NONE', *, *, #4601, .F. ) ;
#8335 = VERTEX_POINT ( 'NONE', #50 ) ;
#8336 = ORIENTED_EDGE ( 'NONE', *, *, #8423, .T. ) ;
#8337 = FACE_OUTER_BOUND ( 'NONE', #10165, .T. ) ;
#8338 = EDGE_CURVE ( 'NONE', #6839, #11633, #6295, .T. ) ;
#8339 = ORIENTED_EDGE ( 'NONE', *, *, #6163, .F. ) ;
#8340 = ADVANCED_FACE ( 'NONE', ( #8197 ), #2131, .F. ) ;
#8341 = DIRECTION ( 'NONE',  ( -1.000000000000000000, 0.000000000000000000, 0.000000000000000000 ) ) ;
#8342 = LINE ( 'NONE', #12294, #2870 ) ;
#8343 = FACE_OUTER_BOUND ( 'NONE', #1584, .T. ) ;
#8344 = DIRECTION ( 'NONE',  ( -0.000000000000000000, 1.000000000000000000, 1.733406087350420004E-16 ) ) ;
#8345 = CARTESIAN_POINT ( 'NONE',  ( 9.779000000000003467, 8.064499999999998892, 1.650999999999999801 ) ) ;
#8346 = LINE ( 'NONE', #12101, #6089 ) ;
#8347 = EDGE_CURVE ( 'NONE', #4305, #8014, #11961, .T. ) ;
#8348 = DIRECTION ( 'NONE',  ( 0.000000000000000000, 0.000000000000000000, -1.000000000000000000 ) ) ;
#8349 = LINE ( 'NONE', #10164, #3872 ) ;
#8350 = ORIENTED_EDGE ( 'NONE', *, *, #8094, .T. ) ;
#8351 = ORIENTED_EDGE ( 'NONE', *, *, #8494, .T. ) ;
#8352 = VECTOR ( 'NONE', #4456, 1000.000000000000000 ) ;
#8353 = FACE_OUTER_BOUND ( 'NONE', #3145, .T. ) ;
#8354 = CARTESIAN_POINT ( 'NONE',  ( 12.31900000000000084, 8.064499999999998892, 0.8889999999999999014 ) ) ;
#8355 = EDGE_LOOP ( 'NONE', ( #7203, #5940, #1423, #1906 ) ) ;
#8356 = VERTEX_POINT ( 'NONE', #7277 ) ;
#8357 = VERTEX_POINT ( 'NONE', #12216 ) ;
#8358 = DIRECTION ( 'NONE',  ( 0.000000000000000000, -0.9659258262890700886, 0.2588190451025140781 ) ) ;
#8359 = FACE_OUTER_BOUND ( 'NONE', #7798, .T. ) ;
#8360 = EDGE_CURVE ( 'NONE', #7950, #4169, #10078, .T. ) ;
#8361 = CARTESIAN_POINT ( 'NONE',  ( -13.08099999999999952, 7.239000000000000767, -0.8890000000000001235 ) ) ;
#8362 = DIRECTION ( 'NONE',  ( -1.000000000000000000, 0.000000000000000000, 0.000000000000000000 ) ) ;
#8363 = LINE ( 'NONE', #12385, #7754 ) ;
#8364 = ORIENTED_EDGE ( 'NONE', *, *, #11140, .F. ) ;
#8365 = LINE ( 'NONE', #6539, #11364 ) ;
#8366 = CARTESIAN_POINT ( 'NONE',  ( 15.62099999999999866, 8.064500000000002444, -0.8890000000000000124 ) ) ;
#8367 = ORIENTED_EDGE ( 'NONE', *, *, #9373, .F. ) ;
#8368 = EDGE_CURVE ( 'NONE', #177, #12287, #2187, .T. ) ;
#8369 = LINE ( 'NONE', #4296, #1410 ) ;
#8370 = VECTOR ( 'NONE', #7871, 1000.000000000000000 ) ;
#8371 = CARTESIAN_POINT ( 'NONE',  ( 7.747000000000000774, 7.810500000000002885, -1.143000000000000460 ) ) ;
#8372 = EDGE_LOOP ( 'NONE', ( #6611, #11833, #6628, #3508 ) ) ;
#8373 = LINE ( 'NONE', #3485, #10326 ) ;
#8374 =( NAMED_UNIT ( * ) SI_UNIT ( $, .STERADIAN. ) SOLID_ANGLE_UNIT ( ) );
#8375 = VECTOR ( 'NONE', #3404, 1000.000000000000000 ) ;
#8376 = CLOSED_SHELL ( 'NONE', ( #7555, #8727, #6958, #4591, #4530, #9046, #2917, #12333 ) ) ;
#8377 = DIRECTION ( 'NONE',  ( 0.000000000000000000, 0.000000000000000000, -1.000000000000000000 ) ) ;
#8378 = CARTESIAN_POINT ( 'NONE',  ( -4.698999999999999844, 7.239000000000000767, -0.8890000000000001235 ) ) ;
#8379 = DIRECTION ( 'NONE',  ( 0.000000000000000000, -0.7071067811865499042, 0.7071067811865451302 ) ) ;
#8380 = LINE ( 'NONE', #7467, #4859 ) ;
#8381 = ORIENTED_EDGE ( 'NONE', *, *, #5252, .T. ) ;
#8382 = VERTEX_POINT ( 'NONE', #9167 ) ;
#8383 = ORIENTED_EDGE ( 'NONE', *, *, #8629, .F. ) ;
#8384 = ADVANCED_FACE ( 'NONE', ( #6047 ), #6168, .F. ) ;
#8385 = CARTESIAN_POINT ( 'NONE',  ( -19.30400000000000205, 4.336808689942017736E-16, -2.159000000000001140 ) ) ;
#8386 = ORIENTED_EDGE ( 'NONE', *, *, #9467, .F. ) ;
#8387 = VECTOR ( 'NONE', #11425, 1000.000000000000000 ) ;
#8388 = VECTOR ( 'NONE', #5876, 1000.000000000000000 ) ;
#8389 = EDGE_LOOP ( 'NONE', ( #2814, #2320, #3188, #5050 ) ) ;
#8390 = DIRECTION ( 'NONE',  ( 0.000000000000000000, -0.7071067811865499042, 0.7071067811865451302 ) ) ;
#8391 = FACE_OUTER_BOUND ( 'NONE', #6390, .T. ) ;
#8392 = ADVANCED_FACE ( 'NONE', ( #1097 ), #5194, .F. ) ;
#8393 = LINE ( 'NONE', #11505, #737 ) ;
#8394 = DIRECTION ( 'NONE',  ( 1.000000000000000000, 0.000000000000000000, 0.000000000000000000 ) ) ;
#8395 = ORIENTED_EDGE ( 'NONE', *, *, #2709, .T. ) ;
#8396 = DIRECTION ( 'NONE',  ( 0.000000000000000000, -0.9659258262890701996, -0.2588190451025140226 ) ) ;
#8397 = AXIS2_PLACEMENT_3D ( 'NONE', #88, #7128, #8234 ) ;
#8398 = CARTESIAN_POINT ( 'NONE',  ( -9.779000000000001691, 7.239000000000000767, -1.651000000000000023 ) ) ;
#8399 = ORIENTED_EDGE ( 'NONE', *, *, #11178, .T. ) ;
#8400 = ORIENTED_EDGE ( 'NONE', *, *, #6427, .T. ) ;
#8401 = ORIENTED_EDGE ( 'NONE', *, *, #5939, .T. ) ;
#8402 = ORIENTED_EDGE ( 'NONE', *, *, #8021, .T. ) ;
#8403 = VECTOR ( 'NONE', #9411, 1000.000000000000000 ) ;
#8404 = CARTESIAN_POINT ( 'NONE',  ( 3.810000000000000941, 0.5080000000000006732, -2.022881810244994583 ) ) ;
#8405 = EDGE_CURVE ( 'NONE', #1086, #6223, #2254, .T. ) ;
#8406 = CARTESIAN_POINT ( 'NONE',  ( -13.08099999999999952, 8.064500000000002444, -0.8890000000000001235 ) ) ;
#8407 = DIRECTION ( 'NONE',  ( 1.000000000000000000, -0.000000000000000000, -0.000000000000000000 ) ) ;
#8408 = ADVANCED_FACE ( 'NONE', ( #3503 ), #4482, .F. ) ;
#8409 = PLANE ( 'NONE',  #782 ) ;
#8410 = LINE ( 'NONE', #12297, #3518 ) ;
#8411 = LINE ( 'NONE', #511, #10743 ) ;
#8412 = FACE_OUTER_BOUND ( 'NONE', #6739, .T. ) ;
#8413 = CARTESIAN_POINT ( 'NONE',  ( 19.30400000000000205, -8.578981026812224210E-17, 2.158999999999999364 ) ) ;
#8414 = DIRECTION ( 'NONE',  ( 0.000000000000000000, -0.7071067811865499042, 0.7071067811865451302 ) ) ;
#8415 = EDGE_LOOP ( 'NONE', ( #5753, #5411, #6940, #3221 ) ) ;
#8416 = EDGE_LOOP ( 'NONE', ( #6557, #27, #9633, #12834 ) ) ;
#8417 = CARTESIAN_POINT ( 'NONE',  ( 7.239000000000002544, 7.239000000000000767, -0.8890000000000001235 ) ) ;
#8418 = DIRECTION ( 'NONE',  ( 0.5773502691896268413, 0.5773502691896247319, -0.5773502691896256200 ) ) ;
#8419 = ORIENTED_EDGE ( 'NONE', *, *, #3716, .F. ) ;
#8420 = ORIENTED_EDGE ( 'NONE', *, *, #8092, .F. ) ;
#8421 = EDGE_CURVE ( 'NONE', #1661, #3177, #9372, .T. ) ;
#8422 = ADVANCED_FACE ( 'NONE', ( #4616 ), #7479, .F. ) ;
#8423 = EDGE_CURVE ( 'NONE', #10501, #3528, #3635, .T. ) ;
#8424 = VERTEX_POINT ( 'NONE', #7544 ) ;
#8425 = DIRECTION ( 'NONE',  ( -1.000000000000000000, -0.000000000000000000, -0.000000000000000000 ) ) ;
#8426 = DIRECTION ( 'NONE',  ( 1.000000000000000000, 0.000000000000000000, 0.000000000000000000 ) ) ;
#8427 = LINE ( 'NONE', #10240, #12710 ) ;
#8428 = DIRECTION ( 'NONE',  ( 0.000000000000000000, 0.000000000000000000, -1.000000000000000000 ) ) ;
#8429 = ORIENTED_EDGE ( 'NONE', *, *, #10845, .T. ) ;
#8430 = DIRECTION ( 'NONE',  ( 0.000000000000000000, -1.000000000000000000, 0.000000000000000000 ) ) ;
#8431 = ORIENTED_EDGE ( 'NONE', *, *, #3119, .F. ) ;
#8432 = CARTESIAN_POINT ( 'NONE',  ( -17.65300000000000225, 7.810499999999998444, 1.397000000000000242 ) ) ;
#8433 = ADVANCED_FACE ( 'NONE', ( #2516 ), #8584, .F. ) ;
#8434 = DIRECTION ( 'NONE',  ( 0.000000000000000000, 5.691349986800550837E-16, -1.000000000000000000 ) ) ;
#8435 = ORIENTED_EDGE ( 'NONE', *, *, #7012, .T. ) ;
#8436 = LINE ( 'NONE', #4465, #1802 ) ;
#8437 = EDGE_CURVE ( 'NONE', #903, #4203, #12480, .T. ) ;
#8438 = UNCERTAINTY_MEASURE_WITH_UNIT (LENGTH_MEASURE( 1.000000000000000082E-05 ), #4466, 'distance_accuracy_value', 'NONE');
#8439 = DIRECTION ( 'NONE',  ( 0.000000000000000000, 1.000000000000000000, -1.019346266292635338E-16 ) ) ;
#8440 = VECTOR ( 'NONE', #7250, 1000.000000000000000 ) ;
#8441 = DIRECTION ( 'NONE',  ( -0.000000000000000000, 1.000000000000000000, 1.733406087350420004E-16 ) ) ;
#8442 = PLANE ( 'NONE',  #8786 ) ;
#8443 = CARTESIAN_POINT ( 'NONE',  ( -10.54100000000000037, 8.064500000000002444, -0.8890000000000000124 ) ) ;
#8444 = CARTESIAN_POINT ( 'NONE',  ( 8.890000000000002345, 4.336808689942017736E-16, -2.159000000000001140 ) ) ;
#8445 = EDGE_LOOP ( 'NONE', ( #9915, #3462, #4477, #12131 ) ) ;
#8446 = VERTEX_POINT ( 'NONE', #631 ) ;
#8447 = ORIENTED_EDGE ( 'NONE', *, *, #11400, .F. ) ;
#8448 = LINE ( 'NONE', #11429, #11107 ) ;
#8449 = ORIENTED_EDGE ( 'NONE', *, *, #754, .T. ) ;
#8450 = VECTOR ( 'NONE', #8789, 1000.000000000000000 ) ;
#8451 = VECTOR ( 'NONE', #8184, 1000.000000000000000 ) ;
#8452 = ORIENTED_EDGE ( 'NONE', *, *, #10702, .T. ) ;
#8453 = LINE ( 'NONE', #12736, #3679 ) ;
#8454 = CARTESIAN_POINT ( 'NONE',  ( 19.30400000000000205, 4.336808689942017736E-16, -2.159000000000001140 ) ) ;
#8455 = EDGE_CURVE ( 'NONE', #5379, #8356, #6638, .T. ) ;
#8456 = VECTOR ( 'NONE', #1025, 1000.000000000000000 ) ;
#8457 = DIRECTION ( 'NONE',  ( 1.000000000000000000, 0.000000000000000000, 0.000000000000000000 ) ) ;
#8458 = LINE ( 'NONE', #10462, #11577 ) ;
#8459 = FACE_OUTER_BOUND ( 'NONE', #4096, .T. ) ;
#8460 = ORIENTED_EDGE ( 'NONE', *, *, #12739, .F. ) ;
#8461 = CARTESIAN_POINT ( 'NONE',  ( -0.3810000000000000053, -2.692399999999994797, 1.473200000000000065 ) ) ;
#8462 = AXIS2_PLACEMENT_3D ( 'NONE', #4526, #603, #7714 ) ;
#8463 = CARTESIAN_POINT ( 'NONE',  ( -15.62099999999999866, 8.064499999999998892, 0.8889999999999999014 ) ) ;
#8464 = EDGE_LOOP ( 'NONE', ( #3812, #11729, #1675, #6556, #4379, #1061, #10728, #1950 ) ) ;
#8465 = VERTEX_POINT ( 'NONE', #12345 ) ;
#8466 = AXIS2_PLACEMENT_3D ( 'NONE', #10484, #5613, #581 ) ;
#8467 = ORIENTED_EDGE ( 'NONE', *, *, #11993, .F. ) ;
#8468 = CARTESIAN_POINT ( 'NONE',  ( 7.620000000000000107, 7.239000000000000767, -2.201425730935033664E-16 ) ) ;
#8469 = VECTOR ( 'NONE', #2087, 999.9999999999998863 ) ;
#8470 = ADVANCED_FACE ( 'NONE', ( #492 ), #11567, .F. ) ;
#8471 = EDGE_LOOP ( 'NONE', ( #8188, #11679, #1046, #8017 ) ) ;
#8472 = COLOUR_RGB ( '',0.7921568627450980005, 0.8196078431372548767, 0.9333333333333333481 ) ;
#8473 = DIRECTION ( 'NONE',  ( 1.000000000000000000, 0.000000000000000000, 0.000000000000000000 ) ) ;
#8474 = LINE ( 'NONE', #8406, #12093 ) ;
#8475 = CARTESIAN_POINT ( 'NONE',  ( -6.349999999999999645, 0.000000000000000000, 2.539999999999999147 ) ) ;
#8476 = SURFACE_STYLE_FILL_AREA ( #7691 ) ;
#8477 = LINE ( 'NONE', #2665, #812 ) ;
#8478 = CARTESIAN_POINT ( 'NONE',  ( 3.810000000000000941, 0.5080000000000006732, -2.022881810244994583 ) ) ;
#8479 = CARTESIAN_POINT ( 'NONE',  ( 14.41449999999999676, 8.509000000000000341, -2.540000000000001812 ) ) ;
#8480 = LINE ( 'NONE', #583, #2480 ) ;
#8481 = ORIENTED_EDGE ( 'NONE', *, *, #4514, .F. ) ;
#8482 = ORIENTED_EDGE ( 'NONE', *, *, #618, .T. ) ;
#8483 = CARTESIAN_POINT ( 'NONE',  ( 18.16100000000000136, 7.239000000000000767, 1.650999999999999801 ) ) ;
#8484 = VECTOR ( 'NONE', #7041, 1000.000000000000000 ) ;
#8485 = DIRECTION ( 'NONE',  ( 0.000000000000000000, -0.000000000000000000, -1.000000000000000000 ) ) ;
#8486 = ORIENTED_EDGE ( 'NONE', *, *, #10745, .T. ) ;
#8487 = EDGE_LOOP ( 'NONE', ( #5834, #1501, #12505, #8965 ) ) ;
#8488 = VERTEX_POINT ( 'NONE', #9436 ) ;
#8489 = AXIS2_PLACEMENT_3D ( 'NONE', #8732, #3650, #12688 ) ;
#8490 = CARTESIAN_POINT ( 'NONE',  ( -10.54100000000000037, 7.239000000000000767, -0.8890000000000001235 ) ) ;
#8491 = CARTESIAN_POINT ( 'NONE',  ( -15.62099999999999866, 7.239000000000000767, -1.651000000000000023 ) ) ;
#8492 = EDGE_CURVE ( 'NONE', #7149, #10855, #8393, .T. ) ;
#8493 = CARTESIAN_POINT ( 'NONE',  ( -2.920999999999999819, 8.064500000000002444, -0.8890000000000001235 ) ) ;
#8494 = EDGE_CURVE ( 'NONE', #10085, #11311, #8458, .T. ) ;
#8495 = CARTESIAN_POINT ( 'NONE',  ( -16.51000000000000156, 8.509000000000000341, -2.540000000000001812 ) ) ;
#8496 = DIRECTION ( 'NONE',  ( -0.000000000000000000, 1.000000000000000000, 5.691349986800550837E-16 ) ) ;
#8497 = ORIENTED_EDGE ( 'NONE', *, *, #5590, .T. ) ;
#8498 = VECTOR ( 'NONE', #9335, 1000.000000000000000 ) ;
#8499 = DIRECTION ( 'NONE',  ( 0.000000000000000000, -1.000000000000000000, -2.923638691849597351E-16 ) ) ;
#8500 = LINE ( 'NONE', #11343, #9660 ) ;
#8501 = EDGE_CURVE ( 'NONE', #3493, #589, #425, .T. ) ;
#8502 = VERTEX_POINT ( 'NONE', #7410 ) ;
#8503 = CARTESIAN_POINT ( 'NONE',  ( 12.57300000000000040, 7.810499999999998444, 1.143000000000000016 ) ) ;
#8504 = AXIS2_PLACEMENT_3D ( 'NONE', #10416, #11451, #9517 ) ;
#8505 = EDGE_CURVE ( 'NONE', #1283, #10828, #8329, .T. ) ;
#8506 = PLANE ( 'NONE',  #5113 ) ;
#8507 = ORIENTED_EDGE ( 'NONE', *, *, #2907, .F. ) ;
#8508 = AXIS2_PLACEMENT_3D ( 'NONE', #2706, #688, #4741 ) ;
#8509 = CARTESIAN_POINT ( 'NONE',  ( -18.16100000000000136, 7.239000000000000767, 1.650999999999999801 ) ) ;
#8510 = VECTOR ( 'NONE', #12546, 1000.000000000000000 ) ;
#8511 = CARTESIAN_POINT ( 'NONE',  ( -3.809999999999999165, 0.5080000000000000071, 2.022881810244992806 ) ) ;
#8512 = PLANE ( 'NONE',  #6489 ) ;
#8513 = ADVANCED_FACE ( 'NONE', ( #5386 ), #6566, .F. ) ;
#8514 = DIRECTION ( 'NONE',  ( -1.000000000000000000, -0.000000000000000000, -0.000000000000000000 ) ) ;
#8515 = CARTESIAN_POINT ( 'NONE',  ( -11.42999999999999972, 8.509000000000000341, -0.4444999999999982854 ) ) ;
#8516 = ORIENTED_EDGE ( 'NONE', *, *, #11121, .T. ) ;
#8517 = ORIENTED_EDGE ( 'NONE', *, *, #1789, .F. ) ;
#8518 = VERTEX_POINT ( 'NONE', #5594 ) ;
#8519 = DIRECTION ( 'NONE',  ( 0.000000000000000000, 1.000000000000000000, -1.019346266292635338E-16 ) ) ;
#8520 = ORIENTED_EDGE ( 'NONE', *, *, #5058, .F. ) ;
#8521 = VECTOR ( 'NONE', #4519, 1000.000000000000000 ) ;
#8522 = EDGE_LOOP ( 'NONE', ( #4049, #8838, #8400, #370 ) ) ;
#8523 = DIRECTION ( 'NONE',  ( 0.000000000000000000, -0.7071067811865499042, 0.7071067811865451302 ) ) ;
#8524 = DIRECTION ( 'NONE',  ( 0.7071067811865462405, -0.7071067811865489050, 0.000000000000000000 ) ) ;
#8525 = DIRECTION ( 'NONE',  ( -1.000000000000000000, -0.000000000000000000, -0.000000000000000000 ) ) ;
#8526 = PLANE ( 'NONE',  #3990 ) ;
#8527 = EDGE_LOOP ( 'NONE', ( #5583, #9805, #89, #11378 ) ) ;
#8528 = LINE ( 'NONE', #10406, #6531 ) ;
#8529 = VECTOR ( 'NONE', #9712, 1000.000000000000000 ) ;
#8530 = DIRECTION ( 'NONE',  ( 0.000000000000000000, -1.000000000000000000, 0.000000000000000000 ) ) ;
#8531 = VERTEX_POINT ( 'NONE', #3363 ) ;
#8532 = ORIENTED_EDGE ( 'NONE', *, *, #1533, .T. ) ;
#8533 = ORIENTED_EDGE ( 'NONE', *, *, #6372, .T. ) ;
#8534 = DIRECTION ( 'NONE',  ( 1.000000000000000000, 0.000000000000000000, 0.000000000000000000 ) ) ;
#8535 = ORIENTED_EDGE ( 'NONE', *, *, #2504, .T. ) ;
#8536 = DIRECTION ( 'NONE',  ( 0.000000000000000000, 1.000000000000000000, 1.733406087350420004E-16 ) ) ;
#8537 = LINE ( 'NONE', #10354, #3078 ) ;
#8538 = SURFACE_SIDE_STYLE ('',( #8476 ) ) ;
#8539 = CARTESIAN_POINT ( 'NONE',  ( 19.30400000000000205, 0.5080000000000000071, 2.022881810244992806 ) ) ;
#8540 = LINE ( 'NONE', #12495, #5327 ) ;
#8541 = DIRECTION ( 'NONE',  ( 0.000000000000000000, 1.000000000000000000, 1.733406087350420004E-16 ) ) ;
#8542 = PLANE ( 'NONE',  #6655 ) ;
#8543 = EDGE_LOOP ( 'NONE', ( #11646, #5548, #7434, #4078 ) ) ;
#8544 = ORIENTED_EDGE ( 'NONE', *, *, #8563, .F. ) ;
#8545 = SURFACE_STYLE_USAGE ( .BOTH. , #4774 ) ;
#8546 = DIRECTION ( 'NONE',  ( 0.000000000000000000, 2.251701056906096594E-16, 1.000000000000000000 ) ) ;
#8547 = ORIENTED_EDGE ( 'NONE', *, *, #9796, .T. ) ;
#8548 = EDGE_LOOP ( 'NONE', ( #498, #9332, #5293, #10300 ) ) ;
#8549 = EDGE_CURVE ( 'NONE', #9611, #12412, #11372, .T. ) ;
#8550 = ORIENTED_EDGE ( 'NONE', *, *, #9689, .F. ) ;
#8551 = DIRECTION ( 'NONE',  ( -0.000000000000000000, -0.000000000000000000, 1.000000000000000000 ) ) ;
#8552 = CARTESIAN_POINT ( 'NONE',  ( 13.97000000000000064, 8.509000000000000341, 2.540000000000001812 ) ) ;
#8553 = CARTESIAN_POINT ( 'NONE',  ( -17.39900000000000091, 7.239000000000000767, 1.650999999999999801 ) ) ;
#8554 = PLANE ( 'NONE',  #3983 ) ;
#8555 = DIRECTION ( 'NONE',  ( 0.000000000000000000, 1.733406087350420004E-16, -1.000000000000000000 ) ) ;
#8556 = VERTEX_POINT ( 'NONE', #6362 ) ;
#8557 = CARTESIAN_POINT ( 'NONE',  ( -4.698999999999999844, 8.064500000000002444, -0.8890000000000001235 ) ) ;
#8558 = VERTEX_POINT ( 'NONE', #10341 ) ;
#8559 = FACE_OUTER_BOUND ( 'NONE', #7298, .T. ) ;
#8560 = DIRECTION ( 'NONE',  ( 1.000000000000000000, 0.000000000000000000, 0.000000000000000000 ) ) ;
#8561 = ORIENTED_EDGE ( 'NONE', *, *, #3190, .F. ) ;
#8562 = DIRECTION ( 'NONE',  ( -1.000000000000000000, -0.000000000000000000, -0.000000000000000000 ) ) ;
#8563 = EDGE_CURVE ( 'NONE', #7632, #4958, #4417, .T. ) ;
#8564 = LINE ( 'NONE', #6620, #3647 ) ;
#8565 = EDGE_CURVE ( 'NONE', #3514, #12846, #8777, .T. ) ;
#8566 = DIRECTION ( 'NONE',  ( -1.000000000000000000, -0.000000000000000000, -0.000000000000000000 ) ) ;
#8567 = LINE ( 'NONE', #4537, #1499 ) ;
#8568 = VECTOR ( 'NONE', #2937, 1000.000000000000000 ) ;
#8569 = VECTOR ( 'NONE', #2189, 1000.000000000000000 ) ;
#8570 = LINE ( 'NONE', #619, #540 ) ;
#8571 = LINE ( 'NONE', #12596, #12329 ) ;
#8572 = ORIENTED_EDGE ( 'NONE', *, *, #11178, .F. ) ;
#8573 = ORIENTED_EDGE ( 'NONE', *, *, #6586, .T. ) ;
#8574 = ORIENTED_EDGE ( 'NONE', *, *, #2337, .T. ) ;
#8575 = CARTESIAN_POINT ( 'NONE',  ( 16.51000000000000156, -8.578981026812224210E-17, 2.158999999999999364 ) ) ;
#8576 = ORIENTED_EDGE ( 'NONE', *, *, #7121, .T. ) ;
#8577 = EDGE_CURVE ( 'NONE', #11426, #2293, #4935, .T. ) ;
#8578 = ORIENTED_EDGE ( 'NONE', *, *, #9193, .T. ) ;
#8579 = EDGE_CURVE ( 'NONE', #4817, #7422, #3701, .T. ) ;
#8580 = VECTOR ( 'NONE', #9093, 999.9999999999998863 ) ;
#8581 = FACE_OUTER_BOUND ( 'NONE', #10748, .T. ) ;
#8582 = AXIS2_PLACEMENT_3D ( 'NONE', #4898, #7896, #8747 ) ;
#8583 = CARTESIAN_POINT ( 'NONE',  ( -19.05000000000000071, 8.509000000000000341, -2.540000000000001812 ) ) ;
#8584 = PLANE ( 'NONE',  #1978 ) ;
#8585 = DIRECTION ( 'NONE',  ( 0.000000000000000000, -2.251701056906096594E-16, -1.000000000000000000 ) ) ;
#8586 = VERTEX_POINT ( 'NONE', #9694 ) ;
#8587 = CARTESIAN_POINT ( 'NONE',  ( 0.3810000000000000053, -2.692399999999994797, 1.066800000000000637 ) ) ;
#8588 = DIRECTION ( 'NONE',  ( -0.000000000000000000, -0.7071067811865501263, -0.7071067811865449082 ) ) ;
#8589 = EDGE_LOOP ( 'NONE', ( #9319, #1161, #7726, #10413 ) ) ;
#8590 = ORIENTED_EDGE ( 'NONE', *, *, #11554, .F. ) ;
#8591 = EDGE_LOOP ( 'NONE', ( #6913, #1440, #1712, #8269 ) ) ;
#8592 = VECTOR ( 'NONE', #7889, 1000.000000000000000 ) ;
#8593 = CARTESIAN_POINT ( 'NONE',  ( 9.779000000000003467, 7.239000000000000767, -0.8890000000000001235 ) ) ;
#8594 = AXIS2_PLACEMENT_3D ( 'NONE', #12436, #1565, #5673 ) ;
#8595 = ORIENTED_EDGE ( 'NONE', *, *, #9383, .F. ) ;
#8596 = EDGE_CURVE ( 'NONE', #9353, #9071, #1929, .T. ) ;
#8597 = VECTOR ( 'NONE', #12030, 1000.000000000000000 ) ;
#8598 = FACE_OUTER_BOUND ( 'NONE', #6398, .T. ) ;
#8599 = PLANE ( 'NONE',  #8489 ) ;
#8600 = VECTOR ( 'NONE', #10979, 1000.000000000000114 ) ;
#8601 = AXIS2_PLACEMENT_3D ( 'NONE', #1786, #5771, #2956 ) ;
#8602 = DIRECTION ( 'NONE',  ( 1.000000000000000000, 0.000000000000000000, 0.000000000000000000 ) ) ;
#8603 = VECTOR ( 'NONE', #3953, 1000.000000000000000 ) ;
#8604 = LINE ( 'NONE', #6447, #7888 ) ;
#8605 = FACE_OUTER_BOUND ( 'NONE', #11703, .T. ) ;
#8606 = DIRECTION ( 'NONE',  ( 0.000000000000000000, 3.058038798877906014E-16, -1.000000000000000000 ) ) ;
#8607 = EDGE_CURVE ( 'NONE', #2367, #2696, #12677, .T. ) ;
#8608 = LINE ( 'NONE', #716, #4355 ) ;
#8609 = EDGE_LOOP ( 'NONE', ( #7640, #5408, #5596, #1196 ) ) ;
#8610 = ORIENTED_EDGE ( 'NONE', *, *, #5868, .T. ) ;
#8611 = CARTESIAN_POINT ( 'NONE',  ( 8.890000000000002345, 8.509000000000000341, 2.540000000000001812 ) ) ;
#8612 = EDGE_LOOP ( 'NONE', ( #11234, #12597, #2753, #10825 ) ) ;
#8613 = EDGE_LOOP ( 'NONE', ( #4285, #324, #2139, #4846 ) ) ;
#8614 = STYLED_ITEM ( 'NONE', ( #7120 ), #6513 ) ;
#8615 = AXIS2_PLACEMENT_3D ( 'NONE', #3541, #7516, #4659 ) ;
#8616 = EDGE_LOOP ( 'NONE', ( #4290, #6316, #8774, #10151 ) ) ;
#8617 = VECTOR ( 'NONE', #9504, 1000.000000000000000 ) ;
#8618 = CARTESIAN_POINT ( 'NONE',  ( 13.08099999999999952, 7.239000000000000767, 1.650999999999999801 ) ) ;
#8619 = CARTESIAN_POINT ( 'NONE',  ( -12.31900000000000084, 7.239000000000000767, -0.8890000000000001235 ) ) ;
#8620 = DIRECTION ( 'NONE',  ( -1.000000000000000000, -0.000000000000000000, -0.000000000000000000 ) ) ;
#8621 = ADVANCED_FACE ( 'NONE', ( #10658 ), #2906, .T. ) ;
#8622 = CARTESIAN_POINT ( 'NONE',  ( 4.254500000000001059, 8.509000000000000341, -2.095500000000001695 ) ) ;
#8623 = DIRECTION ( 'NONE',  ( 0.000000000000000000, 0.000000000000000000, 1.000000000000000000 ) ) ;
#8624 = EDGE_LOOP ( 'NONE', ( #333, #90, #9030, #4564 ) ) ;
#8625 = DIRECTION ( 'NONE',  ( 0.000000000000000000, 2.251701056906096594E-16, 1.000000000000000000 ) ) ;
#8626 = FACE_OUTER_BOUND ( 'NONE', #6369, .T. ) ;
#8627 = VERTEX_POINT ( 'NONE', #11699 ) ;
#8628 = AXIS2_PLACEMENT_3D ( 'NONE', #12130, #1253, #5364 ) ;
#8629 = EDGE_CURVE ( 'NONE', #2072, #4638, #8913, .T. ) ;
#8630 = LINE ( 'NONE', #3545, #11338 ) ;
#8631 = ORIENTED_EDGE ( 'NONE', *, *, #6901, .F. ) ;
#8632 = PLANE ( 'NONE',  #7011 ) ;
#8633 = LINE ( 'NONE', #5828, #501 ) ;
#8634 = VECTOR ( 'NONE', #2443, 1000.000000000000000 ) ;
#8635 = PLANE ( 'NONE',  #11759 ) ;
#8636 = CARTESIAN_POINT ( 'NONE',  ( -8.890000000000000568, 0.000000000000000000, 2.539999999999999147 ) ) ;
#8637 = LINE ( 'NONE', #12595, #10334 ) ;
#8638 = CARTESIAN_POINT ( 'NONE',  ( -0.8255000000000033422, 8.509000000000000341, -2.540000000000001812 ) ) ;
#8639 = ORIENTED_EDGE ( 'NONE', *, *, #1886, .F. ) ;
#8640 = VERTEX_POINT ( 'NONE', #12607 ) ;
#8641 = ORIENTED_EDGE ( 'NONE', *, *, #1653, .F. ) ;
#8642 = DIRECTION ( 'NONE',  ( 0.000000000000000000, -0.7071067811865499042, 0.7071067811865451302 ) ) ;
#8643 = VECTOR ( 'NONE', #6758, 1000.000000000000000 ) ;
#8644 =( REPRESENTATION_RELATIONSHIP ('NONE','NONE', #12679, #10636 ) REPRESENTATION_RELATIONSHIP_WITH_TRANSFORMATION ( #10914 )SHAPE_REPRESENTATION_RELATIONSHIP( ) );
#8645 = VERTEX_POINT ( 'NONE', #3826 ) ;
#8646 = VECTOR ( 'NONE', #9631, 1000.000000000000000 ) ;
#8647 = DIRECTION ( 'NONE',  ( -0.000000000000000000, 0.000000000000000000, -1.000000000000000000 ) ) ;
#8648 = FACE_OUTER_BOUND ( 'NONE', #8125, .T. ) ;
#8649 = EDGE_CURVE ( 'NONE', #3560, #3574, #6764, .T. ) ;
#8650 = DIRECTION ( 'NONE',  ( 0.000000000000000000, 0.000000000000000000, -1.000000000000000000 ) ) ;
#8651 = ORIENTED_EDGE ( 'NONE', *, *, #10233, .F. ) ;
#8652 = EDGE_CURVE ( 'NONE', #8640, #5217, #4812, .T. ) ;
#8653 = VECTOR ( 'NONE', #6127, 1000.000000000000000 ) ;
#8654 = DIRECTION ( 'NONE',  ( -1.000000000000000000, 0.000000000000000000, 0.000000000000000000 ) ) ;
#8655 = LINE ( 'NONE', #5721, #6717 ) ;
#8656 = ORIENTED_EDGE ( 'NONE', *, *, #11580, .T. ) ;
#8657 = ORIENTED_EDGE ( 'NONE', *, *, #9936, .T. ) ;
#8658 = ORIENTED_EDGE ( 'NONE', *, *, #9448, .F. ) ;
#8659 = DIRECTION ( 'NONE',  ( -0.000000000000000000, 1.000000000000000000, 1.733406087350420004E-16 ) ) ;
#8660 = VECTOR ( 'NONE', #12723, 1000.000000000000000 ) ;
#8661 = ADVANCED_FACE ( 'NONE', ( #11764 ), #828, .F. ) ;
#8662 = ORIENTED_EDGE ( 'NONE', *, *, #4563, .F. ) ;
#8663 = VECTOR ( 'NONE', #10076, 1000.000000000000000 ) ;
#8664 = DIRECTION ( 'NONE',  ( 0.000000000000000000, -1.000000000000000000, 0.000000000000000000 ) ) ;
#8665 = LINE ( 'NONE', #7688, #795 ) ;
#8667 = CARTESIAN_POINT ( 'NONE',  ( -7.239000000000000767, 8.064499999999998892, 1.650999999999999801 ) ) ;
#8666 = VECTOR ( 'NONE', #4814, 1000.000000000000000 ) ;
#8668 = FACE_OUTER_BOUND ( 'NONE', #2523, .T. ) ;
#8670 = CARTESIAN_POINT ( 'NONE',  ( -9.779000000000001691, 8.064499999999998892, 0.8889999999999999014 ) ) ;
#8669 = VECTOR ( 'NONE', #11113, 1000.000000000000000 ) ;
#8671 = CARTESIAN_POINT ( 'NONE',  ( -3.365500000000003933, 8.509000000000000341, 2.095500000000002139 ) ) ;
#8672 = CARTESIAN_POINT ( 'NONE',  ( 14.85899999999999999, 7.239000000000000767, 1.650999999999999801 ) ) ;
#8673 = DIRECTION ( 'NONE',  ( 0.5773502691896259531, -0.5773502691896237327, -0.5773502691896276184 ) ) ;
#8674 = VERTEX_POINT ( 'NONE', #9820 ) ;
#8675 = EDGE_LOOP ( 'NONE', ( #153, #4995, #5606, #1872 ) ) ;
#8676 = EDGE_CURVE ( 'NONE', #10379, #1177, #5718, .T. ) ;
#8677 = DIRECTION ( 'NONE',  ( 0.000000000000000000, 0.9659258262890700886, -0.2588190451025140781 ) ) ;
#8678 = FACE_OUTER_BOUND ( 'NONE', #4714, .T. ) ;
#8679 = ORIENTED_EDGE ( 'NONE', *, *, #12411, .F. ) ;
#8680 = ORIENTED_EDGE ( 'NONE', *, *, #7327, .T. ) ;
#8681 = AXIS2_PLACEMENT_3D ( 'NONE', #6938, #4801, #3813 ) ;
#8682 = ORIENTED_EDGE ( 'NONE', *, *, #11414, .F. ) ;
#8683 = FACE_OUTER_BOUND ( 'NONE', #2572, .T. ) ;
#8684 = DIRECTION ( 'NONE',  ( 0.000000000000000000, -0.7071067811865499042, 0.7071067811865451302 ) ) ;
#8685 = LINE ( 'NONE', #12646, #4207 ) ;
#8686 = PLANE ( 'NONE',  #652 ) ;
#8687 = VECTOR ( 'NONE', #7759, 1000.000000000000000 ) ;
#8688 = FACE_OUTER_BOUND ( 'NONE', #1479, .T. ) ;
#8689 = ORIENTED_EDGE ( 'NONE', *, *, #5856, .T. ) ;
#8690 = CARTESIAN_POINT ( 'NONE',  ( -8.445500000000002672, 8.509000000000000341, 0.4444999999999970086 ) ) ;
#8691 = DIRECTION ( 'NONE',  ( 0.000000000000000000, -1.000000000000000000, 0.000000000000000000 ) ) ;
#8692 = ORIENTED_EDGE ( 'NONE', *, *, #2092, .T. ) ;
#8693 = VECTOR ( 'NONE', #7291, 1000.000000000000000 ) ;
#8694 = AXIS2_PLACEMENT_3D ( 'NONE', #2, #3003, #2871 ) ;
#8695 = EDGE_CURVE ( 'NONE', #7349, #3478, #1804, .T. ) ;
#8696 = VECTOR ( 'NONE', #12354, 1000.000000000000114 ) ;
#8697 = CARTESIAN_POINT ( 'NONE',  ( 19.05000000000000071, 0.5080000000000006732, -2.022881810244994583 ) ) ;
#8698 = VERTEX_POINT ( 'NONE', #2842 ) ;
#8699 = LINE ( 'NONE', #1595, #7212 ) ;
#8700 = VECTOR ( 'NONE', #9846, 1000.000000000000000 ) ;
#8701 = SURFACE_SIDE_STYLE ('',( #6807 ) ) ;
#8702 = PLANE ( 'NONE',  #3664 ) ;
#8703 = CARTESIAN_POINT ( 'NONE',  ( -0.3809999999999993947, 8.064500000000002444, -1.650999999999999801 ) ) ;
#8704 = CARTESIAN_POINT ( 'NONE',  ( 8.001000000000001222, 7.239000000000000767, -1.651000000000000023 ) ) ;
#8705 = AXIS2_PLACEMENT_3D ( 'NONE', #12432, #7290, #3517 ) ;
#8706 = FACE_OUTER_BOUND ( 'NONE', #11402, .T. ) ;
#8707 = ORIENTED_EDGE ( 'NONE', *, *, #3542, .F. ) ;
#8708 = VERTEX_POINT ( 'NONE', #697 ) ;
#8709 = ORIENTED_EDGE ( 'NONE', *, *, #12387, .T. ) ;
#8710 = PLANE ( 'NONE',  #11319 ) ;
#8711 = EDGE_CURVE ( 'NONE', #6960, #9097, #5783, .T. ) ;
#8712 = ORIENTED_EDGE ( 'NONE', *, *, #3002, .F. ) ;
#8713 = AXIS2_PLACEMENT_3D ( 'NONE', #6200, #4314, #10049 ) ;
#8714 = DIRECTION ( 'NONE',  ( 0.000000000000000000, -0.000000000000000000, 1.000000000000000000 ) ) ;
#8715 = CARTESIAN_POINT ( 'NONE',  ( -15.62099999999999866, 8.064499999999998892, 0.8889999999999999014 ) ) ;
#8716 = CARTESIAN_POINT ( 'NONE',  ( 10.16000000000000192, 0.000000000000000000, 0.000000000000000000 ) ) ;
#8717 = DIRECTION ( 'NONE',  ( -0.000000000000000000, 1.000000000000000000, 1.733406087350420004E-16 ) ) ;
#8718 = CARTESIAN_POINT ( 'NONE',  ( -5.460999999999998522, 8.064500000000002444, -1.650999999999999801 ) ) ;
#8719 = CARTESIAN_POINT ( 'NONE',  ( -4.698999999999999844, 7.239000000000000767, -0.8890000000000001235 ) ) ;
#8720 = EDGE_CURVE ( 'NONE', #5555, #1604, #4683, .T. ) ;
#8721 = DIRECTION ( 'NONE',  ( -0.5773502691896258421, 0.5773502691896236216, -0.5773502691896278405 ) ) ;
#8722 = ORIENTED_EDGE ( 'NONE', *, *, #10637, .F. ) ;
#8723 = ORIENTED_EDGE ( 'NONE', *, *, #8730, .T. ) ;
#8724 = EDGE_LOOP ( 'NONE', ( #11211, #12188, #12581, #5125 ) ) ;
#8725 = CARTESIAN_POINT ( 'NONE',  ( -8.000999999999999446, 7.239000000000000767, -0.8890000000000001235 ) ) ;
#8726 = VECTOR ( 'NONE', #8279, 1000.000000000000000 ) ;
#8727 = ADVANCED_FACE ( 'NONE', ( #8648 ), #1866, .F. ) ;
#8728 = EDGE_CURVE ( 'NONE', #1439, #3859, #8841, .T. ) ;
#8729 = ORIENTED_EDGE ( 'NONE', *, *, #5317, .T. ) ;
#8730 = EDGE_CURVE ( 'NONE', #6864, #2765, #12805, .T. ) ;
#8731 = PLANE ( 'NONE',  #7619 ) ;
#8732 = CARTESIAN_POINT ( 'NONE',  ( -6.349999999999999645, -8.578981026812224210E-17, 2.158999999999999364 ) ) ;
#8733 = EDGE_CURVE ( 'NONE', #5714, #9129, #8246, .T. ) ;
#8734 = PLANE ( 'NONE',  #4579 ) ;
#8735 = DIRECTION ( 'NONE',  ( 0.000000000000000000, 0.000000000000000000, -1.000000000000000000 ) ) ;
#8736 = LINE ( 'NONE', #9837, #872 ) ;
#8737 = DIRECTION ( 'NONE',  ( 0.5773502691896259531, -0.5773502691896237327, -0.5773502691896276184 ) ) ;
#8738 = EDGE_CURVE ( 'NONE', #2587, #7874, #1992, .T. ) ;
#8739 = DIRECTION ( 'NONE',  ( 0.000000000000000000, 0.9659258262890701996, 0.2588190451025140226 ) ) ;
#8740 = VERTEX_POINT ( 'NONE', #9953 ) ;
#8741 = VERTEX_POINT ( 'NONE', #8057 ) ;
#8742 = PLANE ( 'NONE',  #10976 ) ;
#8743 = VERTEX_POINT ( 'NONE', #5118 ) ;
#8744 = VECTOR ( 'NONE', #11846, 1000.000000000000114 ) ;
#8745 = ADVANCED_FACE ( 'NONE', ( #6035, #1082, #12138 ), #4012, .F. ) ;
#8746 = EDGE_CURVE ( 'NONE', #11316, #3505, #7197, .T. ) ;
#8747 = DIRECTION ( 'NONE',  ( 0.000000000000000000, -0.9659258262890700886, 0.2588190451025140781 ) ) ;
#8748 = EDGE_CURVE ( 'NONE', #6997, #10956, #1027, .T. ) ;
#8749 = CARTESIAN_POINT ( 'NONE',  ( 13.52550000000000274, 8.509000000000000341, 2.095500000000002139 ) ) ;
#8750 = DIRECTION ( 'NONE',  ( 0.000000000000000000, 0.000000000000000000, -1.000000000000000000 ) ) ;
#8751 = FACE_OUTER_BOUND ( 'NONE', #2194, .T. ) ;
#8752 = LINE ( 'NONE', #4652, #3134 ) ;
#8753 = CARTESIAN_POINT ( 'NONE',  ( 1.270000000000000240, -8.578981026812224210E-17, 2.158999999999999364 ) ) ;
#8754 = ORIENTED_EDGE ( 'NONE', *, *, #11603, .F. ) ;
#8755 = LINE ( 'NONE', #1843, #7572 ) ;
#8756 = ORIENTED_EDGE ( 'NONE', *, *, #5219, .T. ) ;
#8757 = LINE ( 'NONE', #6802, #12382 ) ;
#8758 = VERTEX_POINT ( 'NONE', #9155 ) ;
#8759 = ADVANCED_FACE ( 'NONE', ( #2059 ), #7018, .F. ) ;
#8760 = PRESENTATION_LAYER_ASSIGNMENT (  '', '', ( #6887 ) ) ;
#8761 = CARTESIAN_POINT ( 'NONE',  ( 4.699000000000001620, 8.064500000000002444, -0.8890000000000000124 ) ) ;
#8762 = LINE ( 'NONE', #9802, #2981 ) ;
#8763 = LINE ( 'NONE', #1665, #3028 ) ;
#8764 = LINE ( 'NONE', #1911, #10655 ) ;
#8765 = EDGE_CURVE ( 'NONE', #3692, #341, #2241, .T. ) ;
#8766 = PLANE ( 'NONE',  #8681 ) ;
#8767 = PLANE ( 'NONE',  #4215 ) ;
#8768 = ORIENTED_EDGE ( 'NONE', *, *, #12588, .T. ) ;
#8769 = ORIENTED_EDGE ( 'NONE', *, *, #2449, .F. ) ;
#8770 = ORIENTED_EDGE ( 'NONE', *, *, #2428, .F. ) ;
#8771 = FACE_OUTER_BOUND ( 'NONE', #9427, .T. ) ;
#8772 = VECTOR ( 'NONE', #6793, 1000.000000000000000 ) ;
#8773 = VECTOR ( 'NONE', #10366, 1000.000000000000000 ) ;
#8774 = ORIENTED_EDGE ( 'NONE', *, *, #12208, .F. ) ;
#8775 = CARTESIAN_POINT ( 'NONE',  ( -5.460999999999998522, 7.239000000000000767, 1.650999999999999801 ) ) ;
#8776 = CARTESIAN_POINT ( 'NONE',  ( 9.334499999999998465, 8.509000000000000341, -2.540000000000001812 ) ) ;
#8777 = LINE ( 'NONE', #12741, #6562 ) ;
#8778 = CARTESIAN_POINT ( 'NONE',  ( -16.95449999999999591, 8.509000000000000341, -2.540000000000001812 ) ) ;
#8779 = EDGE_CURVE ( 'NONE', #530, #7549, #8971, .T. ) ;
#8780 = LINE ( 'NONE', #3895, #7414 ) ;
#8781 = CARTESIAN_POINT ( 'NONE',  ( 9.779000000000003467, 8.064499999999998892, 1.651000000000000023 ) ) ;
#8782 = ORIENTED_EDGE ( 'NONE', *, *, #10716, .F. ) ;
#8783 = EDGE_LOOP ( 'NONE', ( #8207, #5768, #8657, #8111 ) ) ;
#8784 = ORIENTED_EDGE ( 'NONE', *, *, #6258, .T. ) ;
#8785 = DIRECTION ( 'NONE',  ( 0.000000000000000000, -1.000000000000000000, 0.000000000000000000 ) ) ;
#8786 = AXIS2_PLACEMENT_3D ( 'NONE', #7590, #6623, #617 ) ;
#8787 = VECTOR ( 'NONE', #1167, 1000.000000000000000 ) ;
#8788 = ORIENTED_EDGE ( 'NONE', *, *, #8068, .F. ) ;
#8789 = DIRECTION ( 'NONE',  ( 0.000000000000000000, -2.251701056906096594E-16, -1.000000000000000000 ) ) ;
#8790 = LINE ( 'NONE', #1943, #6626 ) ;
#8791 = FILL_AREA_STYLE_COLOUR ( '', #1299 ) ;
#8792 = PLANE ( 'NONE',  #3932 ) ;
#8793 = CARTESIAN_POINT ( 'NONE',  ( 10.54100000000000215, 7.239000000000000767, -0.8890000000000001235 ) ) ;
#8794 = DIRECTION ( 'NONE',  ( -0.000000000000000000, 1.000000000000000000, 1.733406087350420004E-16 ) ) ;
#8795 = LINE ( 'NONE', #9971, #11017 ) ;
#8796 = COLOUR_RGB ( '',0.2509803921568627416, 0.2509803921568627416, 0.2509803921568627416 ) ;
#8797 = VECTOR ( 'NONE', #6108, 1000.000000000000000 ) ;
#8798 = VECTOR ( 'NONE', #1580, 1000.000000000000000 ) ;
#8799 = CARTESIAN_POINT ( 'NONE',  ( 16.51000000000000156, 0.000000000000000000, 2.539999999999999147 ) ) ;
#8800 = ORIENTED_EDGE ( 'NONE', *, *, #7372, .T. ) ;
#8801 = ORIENTED_EDGE ( 'NONE', *, *, #8695, .F. ) ;
#8802 = LINE ( 'NONE', #12833, #6632 ) ;
#8803 = ORIENTED_EDGE ( 'NONE', *, *, #6156, .F. ) ;
#8804 = ADVANCED_FACE ( 'NONE', ( #4073 ), #30, .F. ) ;
#8805 = VECTOR ( 'NONE', #1620, 1000.000000000000000 ) ;
#8806 = VECTOR ( 'NONE', #6844, 1000.000000000000000 ) ;
#8807 = CARTESIAN_POINT ( 'NONE',  ( -16.51000000000000156, 8.509000000000000341, 2.540000000000001812 ) ) ;
#8808 = DIRECTION ( 'NONE',  ( -0.000000000000000000, -0.7071067811865501263, -0.7071067811865449082 ) ) ;
#8809 = DIRECTION ( 'NONE',  ( -1.000000000000000000, 0.000000000000000000, 0.000000000000000000 ) ) ;
#8810 = CARTESIAN_POINT ( 'NONE',  ( 8.890000000000002345, 0.000000000000000000, 0.000000000000000000 ) ) ;
#8811 = LINE ( 'NONE', #9919, #3578 ) ;
#8812 = CARTESIAN_POINT ( 'NONE',  ( 14.85899999999999999, 8.064500000000002444, -0.8890000000000001235 ) ) ;
#8813 = EDGE_CURVE ( 'NONE', #2800, #2389, #11165, .T. ) ;
#8814 = ORIENTED_EDGE ( 'NONE', *, *, #2838, .F. ) ;
#8815 = EDGE_CURVE ( 'NONE', #3574, #4855, #9035, .T. ) ;
#8816 = AXIS2_PLACEMENT_3D ( 'NONE', #12714, #11863, #1967 ) ;
#8817 = CARTESIAN_POINT ( 'NONE',  ( 16.51000000000000156, 6.505213034913026604E-16, -2.540000000000000924 ) ) ;
#8818 = CARTESIAN_POINT ( 'NONE',  ( 14.85899999999999999, 7.239000000000000767, -0.8890000000000001235 ) ) ;
#8819 = ORIENTED_EDGE ( 'NONE', *, *, #4675, .T. ) ;
#8820 = EDGE_CURVE ( 'NONE', #11117, #1661, #7078, .T. ) ;
#8821 = CARTESIAN_POINT ( 'NONE',  ( 2.159000000000001140, 7.239000000000000767, -0.8890000000000001235 ) ) ;
#8822 = VERTEX_POINT ( 'NONE', #7994 ) ;
#8823 = CARTESIAN_POINT ( 'NONE',  ( -2.159000000000001140, 7.239000000000000767, -1.651000000000000023 ) ) ;
#8824 = DIRECTION ( 'NONE',  ( 0.000000000000000000, -1.000000000000000000, 1.019346266292635338E-16 ) ) ;
#8825 = PRODUCT_DEFINITION_CONTEXT ( 'detailed design', #10209, 'design' ) ;
#8826 =( NAMED_UNIT ( * ) PLANE_ANGLE_UNIT ( ) SI_UNIT ( $, .RADIAN. ) );
#8827 = LINE ( 'NONE', #9803, #8660 ) ;
#8828 = CARTESIAN_POINT ( 'NONE',  ( 10.54100000000000215, 8.064500000000002444, -0.8890000000000001235 ) ) ;
#8829 = CARTESIAN_POINT ( 'NONE',  ( -16.51000000000000156, -8.578981026812224210E-17, 2.158999999999999364 ) ) ;
#8830 = DIRECTION ( 'NONE',  ( 0.000000000000000000, 0.000000000000000000, 1.000000000000000000 ) ) ;
#8831 = VERTEX_POINT ( 'NONE', #11042 ) ;
#8832 = ORIENTED_EDGE ( 'NONE', *, *, #12241, .T. ) ;
#8833 = ORIENTED_EDGE ( 'NONE', *, *, #929, .T. ) ;
#8834 = EDGE_CURVE ( 'NONE', #2716, #1746, #2119, .T. ) ;
#8836 = LINE ( 'NONE', #7986, #507 ) ;
#8835 =( GEOMETRIC_REPRESENTATION_CONTEXT ( 3 ) GLOBAL_UNCERTAINTY_ASSIGNED_CONTEXT ( ( #8438 ) ) GLOBAL_UNIT_ASSIGNED_CONTEXT ( ( #4466, #12265, #2433 ) ) REPRESENTATION_CONTEXT ( 'NONE', 'WORKASPACE' ) );
#8837 = EDGE_CURVE ( 'NONE', #3657, #2546, #8119, .T. ) ;
#8838 = ORIENTED_EDGE ( 'NONE', *, *, #12807, .T. ) ;
#8839 = LINE ( 'NONE', #10061, #5546 ) ;
#8840 = CARTESIAN_POINT ( 'NONE',  ( 15.62099999999999866, 7.239000000000000767, 1.650999999999999801 ) ) ;
#8841 = LINE ( 'NONE', #11638, #9300 ) ;
#8842 = LINE ( 'NONE', #3894, #8370 ) ;
#8843 = CARTESIAN_POINT ( 'NONE',  ( -16.51000000000000156, 4.336808689942017736E-16, -2.159000000000001140 ) ) ;
#8844 = FACE_OUTER_BOUND ( 'NONE', #5739, .T. ) ;
#8845 = ORIENTED_EDGE ( 'NONE', *, *, #8549, .T. ) ;
#8846 = ORIENTED_EDGE ( 'NONE', *, *, #4221, .T. ) ;
#8847 = ORIENTED_EDGE ( 'NONE', *, *, #6603, .F. ) ;
#8848 = DIRECTION ( 'NONE',  ( 0.000000000000000000, 0.000000000000000000, -1.000000000000000000 ) ) ;
#8849 = AXIS2_PLACEMENT_3D ( 'NONE', #1530, #3417, #4333 ) ;
#8850 = EDGE_CURVE ( 'NONE', #7099, #6833, #1258, .T. ) ;
#8851 = EDGE_CURVE ( 'NONE', #5773, #177, #10129, .T. ) ;
#8852 = ORIENTED_EDGE ( 'NONE', *, *, #9201, .T. ) ;
#8853 = DIRECTION ( 'NONE',  ( 0.000000000000000000, 1.607907343367028359E-16, -1.000000000000000000 ) ) ;
#8854 = LINE ( 'NONE', #7882, #9535 ) ;
#8855 = DIRECTION ( 'NONE',  ( -0.000000000000000000, -0.000000000000000000, 1.000000000000000000 ) ) ;
#8856 = FACE_OUTER_BOUND ( 'NONE', #3691, .T. ) ;
#8857 = DIRECTION ( 'NONE',  ( -0.000000000000000000, 1.000000000000000000, 1.733406087350420004E-16 ) ) ;
#8858 = PLANE ( 'NONE',  #6227 ) ;
#8859 = AXIS2_PLACEMENT_3D ( 'NONE', #8897, #3686, #9872 ) ;
#8860 = FILL_AREA_STYLE ('',( #7037 ) ) ;
#8861 = ORIENTED_EDGE ( 'NONE', *, *, #8492, .T. ) ;
#8862 = ORIENTED_EDGE ( 'NONE', *, *, #3879, .T. ) ;
#8863 = DIRECTION ( 'NONE',  ( 0.5773502691896259531, -0.5773502691896237327, -0.5773502691896276184 ) ) ;
#8864 = EDGE_CURVE ( 'NONE', #5496, #12353, #5242, .T. ) ;
#8865 = PLANE ( 'NONE',  #6399 ) ;
#8866 = ORIENTED_EDGE ( 'NONE', *, *, #2681, .F. ) ;
#8867 = VECTOR ( 'NONE', #4431, 1000.000000000000000 ) ;
#8868 = EDGE_CURVE ( 'NONE', #12111, #626, #1394, .T. ) ;
#8869 = VECTOR ( 'NONE', #7108, 1000.000000000000000 ) ;
#8870 = VECTOR ( 'NONE', #2597, 1000.000000000000000 ) ;
#8871 = ORIENTED_EDGE ( 'NONE', *, *, #1533, .F. ) ;
#8872 = PLANE ( 'NONE',  #2840 ) ;
#8873 = CARTESIAN_POINT ( 'NONE',  ( 16.95449999999999946, 8.509000000000000341, -2.540000000000001812 ) ) ;
#8874 = CARTESIAN_POINT ( 'NONE',  ( 13.97000000000000064, -8.578981026812224210E-17, 2.158999999999999364 ) ) ;
#8875 = CARTESIAN_POINT ( 'NONE',  ( -0.3809999999999993947, 7.239000000000000767, -0.8890000000000001235 ) ) ;
#8876 = AXIS2_PLACEMENT_3D ( 'NONE', #11565, #3698, #1676 ) ;
#8877 = PLANE ( 'NONE',  #9912 ) ;
#8878 = ORIENTED_EDGE ( 'NONE', *, *, #7532, .F. ) ;
#8879 = DIRECTION ( 'NONE',  ( -1.000000000000000000, 0.000000000000000000, 0.000000000000000000 ) ) ;
#8880 = ADVANCED_FACE ( 'NONE', ( #1598 ), #12467, .F. ) ;
#8881 = AXIS2_PLACEMENT_3D ( 'NONE', #12403, #2500, #1462 ) ;
#8882 = DIRECTION ( 'NONE',  ( -0.000000000000000000, 1.000000000000000000, 1.733406087350420004E-16 ) ) ;
#8883 = VERTEX_POINT ( 'NONE', #12528 ) ;
#8884 = VECTOR ( 'NONE', #9092, 1000.000000000000000 ) ;
#8885 = EDGE_CURVE ( 'NONE', #792, #4329, #1321, .T. ) ;
#8886 = DIRECTION ( 'NONE',  ( 0.000000000000000000, 1.733406087350420004E-16, -1.000000000000000000 ) ) ;
#8887 = EDGE_CURVE ( 'NONE', #4284, #11693, #11228, .T. ) ;
#8888 = ORIENTED_EDGE ( 'NONE', *, *, #9654, .F. ) ;
#8889 = ADVANCED_FACE ( 'NONE', ( #11487, #11293, #5303 ), #409, .F. ) ;
#8890 = VECTOR ( 'NONE', #8219, 1000.000000000000000 ) ;
#8891 = CARTESIAN_POINT ( 'NONE',  ( 7.239000000000002544, 7.239000000000000767, 1.650999999999999801 ) ) ;
#8892 = CARTESIAN_POINT ( 'NONE',  ( 13.97000000000000064, 4.336808689942017736E-16, -2.159000000000001140 ) ) ;
#8893 = EDGE_CURVE ( 'NONE', #2897, #4638, #12266, .T. ) ;
#8894 = PLANE ( 'NONE',  #1469 ) ;
#8895 =( REPRESENTATION_RELATIONSHIP ('NONE','NONE', #12679, #10636 ) REPRESENTATION_RELATIONSHIP_WITH_TRANSFORMATION ( #9034 )SHAPE_REPRESENTATION_RELATIONSHIP( ) );
#8896 = EDGE_CURVE ( 'NONE', #3693, #2704, #4536, .T. ) ;
#8897 = CARTESIAN_POINT ( 'NONE',  ( -10.54100000000000037, 8.064499999999998892, 1.651000000000000023 ) ) ;
#8898 = CARTESIAN_POINT ( 'NONE',  ( -10.98550000000000004, 8.509000000000000341, -2.095500000000001695 ) ) ;
#8899 = CARTESIAN_POINT ( 'NONE',  ( 22.86000000000000298, 7.239000000000000767, -2.201425730935033664E-16 ) ) ;
#8900 = EDGE_CURVE ( 'NONE', #5520, #12763, #2498, .T. ) ;
#8901 = CARTESIAN_POINT ( 'NONE',  ( 8.890000000000002345, 4.336808689942017736E-16, -2.159000000000001140 ) ) ;
#8902 = ORIENTED_EDGE ( 'NONE', *, *, #8455, .T. ) ;
#8903 = VERTEX_POINT ( 'NONE', #2363 ) ;
#8904 = VERTEX_POINT ( 'NONE', #2435 ) ;
#8905 = LINE ( 'NONE', #7729, #3436 ) ;
#8906 = VECTOR ( 'NONE', #3786, 1000.000000000000000 ) ;
#8907 = ORIENTED_EDGE ( 'NONE', *, *, #2370, .F. ) ;
#8908 = VECTOR ( 'NONE', #1762, 1000.000000000000000 ) ;
#8909 = LINE ( 'NONE', #3951, #11348 ) ;
#8910 = EDGE_CURVE ( 'NONE', #8883, #9129, #6345, .T. ) ;
#8911 = VECTOR ( 'NONE', #2530, 1000.000000000000000 ) ;
#8912 = CONTEXT_DEPENDENT_SHAPE_REPRESENTATION ( #11716, #10114 ) ;
#8913 = LINE ( 'NONE', #761, #10299 ) ;
#8914 = LINE ( 'NONE', #763, #4190 ) ;
#8915 = DIRECTION ( 'NONE',  ( 0.000000000000000000, 0.000000000000000000, -1.000000000000000000 ) ) ;
#8916 = LINE ( 'NONE', #12810, #5693 ) ;
#8917 = ORIENTED_EDGE ( 'NONE', *, *, #3629, .F. ) ;
#8918 = ORIENTED_EDGE ( 'NONE', *, *, #8676, .T. ) ;
#8919 = ORIENTED_EDGE ( 'NONE', *, *, #2663, .T. ) ;
#8920 = CARTESIAN_POINT ( 'NONE',  ( -0.1961031209927686925, -3.200400000000000134, -1.473199999999999843 ) ) ;
#8921 = VECTOR ( 'NONE', #6533, 1000.000000000000000 ) ;
#8922 = VERTEX_POINT ( 'NONE', #8511 ) ;
#8923 = CARTESIAN_POINT ( 'NONE',  ( 1.270000000000000240, 0.5080000000000000071, 2.022881810244992806 ) ) ;
#8924 = DIRECTION ( 'NONE',  ( -0.000000000000000000, -0.7071067811865501263, -0.7071067811865449082 ) ) ;
#8925 = EDGE_CURVE ( 'NONE', #10650, #1328, #4400, .T. ) ;
#8926 = DIRECTION ( 'NONE',  ( -1.000000000000000000, 0.000000000000000000, 0.000000000000000000 ) ) ;
#8927 = DIRECTION ( 'NONE',  ( 0.000000000000000000, 1.000000000000000000, -1.019346266292635338E-16 ) ) ;
#8928 = CARTESIAN_POINT ( 'NONE',  ( -14.85899999999999999, 8.064499999999998892, 1.651000000000000023 ) ) ;
#8929 = CARTESIAN_POINT ( 'NONE',  ( 17.39900000000000091, 8.064499999999998892, 1.651000000000000023 ) ) ;
#8930 = VECTOR ( 'NONE', #10483, 1000.000000000000000 ) ;
#8931 = LINE ( 'NONE', #8799, #10032 ) ;
#8932 = ORIENTED_EDGE ( 'NONE', *, *, #4835, .F. ) ;
#8933 = ORIENTED_EDGE ( 'NONE', *, *, #2179, .F. ) ;
#8934 = ORIENTED_EDGE ( 'NONE', *, *, #2113, .T. ) ;
#8935 = EDGE_CURVE ( 'NONE', #736, #11443, #9483, .T. ) ;
#8936 = SURFACE_STYLE_USAGE ( .BOTH. , #5083 ) ;
#8937 = PLANE ( 'NONE',  #11615 ) ;
#8938 = VERTEX_POINT ( 'NONE', #10324 ) ;
#8939 = VECTOR ( 'NONE', #7032, 1000.000000000000000 ) ;
#8940 = AXIS2_PLACEMENT_3D ( 'NONE', #10487, #7695, #5478 ) ;
#8941 = ORIENTED_EDGE ( 'NONE', *, *, #935, .T. ) ;
#8942 = CARTESIAN_POINT ( 'NONE',  ( 14.85899999999999999, 8.064500000000002444, -1.650999999999999801 ) ) ;
#8943 = PLANE ( 'NONE',  #12660 ) ;
#8944 = DIRECTION ( 'NONE',  ( -1.000000000000000000, 0.000000000000000000, 0.000000000000000000 ) ) ;
#8945 = LINE ( 'NONE', #70, #4626 ) ;
#8946 = CARTESIAN_POINT ( 'NONE',  ( 9.779000000000003467, 8.064500000000002444, -0.8890000000000000124 ) ) ;
#8947 = VERTEX_POINT ( 'NONE', #11354 ) ;
#8948 = ADVANCED_FACE ( 'NONE', ( #6550 ), #9288, .F. ) ;
#8949 = SURFACE_SIDE_STYLE ('',( #7054 ) ) ;
#8950 = DIRECTION ( 'NONE',  ( 0.000000000000000000, 1.607907343367028359E-16, -1.000000000000000000 ) ) ;
#8951 = FACE_OUTER_BOUND ( 'NONE', #9959, .T. ) ;
#8952 = ORIENTED_EDGE ( 'NONE', *, *, #7788, .F. ) ;
#8953 = CARTESIAN_POINT ( 'NONE',  ( -18.16100000000000136, 7.239000000000000767, -1.651000000000000023 ) ) ;
#8954 = VERTEX_POINT ( 'NONE', #10513 ) ;
#8955 = EDGE_CURVE ( 'NONE', #10908, #7330, #616, .T. ) ;
#8956 = PLANE ( 'NONE',  #3057 ) ;
#8957 = DIRECTION ( 'NONE',  ( -0.000000000000000000, 1.019346266292635338E-16, 1.000000000000000000 ) ) ;
#8958 = DIRECTION ( 'NONE',  ( -1.000000000000000000, 0.000000000000000000, 0.000000000000000000 ) ) ;
#8959 = DIRECTION ( 'NONE',  ( 0.000000000000000000, 0.000000000000000000, -1.000000000000000000 ) ) ;
#8960 = PLANE ( 'NONE',  #450 ) ;
#8961 = CARTESIAN_POINT ( 'NONE',  ( -0.8255000000000033422, 8.509000000000000341, 2.095500000000002139 ) ) ;
#8962 = DIRECTION ( 'NONE',  ( -0.5773502691896259531, -0.5773502691896237327, -0.5773502691896276184 ) ) ;
#8963 = VERTEX_POINT ( 'NONE', #6415 ) ;
#8964 = ORIENTED_EDGE ( 'NONE', *, *, #11084, .F. ) ;
#8965 = ORIENTED_EDGE ( 'NONE', *, *, #11336, .F. ) ;
#8966 = LINE ( 'NONE', #6879, #9897 ) ;
#8967 = EDGE_CURVE ( 'NONE', #6908, #5520, #10387, .T. ) ;
#8968 = VERTEX_POINT ( 'NONE', #478 ) ;
#8969 = EDGE_CURVE ( 'NONE', #9071, #4597, #4467, .T. ) ;
#8970 = DIRECTION ( 'NONE',  ( 1.000000000000000000, 0.000000000000000000, 0.000000000000000000 ) ) ;
#8971 = LINE ( 'NONE', #3155, #7208 ) ;
#8972 = LINE ( 'NONE', #9757, #9817 ) ;
#8973 = DIRECTION ( 'NONE',  ( 0.000000000000000000, -5.691349986800550837E-16, 1.000000000000000000 ) ) ;
#8974 = DIRECTION ( 'NONE',  ( 0.000000000000000000, 0.000000000000000000, 1.000000000000000000 ) ) ;
#8975 = EDGE_LOOP ( 'NONE', ( #4037, #552, #2215, #1526 ) ) ;
#8976 = VERTEX_POINT ( 'NONE', #11422 ) ;
#8977 = EDGE_CURVE ( 'NONE', #6666, #5900, #8763, .T. ) ;
#8978 = ORIENTED_EDGE ( 'NONE', *, *, #7280, .F. ) ;
#8979 = DIRECTION ( 'NONE',  ( -1.000000000000000000, -0.000000000000000000, -0.000000000000000000 ) ) ;
#8980 = ADVANCED_FACE ( 'NONE', ( #941 ), #6749, .F. ) ;
#8981 = ORIENTED_EDGE ( 'NONE', *, *, #1145, .F. ) ;
#8982 = DIRECTION ( 'NONE',  ( -1.000000000000000000, 0.000000000000000000, 0.000000000000000000 ) ) ;
#8983 = VECTOR ( 'NONE', #6455, 1000.000000000000000 ) ;
#8984 = LINE ( 'NONE', #10142, #1207 ) ;
#8985 = DIRECTION ( 'NONE',  ( 0.000000000000000000, -1.000000000000000000, 0.000000000000000000 ) ) ;
#8986 = CARTESIAN_POINT ( 'NONE',  ( -18.16100000000000136, 8.064499999999998892, 0.8889999999999999014 ) ) ;
#8987 = CARTESIAN_POINT ( 'NONE',  ( 15.62099999999999866, 7.239000000000000767, -1.651000000000000023 ) ) ;
#8988 = DIRECTION ( 'NONE',  ( -1.000000000000000000, 0.000000000000000000, 0.000000000000000000 ) ) ;
#8989 = CARTESIAN_POINT ( 'NONE',  ( 14.85899999999999999, 7.239000000000000767, 1.650999999999999801 ) ) ;
#8990 = ORIENTED_EDGE ( 'NONE', *, *, #5644, .F. ) ;
#8991 = ORIENTED_EDGE ( 'NONE', *, *, #5214, .T. ) ;
#8992 = VERTEX_POINT ( 'NONE', #1910 ) ;
#8993 = VECTOR ( 'NONE', #5275, 1000.000000000000000 ) ;
#8994 = CARTESIAN_POINT ( 'NONE',  ( 19.30400000000000205, 8.509000000000000341, 2.540000000000001812 ) ) ;
#8995 = CARTESIAN_POINT ( 'NONE',  ( -15.62099999999999866, 7.239000000000000767, 0.8889999999999997904 ) ) ;
#8996 = VERTEX_POINT ( 'NONE', #3874 ) ;
#8997 = EDGE_CURVE ( 'NONE', #385, #11578, #3810, .T. ) ;
#8998 = DIRECTION ( 'NONE',  ( 0.000000000000000000, 0.000000000000000000, -1.000000000000000000 ) ) ;
#8999 = EDGE_CURVE ( 'NONE', #3832, #1705, #6686, .T. ) ;
#9000 = AXIS2_PLACEMENT_3D ( 'NONE', #10011, #12016, #4141 ) ;
#9001 = DIRECTION ( 'NONE',  ( 0.000000000000000000, 2.251701056906096594E-16, 1.000000000000000000 ) ) ;
#9002 = PLANE ( 'NONE',  #7254 ) ;
#9003 = CARTESIAN_POINT ( 'NONE',  ( -15.62099999999999866, 7.239000000000000767, -0.8890000000000001235 ) ) ;
#9004 = DIRECTION ( 'NONE',  ( 0.000000000000000000, 1.607907343367028359E-16, -1.000000000000000000 ) ) ;
#9005 = DIRECTION ( 'NONE',  ( 1.000000000000000000, 0.000000000000000000, 0.000000000000000000 ) ) ;
#9006 = VERTEX_POINT ( 'NONE', #1853 ) ;
#9007 = FACE_OUTER_BOUND ( 'NONE', #2626, .T. ) ;
#9008 = DIRECTION ( 'NONE',  ( -0.000000000000000000, -0.7071067811865482389, -0.7071067811865469066 ) ) ;
#9009 = ORIENTED_EDGE ( 'NONE', *, *, #4907, .F. ) ;
#9010 = AXIS2_PLACEMENT_3D ( 'NONE', #4217, #9112, #3366 ) ;
#9011 = VECTOR ( 'NONE', #10757, 1000.000000000000000 ) ;
#9012 = LINE ( 'NONE', #11931, #12173 ) ;
#9013 = EDGE_LOOP ( 'NONE', ( #6113, #305, #3863, #7158 ) ) ;
#9014 = ADVANCED_FACE ( 'NONE', ( #7661 ), #5829, .F. ) ;
#9015 = CARTESIAN_POINT ( 'NONE',  ( -0.3810000000000000053, -2.692399999999994797, -1.473200000000000065 ) ) ;
#9016 = AXIS2_PLACEMENT_3D ( 'NONE', #8331, #11056, #297 ) ;
#9017 = CARTESIAN_POINT ( 'NONE',  ( -11.43000000000000149, 8.509000000000000341, 2.540000000000001812 ) ) ;
#9018 = CARTESIAN_POINT ( 'NONE',  ( 25.40000000000000213, 7.239000000000000767, -2.201425730935033664E-16 ) ) ;
#9019 = VECTOR ( 'NONE', #5306, 999.9999999999998863 ) ;
#9020 = CARTESIAN_POINT ( 'NONE',  ( 16.51000000000000156, 0.000000000000000000, 2.539999999999999147 ) ) ;
#9021 = CARTESIAN_POINT ( 'NONE',  ( -1.270000000000000240, 4.336808689942017736E-16, -2.159000000000001140 ) ) ;
#9022 = ORIENTED_EDGE ( 'NONE', *, *, #10349, .F. ) ;
#9023 = PLANE ( 'NONE',  #7205 ) ;
#9024 = PLANE ( 'NONE',  #8397 ) ;
#9025 = ORIENTED_EDGE ( 'NONE', *, *, #7586, .T. ) ;
#9026 = ORIENTED_EDGE ( 'NONE', *, *, #9548, .F. ) ;
#9027 = VECTOR ( 'NONE', #3572, 1000.000000000000000 ) ;
#9028 = ADVANCED_FACE ( 'NONE', ( #4920 ), #1728, .F. ) ;
#9029 = VECTOR ( 'NONE', #12728, 1000.000000000000000 ) ;
#9030 = ORIENTED_EDGE ( 'NONE', *, *, #7344, .F. ) ;
#9031 = LINE ( 'NONE', #93, #9290 ) ;
#9032 = DIRECTION ( 'NONE',  ( 0.000000000000000000, -1.000000000000000000, 1.019346266292635338E-16 ) ) ;
#9033 = VECTOR ( 'NONE', #5236, 1000.000000000000000 ) ;
#9034 = ITEM_DEFINED_TRANSFORMATION ( 'NONE', 'NONE', #7483,  #2067 ) ;
#9035 = LINE ( 'NONE', #11947, #1596 ) ;
#9036 = DIRECTION ( 'NONE',  ( 0.000000000000000000, -0.000000000000000000, -1.000000000000000000 ) ) ;
#9037 = FACE_OUTER_BOUND ( 'NONE', #4269, .T. ) ;
#9038 = CARTESIAN_POINT ( 'NONE',  ( -15.62099999999999866, 8.064499999999998892, 1.651000000000000023 ) ) ;
#9039 = ORIENTED_EDGE ( 'NONE', *, *, #7702, .F. ) ;
#9040 = ORIENTED_EDGE ( 'NONE', *, *, #6244, .T. ) ;
#9041 = ORIENTED_EDGE ( 'NONE', *, *, #7501, .F. ) ;
#9042 = ORIENTED_EDGE ( 'NONE', *, *, #1445, .T. ) ;
#9043 = DIRECTION ( 'NONE',  ( 1.000000000000000000, 0.000000000000000000, -0.000000000000000000 ) ) ;
#9044 = EDGE_CURVE ( 'NONE', #8252, #9583, #11809, .T. ) ;
#9045 = LINE ( 'NONE', #106, #1422 ) ;
#9046 = ADVANCED_FACE ( 'NONE', ( #5766 ), #5642, .F. ) ;
#9047 = DIRECTION ( 'NONE',  ( 0.000000000000000000, 0.000000000000000000, 1.000000000000000000 ) ) ;
#9048 = DIRECTION ( 'NONE',  ( 0.000000000000000000, 0.9659258262890701996, 0.2588190451025140226 ) ) ;
#9049 = CARTESIAN_POINT ( 'NONE',  ( -6.349999999999999645, -8.578981026812224210E-17, 2.158999999999999364 ) ) ;
#9050 = LINE ( 'NONE', #8199, #2710 ) ;
#9051 = EDGE_CURVE ( 'NONE', #11578, #1135, #8827, .T. ) ;
#9052 = CARTESIAN_POINT ( 'NONE',  ( -18.16100000000000136, 8.064499999999998892, 1.650999999999999801 ) ) ;
#9053 = EDGE_LOOP ( 'NONE', ( #10089, #10347, #9295, #1435 ) ) ;
#9054 = ORIENTED_EDGE ( 'NONE', *, *, #5980, .F. ) ;
#9055 = VERTEX_POINT ( 'NONE', #879 ) ;
#9056 = CARTESIAN_POINT ( 'NONE',  ( -18.16100000000000136, 8.064500000000002444, -1.650999999999999801 ) ) ;
#9057 = ADVANCED_FACE ( 'NONE', ( #2759 ), #6871, .F. ) ;
#9058 = ORIENTED_EDGE ( 'NONE', *, *, #4421, .T. ) ;
#9059 = CARTESIAN_POINT ( 'NONE',  ( 10.28700000000000081, 7.810500000000002885, -1.143000000000000460 ) ) ;
#9061 = CARTESIAN_POINT ( 'NONE',  ( 11.42999999999999972, 8.509000000000000341, 2.540000000000001812 ) ) ;
#9060 = AXIS2_PLACEMENT_3D ( 'NONE', #5704, #10836, #7790 ) ;
#9062 = CARTESIAN_POINT ( 'NONE',  ( 8.890000000000002345, 0.000000000000000000, 2.539999999999999147 ) ) ;
#9063 = CARTESIAN_POINT ( 'NONE',  ( 15.62099999999999866, 7.239000000000000767, -0.8890000000000001235 ) ) ;
#9064 = DIRECTION ( 'NONE',  ( 0.000000000000000000, -0.7071067811865475727, 0.7071067811865475727 ) ) ;
#9065 = ADVANCED_FACE ( 'NONE', ( #11748 ), #10773, .F. ) ;
#9066 = FACE_OUTER_BOUND ( 'NONE', #8487, .T. ) ;
#9067 = DIRECTION ( 'NONE',  ( 0.000000000000000000, -2.251701056906096594E-16, -1.000000000000000000 ) ) ;
#9068 = EDGE_LOOP ( 'NONE', ( #8680, #12034, #3989, #2886 ) ) ;
#9069 = VECTOR ( 'NONE', #6197, 1000.000000000000000 ) ;
#9070 = CARTESIAN_POINT ( 'NONE',  ( 11.42999999999999972, 8.509000000000000341, -2.540000000000001812 ) ) ;
#9071 = VERTEX_POINT ( 'NONE', #11551 ) ;
#9072 = VECTOR ( 'NONE', #9067, 1000.000000000000000 ) ;
#9073 = PLANE ( 'NONE',  #3445 ) ;
#9074 = ORIENTED_EDGE ( 'NONE', *, *, #4944, .F. ) ;
#9075 = CARTESIAN_POINT ( 'NONE',  ( -3.809999999999999165, 8.509000000000000341, -2.540000000000001812 ) ) ;
#9076 = PLANE ( 'NONE',  #5588 ) ;
#9077 = SURFACE_SIDE_STYLE ('',( #6933 ) ) ;
#9078 = VECTOR ( 'NONE', #928, 1000.000000000000000 ) ;
#9079 = CARTESIAN_POINT ( 'NONE',  ( -13.97000000000000064, 6.505213034913026604E-16, -2.540000000000000924 ) ) ;
#9080 = VECTOR ( 'NONE', #11010, 1000.000000000000000 ) ;
#9081 = CARTESIAN_POINT ( 'NONE',  ( 19.05000000000000071, 4.336808689942017736E-16, -2.159000000000001140 ) ) ;
#9082 = VERTEX_POINT ( 'NONE', #2631 ) ;
#9083 = DIRECTION ( 'NONE',  ( 0.000000000000000000, -1.000000000000000000, -3.058038798877906014E-16 ) ) ;
#9084 = FACE_OUTER_BOUND ( 'NONE', #102, .T. ) ;
#9085 = EDGE_LOOP ( 'NONE', ( #7273, #7211, #4339, #3116 ) ) ;
#9086 = EDGE_CURVE ( 'NONE', #7110, #2496, #9677, .T. ) ;
#9087 = MECHANICAL_DESIGN_GEOMETRIC_PRESENTATION_REPRESENTATION (  '', ( #7423 ), #10739 ) ;
#9088 = EDGE_LOOP ( 'NONE', ( #5924, #11769, #9868, #5268 ) ) ;
#9089 = LINE ( 'NONE', #4136, #7835 ) ;
#9090 = DIRECTION ( 'NONE',  ( 0.000000000000000000, 1.607907343367028359E-16, -1.000000000000000000 ) ) ;
#9091 = AXIS2_PLACEMENT_3D ( 'NONE', #5950, #9933, #81 ) ;
#9092 = DIRECTION ( 'NONE',  ( -0.000000000000000000, 1.000000000000000000, 1.733406087350420004E-16 ) ) ;
#9093 = DIRECTION ( 'NONE',  ( 0.5773502691896272854, -0.5773502691896250649, -0.5773502691896250649 ) ) ;
#9094 = DIRECTION ( 'NONE',  ( 1.000000000000000000, 0.000000000000000000, 0.000000000000000000 ) ) ;
#9095 = MECHANICAL_DESIGN_GEOMETRIC_PRESENTATION_REPRESENTATION (  '', ( #9729 ), #3903 ) ;
#9096 = DIRECTION ( 'NONE',  ( 0.000000000000000000, -1.000000000000000000, 0.000000000000000000 ) ) ;
#9097 = VERTEX_POINT ( 'NONE', #6622 ) ;
#9098 = ORIENTED_EDGE ( 'NONE', *, *, #6414, .F. ) ;
#9099 = ORIENTED_EDGE ( 'NONE', *, *, #1323, .T. ) ;
#9100 = ADVANCED_FACE ( 'NONE', ( #4734 ), #8702, .F. ) ;
#9101 = VECTOR ( 'NONE', #1112, 1000.000000000000000 ) ;
#9102 = ORIENTED_EDGE ( 'NONE', *, *, #5967, .T. ) ;
#9103 = AXIS2_PLACEMENT_3D ( 'NONE', #4625, #3577, #6506 ) ;
#9104 = CARTESIAN_POINT ( 'NONE',  ( -13.08099999999999952, 8.064499999999998892, 1.650999999999999801 ) ) ;
#9105 = CARTESIAN_POINT ( 'NONE',  ( 2.159000000000001140, 8.064500000000002444, -1.650999999999999801 ) ) ;
#9106 = LINE ( 'NONE', #5256, #5188 ) ;
#9107 = DIRECTION ( 'NONE',  ( 0.000000000000000000, -2.251701056906096594E-16, -1.000000000000000000 ) ) ;
#9108 = CARTESIAN_POINT ( 'NONE',  ( -2.159000000000001140, 7.239000000000000767, 1.650999999999999801 ) ) ;
#9109 = VECTOR ( 'NONE', #12442, 1000.000000000000000 ) ;
#9110 = CARTESIAN_POINT ( 'NONE',  ( -19.05000000000000071, 0.000000000000000000, 2.539999999999999147 ) ) ;
#9111 = ADVANCED_FACE ( 'NONE', ( #4666 ), #8635, .F. ) ;
#9112 = DIRECTION ( 'NONE',  ( 0.000000000000000000, 1.733406087350420004E-16, -1.000000000000000000 ) ) ;
#9113 = VERTEX_POINT ( 'NONE', #8106 ) ;
#9114 = ORIENTED_EDGE ( 'NONE', *, *, #11650, .F. ) ;
#9115 = ORIENTED_EDGE ( 'NONE', *, *, #4693, .T. ) ;
#9116 = DIRECTION ( 'NONE',  ( -1.000000000000000000, -0.000000000000000000, -0.000000000000000000 ) ) ;
#9117 = VECTOR ( 'NONE', #4630, 1000.000000000000000 ) ;
#9118 = ADVANCED_FACE ( 'NONE', ( #6077 ), #12122, .F. ) ;
#9119 = DIRECTION ( 'NONE',  ( 0.000000000000000000, 0.000000000000000000, 1.000000000000000000 ) ) ;
#9120 = AXIS2_PLACEMENT_3D ( 'NONE', #11024, #10302, #5354 ) ;
#9121 = EDGE_CURVE ( 'NONE', #7149, #996, #145, .T. ) ;
#9122 = CARTESIAN_POINT ( 'NONE',  ( 9.779000000000003467, 8.064499999999998892, 0.8889999999999999014 ) ) ;
#9123 = FACE_OUTER_BOUND ( 'NONE', #3899, .T. ) ;
#9124 = CARTESIAN_POINT ( 'NONE',  ( 19.30400000000000205, 0.5080000000000006732, -2.022881810244994583 ) ) ;
#9125 = PLANE ( 'NONE',  #7554 ) ;
#9126 = FACE_OUTER_BOUND ( 'NONE', #3945, .T. ) ;
#9127 = CARTESIAN_POINT ( 'NONE',  ( -10.54100000000000037, 7.239000000000000767, 1.650999999999999801 ) ) ;
#9128 = VERTEX_POINT ( 'NONE', #4985 ) ;
#9129 = VERTEX_POINT ( 'NONE', #1975 ) ;
#9130 = LINE ( 'NONE', #9188, #1816 ) ;
#9131 = PLANE ( 'NONE',  #921 ) ;
#9132 = ORIENTED_EDGE ( 'NONE', *, *, #2820, .F. ) ;
#9133 = EDGE_CURVE ( 'NONE', #2696, #969, #9938, .T. ) ;
#9134 = EDGE_CURVE ( 'NONE', #2546, #3815, #9142, .T. ) ;
#9135 = VECTOR ( 'NONE', #7103, 1000.000000000000000 ) ;
#9136 = EDGE_CURVE ( 'NONE', #10937, #903, #7004, .T. ) ;
#9137 = CARTESIAN_POINT ( 'NONE',  ( -13.97000000000000064, 0.000000000000000000, 2.539999999999999147 ) ) ;
#9138 = VERTEX_POINT ( 'NONE', #4125 ) ;
#9139 = DIRECTION ( 'NONE',  ( -0.000000000000000000, 0.2588190451025140781, 0.9659258262890700886 ) ) ;
#9140 = LINE ( 'NONE', #12117, #5368 ) ;
#9141 = MECHANICAL_DESIGN_GEOMETRIC_PRESENTATION_REPRESENTATION (  '', ( #1441 ), #1220 ) ;
#9142 = LINE ( 'NONE', #6202, #113 ) ;
#9143 = CARTESIAN_POINT ( 'NONE',  ( 4.699000000000001620, 7.239000000000000767, 1.650999999999999801 ) ) ;
#9144 = ORIENTED_EDGE ( 'NONE', *, *, #12210, .F. ) ;
#9145 = DIRECTION ( 'NONE',  ( 0.000000000000000000, -1.733406087350420004E-16, 1.000000000000000000 ) ) ;
#9146 = CARTESIAN_POINT ( 'NONE',  ( -0.3809999999999993947, 8.064499999999998892, 1.651000000000000023 ) ) ;
#9147 = ORIENTED_EDGE ( 'NONE', *, *, #4132, .F. ) ;
#9148 = EDGE_CURVE ( 'NONE', #1547, #9055, #3940, .T. ) ;
#9149 = PRODUCT_DEFINITION_FORMATION_WITH_SPECIFIED_SOURCE ( 'ANY', '', #9176, .NOT_KNOWN. ) ;
#9150 = CARTESIAN_POINT ( 'NONE',  ( 16.51000000000000156, 0.5080000000000000071, 2.022881810244992806 ) ) ;
#9151 = ORIENTED_EDGE ( 'NONE', *, *, #436, .T. ) ;
#9152 = FACE_OUTER_BOUND ( 'NONE', #2780, .T. ) ;
#9153 = ADVANCED_FACE ( 'NONE', ( #10053 ), #84, .F. ) ;
#9154 =( NAMED_UNIT ( * ) PLANE_ANGLE_UNIT ( ) SI_UNIT ( $, .RADIAN. ) );
#9155 = CARTESIAN_POINT ( 'NONE',  ( -18.60549999999999926, 8.509000000000000341, -2.095500000000001695 ) ) ;
#9156 = CARTESIAN_POINT ( 'NONE',  ( 2.159000000000001140, 7.239000000000000767, 1.650999999999999801 ) ) ;
#9157 = CARTESIAN_POINT ( 'NONE',  ( 8.445500000000000895, 8.509000000000000341, -0.4444999999999983409 ) ) ;
#9158 = CARTESIAN_POINT ( 'NONE',  ( -13.97000000000000064, 0.5080000000000006732, -2.022881810244994583 ) ) ;
#9159 = ORIENTED_EDGE ( 'NONE', *, *, #4909, .F. ) ;
#9160 = ORIENTED_EDGE ( 'NONE', *, *, #1954, .F. ) ;
#9161 = EDGE_LOOP ( 'NONE', ( #2112, #349, #3882, #1193 ) ) ;
#9162 = VERTEX_POINT ( 'NONE', #11936 ) ;
#9163 = CARTESIAN_POINT ( 'NONE',  ( 2.159000000000001140, 8.064500000000002444, -0.8890000000000000124 ) ) ;
#9164 = LINE ( 'NONE', #11111, #584 ) ;
#9165 = ADVANCED_FACE ( 'NONE', ( #3139 ), #7978, .F. ) ;
#9166 =( GEOMETRIC_REPRESENTATION_CONTEXT ( 3 ) GLOBAL_UNCERTAINTY_ASSIGNED_CONTEXT ( ( #8296 ) ) GLOBAL_UNIT_ASSIGNED_CONTEXT ( ( #6132, #8826, #10051 ) ) REPRESENTATION_CONTEXT ( 'NONE', 'WORKASPACE' ) );
#9167 = CARTESIAN_POINT ( 'NONE',  ( -13.97000000000000064, 6.505213034913026604E-16, -2.540000000000000924 ) ) ;
#9168 = CARTESIAN_POINT ( 'NONE',  ( 3.810000000000000941, 6.505213034913026604E-16, -2.540000000000000924 ) ) ;
#9169 = CARTESIAN_POINT ( 'NONE',  ( 8.890000000000002345, 6.505213034913026604E-16, -2.540000000000000924 ) ) ;
#9170 = LINE ( 'NONE', #6299, #7126 ) ;
#9171 = ORIENTED_EDGE ( 'NONE', *, *, #689, .F. ) ;
#9172 = ORIENTED_EDGE ( 'NONE', *, *, #4678, .T. ) ;
#9173 = VERTEX_POINT ( 'NONE', #1188 ) ;
#9174 = CARTESIAN_POINT ( 'NONE',  ( -17.39900000000000091, 8.064500000000002444, -1.650999999999999801 ) ) ;
#9175 = EDGE_CURVE ( 'NONE', #5019, #2703, #2046, .T. ) ;
#9176 = PRODUCT ( 'NPPC202LFBN-RC_C15', 'NPPC202LFBN-RC_C15', '', ( #6827 ) ) ;
#9177 = CARTESIAN_POINT ( 'NONE',  ( -11.43000000000000149, 8.509000000000000341, -2.540000000000001812 ) ) ;
#9178 = LINE ( 'NONE', #9061, #11592 ) ;
#9179 = CARTESIAN_POINT ( 'NONE',  ( -16.06550000000000011, 8.509000000000000341, -2.540000000000001812 ) ) ;
#9180 = CARTESIAN_POINT ( 'NONE',  ( -9.334499999999996689, 8.509000000000000341, 2.095500000000002139 ) ) ;
#9181 = CARTESIAN_POINT ( 'NONE',  ( -3.809999999999999165, 8.509000000000000341, -2.540000000000001812 ) ) ;
#9182 = FACE_OUTER_BOUND ( 'NONE', #1133, .T. ) ;
#9183 = VECTOR ( 'NONE', #12840, 1000.000000000000000 ) ;
#9184 = VECTOR ( 'NONE', #1742, 1000.000000000000000 ) ;
#9185 = DIRECTION ( 'NONE',  ( 0.000000000000000000, -1.000000000000000000, -3.058038798877906014E-16 ) ) ;
#9186 = ORIENTED_EDGE ( 'NONE', *, *, #7449, .T. ) ;
#9187 = ORIENTED_EDGE ( 'NONE', *, *, #10250, .F. ) ;
#9188 = CARTESIAN_POINT ( 'NONE',  ( 1.270000000000000240, -8.578981026812224210E-17, 2.158999999999999364 ) ) ;
#9189 = DIRECTION ( 'NONE',  ( 0.000000000000000000, 1.000000000000000000, -1.019346266292635338E-16 ) ) ;
#9190 = ORIENTED_EDGE ( 'NONE', *, *, #7792, .T. ) ;
#9191 = EDGE_LOOP ( 'NONE', ( #9761, #3831, #8486, #6023 ) ) ;
#9192 = EDGE_CURVE ( 'NONE', #11093, #11798, #3018, .T. ) ;
#9193 = EDGE_CURVE ( 'NONE', #12076, #1365, #5167, .T. ) ;
#9194 = VECTOR ( 'NONE', #12332, 999.9999999999998863 ) ;
#9195 = CLOSED_SHELL ( 'NONE', ( #8889, #17, #9640, #602, #8163, #11974, #11286, #1600, #2970, #8433, #4327, #11894, #11545, #51, #10783, #5550, #7057, #4548, #4033, #7207, #9328, #9244, #11028, #635, #10498, #3640, #1701, #3939 ) ) ;
#9196 = DIRECTION ( 'NONE',  ( -1.000000000000000000, -0.000000000000000000, -0.000000000000000000 ) ) ;
#9197 = EDGE_LOOP ( 'NONE', ( #1841, #8202, #12244, #1018 ) ) ;
#9198 = DIRECTION ( 'NONE',  ( 0.000000000000000000, -0.9659258262890701996, -0.2588190451025140226 ) ) ;
#9199 = CARTESIAN_POINT ( 'NONE',  ( -0.3809999999999993947, 7.239000000000000767, 1.650999999999999801 ) ) ;
#9200 = EDGE_CURVE ( 'NONE', #2079, #10779, #2162, .T. ) ;
#9201 = EDGE_CURVE ( 'NONE', #5991, #1981, #7183, .T. ) ;
#9202 = PLANE ( 'NONE',  #11035 ) ;
#9203 = LINE ( 'NONE', #6464, #1772 ) ;
#9204 = DIRECTION ( 'NONE',  ( -1.000000000000000000, -0.000000000000000000, -0.000000000000000000 ) ) ;
#9205 = VERTEX_POINT ( 'NONE', #9079 ) ;
#9206 = VECTOR ( 'NONE', #8200, 1000.000000000000000 ) ;
#9207 = CARTESIAN_POINT ( 'NONE',  ( 12.31900000000000084, 8.064500000000002444, -0.8890000000000000124 ) ) ;
#9208 = DIRECTION ( 'NONE',  ( 1.000000000000000000, 0.000000000000000000, 0.000000000000000000 ) ) ;
#9209 = AXIS2_PLACEMENT_3D ( 'NONE', #3322, #1356, #10095 ) ;
#9210 = EDGE_CURVE ( 'NONE', #8708, #12287, #2224, .T. ) ;
#9211 = ORIENTED_EDGE ( 'NONE', *, *, #5077, .F. ) ;
#9212 = CARTESIAN_POINT ( 'NONE',  ( -13.97000000000000064, 0.000000000000000000, 2.539999999999999147 ) ) ;
#9213 = VECTOR ( 'NONE', #7219, 1000.000000000000000 ) ;
#9214 = LINE ( 'NONE', #7387, #7793 ) ;
#9215 = EDGE_LOOP ( 'NONE', ( #948, #4425, #9623, #9187 ) ) ;
#9216 = VECTOR ( 'NONE', #1744, 1000.000000000000000 ) ;
#9217 = DIRECTION ( 'NONE',  ( 0.000000000000000000, -1.000000000000000000, -1.733406087350420004E-16 ) ) ;
#9218 = VECTOR ( 'NONE', #632, 1000.000000000000000 ) ;
#9219 =( NAMED_UNIT ( * ) PLANE_ANGLE_UNIT ( ) SI_UNIT ( $, .RADIAN. ) );
#9220 = DIRECTION ( 'NONE',  ( -1.000000000000000000, -0.000000000000000000, -0.000000000000000000 ) ) ;
#9221 = PLANE ( 'NONE',  #43 ) ;
#9222 = EDGE_CURVE ( 'NONE', #6783, #8201, #6134, .T. ) ;
#9223 = CARTESIAN_POINT ( 'NONE',  ( -10.54100000000000037, 7.239000000000000767, 1.650999999999999801 ) ) ;
#9224 = CARTESIAN_POINT ( 'NONE',  ( -13.08099999999999952, 7.239000000000000767, -0.8890000000000001235 ) ) ;
#9225 = EDGE_LOOP ( 'NONE', ( #8576, #6757, #888, #757 ) ) ;
#9226 = ORIENTED_EDGE ( 'NONE', *, *, #6010, .F. ) ;
#9227 = ORIENTED_EDGE ( 'NONE', *, *, #8779, .F. ) ;
#9228 = DIRECTION ( 'NONE',  ( 0.000000000000000000, 2.251701056906096594E-16, 1.000000000000000000 ) ) ;
#9229 = VECTOR ( 'NONE', #9189, 1000.000000000000000 ) ;
#9230 = EDGE_CURVE ( 'NONE', #10284, #3114, #10115, .T. ) ;
#9231 = VERTEX_POINT ( 'NONE', #5227 ) ;
#9232 = CARTESIAN_POINT ( 'NONE',  ( -0.1961031209927689423, -3.200400000000000134, 1.066800000000000415 ) ) ;
#9233 = LINE ( 'NONE', #3567, #7878 ) ;
#9234 =( NAMED_UNIT ( * ) PLANE_ANGLE_UNIT ( ) SI_UNIT ( $, .RADIAN. ) );
#9235 = CARTESIAN_POINT ( 'NONE',  ( 19.05000000000000071, 0.5080000000000006732, -2.022881810244994583 ) ) ;
#9236 = LINE ( 'NONE', #296, #5891 ) ;
#9237 = CARTESIAN_POINT ( 'NONE',  ( 14.85899999999999999, 8.064499999999998892, 0.8889999999999999014 ) ) ;
#9238 = LINE ( 'NONE', #298, #10244 ) ;
#9239 = ORIENTED_EDGE ( 'NONE', *, *, #1058, .F. ) ;
#9240 = ORIENTED_EDGE ( 'NONE', *, *, #1811, .F. ) ;
#9241 = ORIENTED_EDGE ( 'NONE', *, *, #1323, .F. ) ;
#9242 =( NAMED_UNIT ( * ) PLANE_ANGLE_UNIT ( ) SI_UNIT ( $, .RADIAN. ) );
#9243 = EDGE_CURVE ( 'NONE', #10909, #4127, #12854, .T. ) ;
#9244 = ADVANCED_FACE ( 'NONE', ( #10500 ), #5492, .F. ) ;
#9245 = ORIENTED_EDGE ( 'NONE', *, *, #5635, .T. ) ;
#9246 = LINE ( 'NONE', #6243, #5446 ) ;
#9247 = CARTESIAN_POINT ( 'NONE',  ( -2.159000000000001140, 7.239000000000000767, -0.8890000000000001235 ) ) ;
#9248 = CARTESIAN_POINT ( 'NONE',  ( 8.445500000000000895, 8.509000000000000341, -2.540000000000001812 ) ) ;
#9249 = PLANE ( 'NONE',  #9494 ) ;
#9250 = DIRECTION ( 'NONE',  ( 0.000000000000000000, -1.000000000000000000, 0.000000000000000000 ) ) ;
#9251 = LINE ( 'NONE', #12237, #1449 ) ;
#9252 = EDGE_CURVE ( 'NONE', #11596, #2389, #7378, .T. ) ;
#9253 = LINE ( 'NONE', #246, #10524 ) ;
#9254 = ORIENTED_EDGE ( 'NONE', *, *, #8127, .T. ) ;
#9255 = ORIENTED_EDGE ( 'NONE', *, *, #4588, .F. ) ;
#9256 = DIRECTION ( 'NONE',  ( 0.000000000000000000, 0.9659258262890700886, -0.2588190451025140781 ) ) ;
#9257 = DIRECTION ( 'NONE',  ( 0.000000000000000000, -1.000000000000000000, -2.667820306312759283E-16 ) ) ;
#9258 = ORIENTED_EDGE ( 'NONE', *, *, #6336, .T. ) ;
#9259 = ORIENTED_EDGE ( 'NONE', *, *, #2418, .F. ) ;
#9260 = EDGE_CURVE ( 'NONE', #12287, #7053, #12185, .T. ) ;
#9261 = VECTOR ( 'NONE', #2299, 1000.000000000000000 ) ;
#9262 = EDGE_LOOP ( 'NONE', ( #857, #4928, #2960, #9438, #3730, #12584, #7998, #1312 ) ) ;
#9263 = DIRECTION ( 'NONE',  ( -1.000000000000000000, -0.000000000000000000, -0.000000000000000000 ) ) ;
#9264 = DIRECTION ( 'NONE',  ( 0.000000000000000000, 0.000000000000000000, 1.000000000000000000 ) ) ;
#9265 = LINE ( 'NONE', #2349, #6684 ) ;
#9266 = VECTOR ( 'NONE', #2591, 1000.000000000000000 ) ;
#9267 = ADVANCED_FACE ( 'NONE', ( #7310 ), #10375, .F. ) ;
#9268 = DIRECTION ( 'NONE',  ( -0.000000000000000000, 0.000000000000000000, 1.000000000000000000 ) ) ;
#9269 = PRESENTATION_STYLE_ASSIGNMENT (( #2794 ) ) ;
#9270 = ORIENTED_EDGE ( 'NONE', *, *, #10560, .F. ) ;
#9271 = FILL_AREA_STYLE ('',( #8301 ) ) ;
#9272 = VECTOR ( 'NONE', #9420, 1000.000000000000000 ) ;
#9273 = DIRECTION ( 'NONE',  ( -0.000000000000000000, 1.000000000000000000, 1.733406087350420004E-16 ) ) ;
#9274 = ADVANCED_FACE ( 'NONE', ( #6536 ), #10305, .F. ) ;
#9275 = ORIENTED_EDGE ( 'NONE', *, *, #11528, .F. ) ;
#9276 = CARTESIAN_POINT ( 'NONE',  ( -2.920999999999999819, 8.064500000000002444, -1.650999999999999801 ) ) ;
#9277 = ADVANCED_FACE ( 'NONE', ( #7443 ), #11277, .F. ) ;
#9278 = EDGE_CURVE ( 'NONE', #7678, #3011, #9203, .T. ) ;
#9279 = VECTOR ( 'NONE', #2431, 1000.000000000000000 ) ;
#9280 = DIRECTION ( 'NONE',  ( -1.000000000000000000, -0.000000000000000000, -0.000000000000000000 ) ) ;
#9281 = ORIENTED_EDGE ( 'NONE', *, *, #6087, .T. ) ;
#9282 = ADVANCED_FACE ( 'NONE', ( #6330 ), #9345, .F. ) ;
#9283 = AXIS2_PLACEMENT_3D ( 'NONE', #6219, #7081, #11044 ) ;
#9284 = LINE ( 'NONE', #12330, #11157 ) ;
#9285 = EDGE_CURVE ( 'NONE', #2457, #5772, #10433, .T. ) ;
#9286 = VECTOR ( 'NONE', #11127, 1000.000000000000000 ) ;
#9287 = ADVANCED_FACE ( 'NONE', ( #4386 ), #1516, .F. ) ;
#9288 = PLANE ( 'NONE',  #744 ) ;
#9289 = PLANE ( 'NONE',  #9000 ) ;
#9290 = VECTOR ( 'NONE', #8055, 1000.000000000000000 ) ;
#9291 = CARTESIAN_POINT ( 'NONE',  ( 2.920999999999999819, 7.239000000000000767, -1.651000000000000023 ) ) ;
#9292 = DIRECTION ( 'NONE',  ( 0.000000000000000000, 1.019346266292635461E-16, 1.000000000000000000 ) ) ;
#9293 = ORIENTED_EDGE ( 'NONE', *, *, #12544, .T. ) ;
#9294 = ORIENTED_EDGE ( 'NONE', *, *, #6235, .F. ) ;
#9295 = ORIENTED_EDGE ( 'NONE', *, *, #11628, .T. ) ;
#9296 = CARTESIAN_POINT ( 'NONE',  ( -15.62099999999999866, 8.064500000000002444, -1.650999999999999801 ) ) ;
#9297 = ORIENTED_EDGE ( 'NONE', *, *, #8887, .F. ) ;
#9298 = VECTOR ( 'NONE', #4000, 1000.000000000000000 ) ;
#9299 = PRODUCT_DEFINITION_SHAPE ( 'NONE', 'NONE',  #837 ) ;
#9300 = VECTOR ( 'NONE', #5843, 1000.000000000000000 ) ;
#9301 = ADVANCED_FACE ( 'NONE', ( #2287 ), #1310, .F. ) ;
#9302 = ORIENTED_EDGE ( 'NONE', *, *, #7623, .F. ) ;
#9303 = ADVANCED_FACE ( 'NONE', ( #12318 ), #5287, .F. ) ;
#9304 = DIRECTION ( 'NONE',  ( 1.000000000000000000, 0.000000000000000000, -0.000000000000000000 ) ) ;
#9305 = CARTESIAN_POINT ( 'NONE',  ( -11.42999999999999972, 6.505213034913026604E-16, -2.540000000000000924 ) ) ;
#9306 = VECTOR ( 'NONE', #10894, 1000.000000000000000 ) ;
#9307 = CARTESIAN_POINT ( 'NONE',  ( -10.16000000000000014, 0.000000000000000000, 0.000000000000000000 ) ) ;
#9308 = DIRECTION ( 'NONE',  ( -1.000000000000000000, 0.000000000000000000, -0.000000000000000000 ) ) ;
#9309 = CARTESIAN_POINT ( 'NONE',  ( 19.30400000000000205, 0.5080000000000000071, 2.022881810244992806 ) ) ;
#9310 = DIRECTION ( 'NONE',  ( -0.000000000000000000, 1.019346266292635338E-16, 1.000000000000000000 ) ) ;
#9311 = PLANE ( 'NONE',  #2326 ) ;
#9312 = ORIENTED_EDGE ( 'NONE', *, *, #12367, .F. ) ;
#9313 = ORIENTED_EDGE ( 'NONE', *, *, #12654, .T. ) ;
#9314 = ORIENTED_EDGE ( 'NONE', *, *, #3735, .T. ) ;
#9315 = VECTOR ( 'NONE', #10482, 1000.000000000000000 ) ;
#9316 = DIRECTION ( 'NONE',  ( 1.000000000000000000, -0.000000000000000000, -0.000000000000000000 ) ) ;
#9317 = VECTOR ( 'NONE', #5888, 1000.000000000000000 ) ;
#9318 = VECTOR ( 'NONE', #8863, 1000.000000000000000 ) ;
#9319 = ORIENTED_EDGE ( 'NONE', *, *, #12853, .T. ) ;
#9320 = ADVANCED_FACE ( 'NONE', ( #11472 ), #3538, .F. ) ;
#9321 = LINE ( 'NONE', #4295, #9628 ) ;
#9322 = FACE_BOUND ( 'NONE', #4451, .T. ) ;
#9323 = VECTOR ( 'NONE', #660, 1000.000000000000000 ) ;
#9324 = DIRECTION ( 'NONE',  ( 0.000000000000000000, 0.9659258262890700886, -0.2588190451025140781 ) ) ;
#9325 = LINE ( 'NONE', #10356, #4567 ) ;
#9326 = DIRECTION ( 'NONE',  ( 0.000000000000000000, 0.2588190451025140226, -0.9659258262890701996 ) ) ;
#9327 = CARTESIAN_POINT ( 'NONE',  ( 9.779000000000003467, 8.064500000000002444, -0.8890000000000001235 ) ) ;
#9328 = ADVANCED_FACE ( 'NONE', ( #2551 ), #5419, .F. ) ;
#9329 = DIRECTION ( 'NONE',  ( 0.5773502691896268413, 0.5773502691896247319, -0.5773502691896256200 ) ) ;
#9330 = VECTOR ( 'NONE', #12519, 1000.000000000000114 ) ;
#9331 = DIRECTION ( 'NONE',  ( 0.000000000000000000, 1.607907343367028359E-16, -1.000000000000000000 ) ) ;
#9332 = ORIENTED_EDGE ( 'NONE', *, *, #12356, .F. ) ;
#9333 = EDGE_LOOP ( 'NONE', ( #2590, #2963, #8595, #12874 ) ) ;
#9334 = PLANE ( 'NONE',  #12622 ) ;
#9335 = DIRECTION ( 'NONE',  ( 0.000000000000000000, 0.000000000000000000, 1.000000000000000000 ) ) ;
#9336 = VERTEX_POINT ( 'NONE', #2877 ) ;
#9337 = ORIENTED_EDGE ( 'NONE', *, *, #3020, .F. ) ;
#9338 = AXIS2_PLACEMENT_3D ( 'NONE', #10939, #354, #1402 ) ;
#9339 = VECTOR ( 'NONE', #8040, 1000.000000000000000 ) ;
#9340 = VERTEX_POINT ( 'NONE', #10567 ) ;
#9341 = CARTESIAN_POINT ( 'NONE',  ( -13.97000000000000064, 0.5080000000000006732, -2.022881810244994583 ) ) ;
#9342 = DIRECTION ( 'NONE',  ( 0.000000000000000000, 0.2588190451025140226, -0.9659258262890701996 ) ) ;
#9343 = ADVANCED_FACE ( 'NONE', ( #867 ), #4784, .F. ) ;
#9344 = LINE ( 'NONE', #394, #9813 ) ;
#9345 = PLANE ( 'NONE',  #10719 ) ;
#9346 = PLANE ( 'NONE',  #1285 ) ;
#9347 = ORIENTED_EDGE ( 'NONE', *, *, #12508, .F. ) ;
#9348 = VECTOR ( 'NONE', #8087, 1000.000000000000000 ) ;
#9349 = CARTESIAN_POINT ( 'NONE',  ( -13.97000000000000064, 8.509000000000000341, -2.540000000000001812 ) ) ;
#9350 = EDGE_LOOP ( 'NONE', ( #8192, #6742, #1537, #12641 ) ) ;
#9351 = LINE ( 'NONE', #12459, #3713 ) ;
#9352 = DIRECTION ( 'NONE',  ( 1.000000000000000000, 0.000000000000000000, 0.000000000000000000 ) ) ;
#9353 = VERTEX_POINT ( 'NONE', #1840 ) ;
#9354 = COLOUR_RGB ( '',0.7921568627450980005, 0.8196078431372548767, 0.9333333333333333481 ) ;
#9355 = CARTESIAN_POINT ( 'NONE',  ( 17.65300000000000225, 7.810500000000001997, -1.396999999999998021 ) ) ;
#9356 = FILL_AREA_STYLE ('',( #12400 ) ) ;
#9357 = CARTESIAN_POINT ( 'NONE',  ( -16.51000000000000156, 8.509000000000000341, -2.540000000000001812 ) ) ;
#9358 = CARTESIAN_POINT ( 'NONE',  ( -8.445499999999999119, 8.509000000000000341, -2.095500000000001695 ) ) ;
#9359 = LINE ( 'NONE', #411, #7013 ) ;
#9360 = CARTESIAN_POINT ( 'NONE',  ( 7.239000000000002544, 7.239000000000000767, -0.8890000000000001235 ) ) ;
#9361 = VERTEX_POINT ( 'NONE', #7647 ) ;
#9362 = EDGE_LOOP ( 'NONE', ( #6709, #5977, #9102, #100 ) ) ;
#9363 = ORIENTED_EDGE ( 'NONE', *, *, #11992, .T. ) ;
#9364 = FACE_OUTER_BOUND ( 'NONE', #11614, .T. ) ;
#9365 = EDGE_LOOP ( 'NONE', ( #7551, #9603, #11953, #2019 ) ) ;
#9366 = ADVANCED_FACE ( 'NONE', ( #12580 ), #4587, .F. ) ;
#9367 = ADVANCED_FACE ( 'NONE', ( #4721 ), #800, .F. ) ;
#9368 = ORIENTED_EDGE ( 'NONE', *, *, #729, .T. ) ;
#9369 = DIRECTION ( 'NONE',  ( -1.000000000000000000, -0.000000000000000000, -0.000000000000000000 ) ) ;
#9370 = DIRECTION ( 'NONE',  ( 0.000000000000000000, -1.000000000000000000, 1.019346266292635338E-16 ) ) ;
#9371 = CARTESIAN_POINT ( 'NONE',  ( -17.78000000000000114, 0.000000000000000000, 0.000000000000000000 ) ) ;
#9372 = LINE ( 'NONE', #11437, #8258 ) ;
#9373 = EDGE_CURVE ( 'NONE', #4597, #5870, #7578, .T. ) ;
#9374 = LINE ( 'NONE', #3433, #8148 ) ;
#9375 = ORIENTED_EDGE ( 'NONE', *, *, #6508, .T. ) ;
#9376 = LINE ( 'NONE', #495, #7985 ) ;
#9377 = EDGE_CURVE ( 'NONE', #4804, #1661, #5818, .T. ) ;
#9378 = VECTOR ( 'NONE', #8958, 1000.000000000000000 ) ;
#9379 = FACE_OUTER_BOUND ( 'NONE', #10017, .T. ) ;
#9380 = ORIENTED_EDGE ( 'NONE', *, *, #11158, .T. ) ;
#9381 = ORIENTED_EDGE ( 'NONE', *, *, #12129, .F. ) ;
#9382 = ORIENTED_EDGE ( 'NONE', *, *, #9192, .F. ) ;
#9383 = EDGE_CURVE ( 'NONE', #3977, #6239, #3671, .T. ) ;
#9384 = FACE_OUTER_BOUND ( 'NONE', #8319, .T. ) ;
#9385 = EDGE_LOOP ( 'NONE', ( #4772, #889, #3772, #4484 ) ) ;
#9386 = LINE ( 'NONE', #10479, #4637 ) ;
#9387 = DIRECTION ( 'NONE',  ( 1.000000000000000000, 0.000000000000000000, 0.000000000000000000 ) ) ;
#9388 = LINE ( 'NONE', #9518, #12425 ) ;
#9389 = LINE ( 'NONE', #3520, #8930 ) ;
#9390 = DIRECTION ( 'NONE',  ( 0.000000000000000000, 1.000000000000000000, -1.019346266292635338E-16 ) ) ;
#9391 = PLANE ( 'NONE',  #4436 ) ;
#9392 = LINE ( 'NONE', #7167, #4968 ) ;
#9393 = DIRECTION ( 'NONE',  ( 0.000000000000000000, -1.000000000000000000, 2.923638691849597351E-16 ) ) ;
#9394 = ORIENTED_EDGE ( 'NONE', *, *, #1016, .T. ) ;
#9395 = ORIENTED_EDGE ( 'NONE', *, *, #1674, .T. ) ;
#9396 = EDGE_CURVE ( 'NONE', #4419, #7398, #6674, .T. ) ;
#9397 = FILL_AREA_STYLE_COLOUR ( '', #3482 ) ;
#9398 = CARTESIAN_POINT ( 'NONE',  ( -16.06550000000000367, 8.509000000000000341, 0.4444999999999970086 ) ) ;
#9399 = VERTEX_POINT ( 'NONE', #731 ) ;
#9400 = ORIENTED_EDGE ( 'NONE', *, *, #7827, .F. ) ;
#9401 = ADVANCED_FACE ( 'NONE', ( #12775 ), #5562, .F. ) ;
#9402 = ORIENTED_EDGE ( 'NONE', *, *, #968, .T. ) ;
#9403 = VECTOR ( 'NONE', #10759, 1000.000000000000000 ) ;
#9404 = DIRECTION ( 'NONE',  ( 1.000000000000000000, 0.000000000000000000, 0.000000000000000000 ) ) ;
#9405 = CARTESIAN_POINT ( 'NONE',  ( 18.16100000000000136, 8.064500000000002444, -0.8890000000000001235 ) ) ;
#9406 = PRODUCT_DEFINITION_SHAPE ( 'NONE', 'NONE',  #12892 ) ;
#9407 = CARTESIAN_POINT ( 'NONE',  ( -17.39900000000000091, 8.064499999999998892, 1.650999999999999801 ) ) ;
#9408 = CARTESIAN_POINT ( 'NONE',  ( -16.51000000000000156, 8.509000000000000341, -0.4444999999999982854 ) ) ;
#9409 = ORIENTED_EDGE ( 'NONE', *, *, #6901, .T. ) ;
#9410 = PLANE ( 'NONE',  #2200 ) ;
#9411 = DIRECTION ( 'NONE',  ( 0.000000000000000000, 0.000000000000000000, 1.000000000000000000 ) ) ;
#9412 = ORIENTED_EDGE ( 'NONE', *, *, #5636, .T. ) ;
#9413 = DIRECTION ( 'NONE',  ( 0.000000000000000000, -1.000000000000000000, 1.019346266292635338E-16 ) ) ;
#9414 = ADVANCED_FACE ( 'NONE', ( #11797 ), #1652, .F. ) ;
#9415 = CARTESIAN_POINT ( 'NONE',  ( 8.890000000000002345, 8.509000000000000341, 2.540000000000001812 ) ) ;
#9416 = ORIENTED_EDGE ( 'NONE', *, *, #10645, .T. ) ;
#9417 = CARTESIAN_POINT ( 'NONE',  ( -6.349999999999999645, 8.509000000000000341, 0.4444999999999970086 ) ) ;
#9418 = CARTESIAN_POINT ( 'NONE',  ( 3.810000000000000941, 6.505213034913026604E-16, -2.540000000000000924 ) ) ;
#9419 = VECTOR ( 'NONE', #7068, 1000.000000000000000 ) ;
#9420 = DIRECTION ( 'NONE',  ( 1.000000000000000000, 0.000000000000000000, 0.000000000000000000 ) ) ;
#9421 = CARTESIAN_POINT ( 'NONE',  ( 11.43000000000000327, -8.578981026812224210E-17, 2.158999999999999364 ) ) ;
#9422 = FACE_OUTER_BOUND ( 'NONE', #3877, .T. ) ;
#9423 = EDGE_CURVE ( 'NONE', #7811, #1788, #2743, .T. ) ;
#9424 = LINE ( 'NONE', #5507, #9430 ) ;
#9425 = ORIENTED_EDGE ( 'NONE', *, *, #952, .F. ) ;
#9426 = ORIENTED_EDGE ( 'NONE', *, *, #8967, .T. ) ;
#9427 = EDGE_LOOP ( 'NONE', ( #12313, #9425, #1506, #6975 ) ) ;
#9428 = DIRECTION ( 'NONE',  ( 0.000000000000000000, 0.000000000000000000, -1.000000000000000000 ) ) ;
#9429 = ORIENTED_EDGE ( 'NONE', *, *, #12284, .T. ) ;
#9430 = VECTOR ( 'NONE', #11630, 999.9999999999998863 ) ;
#9431 = AXIS2_PLACEMENT_3D ( 'NONE', #8810, #3856, #2803 ) ;
#9432 = ORIENTED_EDGE ( 'NONE', *, *, #3313, .F. ) ;
#9433 = FACE_OUTER_BOUND ( 'NONE', #4511, .T. ) ;
#9434 = DIRECTION ( 'NONE',  ( 0.000000000000000000, -1.733406087350420004E-16, 1.000000000000000000 ) ) ;
#9435 = DIRECTION ( 'NONE',  ( 0.000000000000000000, 0.000000000000000000, 1.000000000000000000 ) ) ;
#9436 = CARTESIAN_POINT ( 'NONE',  ( -16.51000000000000156, 8.509000000000000341, -2.540000000000001812 ) ) ;
#9437 = DIRECTION ( 'NONE',  ( 0.000000000000000000, -2.667820306312759283E-16, -1.000000000000000000 ) ) ;
#9438 = ORIENTED_EDGE ( 'NONE', *, *, #4221, .F. ) ;
#9439 = DIRECTION ( 'NONE',  ( 0.000000000000000000, 1.000000000000000000, 3.058038798877906014E-16 ) ) ;
#9440 = VECTOR ( 'NONE', #11737, 1000.000000000000000 ) ;
#9441 = DIRECTION ( 'NONE',  ( 0.000000000000000000, 0.000000000000000000, 1.000000000000000000 ) ) ;
#9442 = ORIENTED_EDGE ( 'NONE', *, *, #12008, .T. ) ;
#9443 = EDGE_LOOP ( 'NONE', ( #4709, #1454, #10999, #5094 ) ) ;
#9444 = ORIENTED_EDGE ( 'NONE', *, *, #8423, .F. ) ;
#9445 = CARTESIAN_POINT ( 'NONE',  ( -2.159000000000001140, 8.064500000000002444, -0.8890000000000001235 ) ) ;
#9446 = ADVANCED_FACE ( 'NONE', ( #8688 ), #3606, .F. ) ;
#9447 = EDGE_LOOP ( 'NONE', ( #10509, #11513, #3763, #9653 ) ) ;
#9448 = EDGE_CURVE ( 'NONE', #11109, #6770, #6610, .T. ) ;
#9449 = CARTESIAN_POINT ( 'NONE',  ( -16.06550000000000011, 8.509000000000000341, -0.4444999999999983409 ) ) ;
#9450 = LINE ( 'NONE', #5533, #5874 ) ;
#9451 = DIRECTION ( 'NONE',  ( 0.000000000000000000, 1.000000000000000000, -2.251701056906096594E-16 ) ) ;
#9452 = DIRECTION ( 'NONE',  ( -1.000000000000000000, -0.000000000000000000, -0.000000000000000000 ) ) ;
#9453 = ADVANCED_FACE ( 'NONE', ( #11734 ), #7712, .F. ) ;
#9454 = CARTESIAN_POINT ( 'NONE',  ( 5.461000000000000298, 8.064500000000002444, -0.8890000000000001235 ) ) ;
#9455 = CARTESIAN_POINT ( 'NONE',  ( -13.97000000000000064, 0.5080000000000000071, 2.022881810244992806 ) ) ;
#9456 = LINE ( 'NONE', #8479, #10668 ) ;
#9457 = CARTESIAN_POINT ( 'NONE',  ( -13.97000000000000064, 0.5080000000000000071, 2.022881810244992806 ) ) ;
#9458 = EDGE_CURVE ( 'NONE', #11303, #4080, #1766, .T. ) ;
#9459 = EDGE_LOOP ( 'NONE', ( #6634, #4111, #3624, #1485 ) ) ;
#9460 = ORIENTED_EDGE ( 'NONE', *, *, #4944, .T. ) ;
#9461 = SURFACE_SIDE_STYLE ('',( #5545 ) ) ;
#9462 = LINE ( 'NONE', #2605, #9109 ) ;
#9463 = ORIENTED_EDGE ( 'NONE', *, *, #5592, .F. ) ;
#9464 = VERTEX_POINT ( 'NONE', #2806 ) ;
#9465 = AXIS2_PLACEMENT_3D ( 'NONE', #10652, #8642, #12600 ) ;
#9466 = VERTEX_POINT ( 'NONE', #6795 ) ;
#9467 = EDGE_CURVE ( 'NONE', #1328, #7096, #10760, .T. ) ;
#9468 = LINE ( 'NONE', #4716, #6621 ) ;
#9469 = LINE ( 'NONE', #3602, #10785 ) ;
#9470 = DIRECTION ( 'NONE',  ( 0.000000000000000000, -1.000000000000000000, -3.058038798877906014E-16 ) ) ;
#9471 = LINE ( 'NONE', #8495, #7730 ) ;
#9472 = DIRECTION ( 'NONE',  ( 1.000000000000000000, 0.000000000000000000, 0.000000000000000000 ) ) ;
#9473 = ORIENTED_EDGE ( 'NONE', *, *, #8405, .T. ) ;
#9474 = FACE_OUTER_BOUND ( 'NONE', #9385, .T. ) ;
#9475 = FACE_OUTER_BOUND ( 'NONE', #3703, .T. ) ;
#9476 = ORIENTED_EDGE ( 'NONE', *, *, #922, .T. ) ;
#9477 = DIRECTION ( 'NONE',  ( 1.000000000000000000, 0.000000000000000000, 0.000000000000000000 ) ) ;
#9478 = CARTESIAN_POINT ( 'NONE',  ( 17.39900000000000091, 8.064500000000002444, -0.8890000000000001235 ) ) ;
#9479 = ORIENTED_EDGE ( 'NONE', *, *, #5291, .F. ) ;
#9480 = VECTOR ( 'NONE', #1792, 1000.000000000000000 ) ;
#9481 = LINE ( 'NONE', #9552, #3688 ) ;
#9482 = AXIS2_PLACEMENT_3D ( 'NONE', #12789, #5892, #11626 ) ;
#9483 = LINE ( 'NONE', #12331, #3655 ) ;
#9484 = CARTESIAN_POINT ( 'NONE',  ( -10.03300000000000125, 7.810499999999998444, 1.397000000000000242 ) ) ;
#9485 = FACE_OUTER_BOUND ( 'NONE', #10075, .T. ) ;
#9486 = DIRECTION ( 'NONE',  ( 0.000000000000000000, 0.000000000000000000, 1.000000000000000000 ) ) ;
#9487 = ORIENTED_EDGE ( 'NONE', *, *, #8900, .T. ) ;
#9488 = VERTEX_POINT ( 'NONE', #6122 ) ;
#9489 = ORIENTED_EDGE ( 'NONE', *, *, #10003, .T. ) ;
#9490 = CARTESIAN_POINT ( 'NONE',  ( -18.16100000000000136, 8.064500000000002444, -0.8890000000000001235 ) ) ;
#9491 = EDGE_LOOP ( 'NONE', ( #2420, #1643, #10423, #11540 ) ) ;
#9492 = VECTOR ( 'NONE', #643, 999.9999999999998863 ) ;
#9493 = AXIS2_PLACEMENT_3D ( 'NONE', #4443, #8414, #5660 ) ;
#9494 = AXIS2_PLACEMENT_3D ( 'NONE', #2330, #10219, #12165 ) ;
#9495 = VERTEX_POINT ( 'NONE', #71 ) ;
#9496 = CARTESIAN_POINT ( 'NONE',  ( -1.270000000000000240, 0.5080000000000000071, 2.022881810244992806 ) ) ;
#9497 = CARTESIAN_POINT ( 'NONE',  ( -7.239000000000000767, 8.064499999999998892, 1.650999999999999801 ) ) ;
#9498 = AXIS2_PLACEMENT_3D ( 'NONE', #12277, #12413, #6490 ) ;
#9499 =( NAMED_UNIT ( * ) PLANE_ANGLE_UNIT ( ) SI_UNIT ( $, .RADIAN. ) );
#9500 = DIRECTION ( 'NONE',  ( -0.000000000000000000, 1.000000000000000000, 1.733406087350420004E-16 ) ) ;
#9501 = FACE_OUTER_BOUND ( 'NONE', #5376, .T. ) ;
#9502 = ORIENTED_EDGE ( 'NONE', *, *, #12626, .T. ) ;
#9503 = EDGE_CURVE ( 'NONE', #2127, #2587, #11073, .T. ) ;
#9504 = DIRECTION ( 'NONE',  ( 0.000000000000000000, 1.000000000000000000, -1.019346266292635338E-16 ) ) ;
#9505 = AXIS2_PLACEMENT_3D ( 'NONE', #4186, #11220, #9942 ) ;
#9506 = LINE ( 'NONE', #3437, #2757 ) ;
#9507 = EDGE_LOOP ( 'NONE', ( #5790, #4407, #7416, #4234 ) ) ;
#9508 = ORIENTED_EDGE ( 'NONE', *, *, #4678, .F. ) ;
#9509 = VECTOR ( 'NONE', #1318, 1000.000000000000000 ) ;
#9510 = ORIENTED_EDGE ( 'NONE', *, *, #2915, .T. ) ;
#9511 = CARTESIAN_POINT ( 'NONE',  ( 2.920999999999999819, 7.239000000000000767, -0.8890000000000001235 ) ) ;
#9512 = ORIENTED_EDGE ( 'NONE', *, *, #5941, .T. ) ;
#9513 = VECTOR ( 'NONE', #1179, 1000.000000000000000 ) ;
#9514 = PRODUCT_DEFINITION_SHAPE ( 'NONE', 'NONE',  #12887 ) ;
#9515 = CARTESIAN_POINT ( 'NONE',  ( 7.239000000000002544, 7.239000000000000767, 0.8889999999999997904 ) ) ;
#9516 = LINE ( 'NONE', #3447, #2537 ) ;
#9517 = DIRECTION ( 'NONE',  ( -0.000000000000000000, 0.000000000000000000, -1.000000000000000000 ) ) ;
#9518 = CARTESIAN_POINT ( 'NONE',  ( 1.270000000000000240, 0.000000000000000000, 2.539999999999999147 ) ) ;
#9519 = CARTESIAN_POINT ( 'NONE',  ( 1.270000000000000240, 0.5080000000000000071, 2.022881810244992806 ) ) ;
#9520 = LINE ( 'NONE', #5403, #1589 ) ;
#9521 = CARTESIAN_POINT ( 'NONE',  ( -11.42999999999999972, 0.5080000000000006732, -2.022881810244994583 ) ) ;
#9522 = AXIS2_PLACEMENT_3D ( 'NONE', #12039, #4162, #127 ) ;
#9523 = CARTESIAN_POINT ( 'NONE',  ( -11.42999999999999972, 4.336808689942017736E-16, -2.159000000000001140 ) ) ;
#9524 = ORIENTED_EDGE ( 'NONE', *, *, #7139, .T. ) ;
#9525 = ORIENTED_EDGE ( 'NONE', *, *, #10621, .T. ) ;
#9526 = LINE ( 'NONE', #1295, #3258 ) ;
#9527 = AXIS2_PLACEMENT_3D ( 'NONE', #6973, #179, #3179 ) ;
#9528 = PLANE ( 'NONE',  #5986 ) ;
#9529 = ORIENTED_EDGE ( 'NONE', *, *, #12210, .T. ) ;
#9530 = ORIENTED_EDGE ( 'NONE', *, *, #5997, .F. ) ;
#9531 = EDGE_CURVE ( 'NONE', #7742, #10695, #187, .T. ) ;
#9532 = VECTOR ( 'NONE', #8551, 1000.000000000000000 ) ;
#9533 = EDGE_CURVE ( 'NONE', #475, #10553, #8027, .T. ) ;
#9534 = ORIENTED_EDGE ( 'NONE', *, *, #1238, .F. ) ;
#9535 = VECTOR ( 'NONE', #11840, 999.9999999999998863 ) ;
#9536 = CARTESIAN_POINT ( 'NONE',  ( 19.05000000000000071, 8.509000000000000341, -2.095500000000001695 ) ) ;
#9537 = DIRECTION ( 'NONE',  ( 0.000000000000000000, -1.000000000000000000, 0.000000000000000000 ) ) ;
#9538 = CARTESIAN_POINT ( 'NONE',  ( -3.810000000000000941, 6.505213034913026604E-16, -2.540000000000000924 ) ) ;
#9539 = CARTESIAN_POINT ( 'NONE',  ( -11.87449999999999584, 8.509000000000000341, -2.540000000000001812 ) ) ;
#9540 = DIRECTION ( 'NONE',  ( 0.000000000000000000, -5.691349986800550837E-16, 1.000000000000000000 ) ) ;
#9541 = ADVANCED_FACE ( 'NONE', ( #5093 ), #2939, .F. ) ;
#9542 = ORIENTED_EDGE ( 'NONE', *, *, #7702, .T. ) ;
#9543 = AXIS2_PLACEMENT_3D ( 'NONE', #6288, #5928, #11971 ) ;
#9544 = CARTESIAN_POINT ( 'NONE',  ( 17.78000000000000114, 7.239000000000000767, -2.201425730935033664E-16 ) ) ;
#9545 = LINE ( 'NONE', #8557, #11926 ) ;
#9546 = VERTEX_POINT ( 'NONE', #2151 ) ;
#9547 = PLANE ( 'NONE',  #2446 ) ;
#9548 = EDGE_CURVE ( 'NONE', #9731, #2176, #12104, .T. ) ;
#9549 = VECTOR ( 'NONE', #4552, 1000.000000000000000 ) ;
#9550 = CARTESIAN_POINT ( 'NONE',  ( -5.460999999999998522, 8.064500000000002444, -1.650999999999999801 ) ) ;
#9551 = EDGE_LOOP ( 'NONE', ( #1936, #12223, #3368, #1418 ) ) ;
#9552 = CARTESIAN_POINT ( 'NONE',  ( -6.349999999999999645, 8.509000000000000341, -0.4444999999999982854 ) ) ;
#9553 =( NAMED_UNIT ( * ) SI_UNIT ( $, .STERADIAN. ) SOLID_ANGLE_UNIT ( ) );
#9554 = VECTOR ( 'NONE', #4950, 1000.000000000000000 ) ;
#9555 = DIRECTION ( 'NONE',  ( 0.000000000000000000, -5.691349986800550837E-16, 1.000000000000000000 ) ) ;
#9556 = AXIS2_PLACEMENT_3D ( 'NONE', #449, #7106, #10096 ) ;
#9557 = DIRECTION ( 'NONE',  ( 0.000000000000000000, -1.000000000000000000, 1.019346266292635338E-16 ) ) ;
#9558 = FACE_OUTER_BOUND ( 'NONE', #10026, .T. ) ;
#9559 = DIRECTION ( 'NONE',  ( 0.000000000000000000, 5.691349986800550837E-16, -1.000000000000000000 ) ) ;
#9560 = ORIENTED_EDGE ( 'NONE', *, *, #7421, .T. ) ;
#9561 = ORIENTED_EDGE ( 'NONE', *, *, #9051, .F. ) ;
#9562 = VERTEX_POINT ( 'NONE', #6987 ) ;
#9563 = EDGE_CURVE ( 'NONE', #5708, #3817, #5154, .T. ) ;
#9564 = CARTESIAN_POINT ( 'NONE',  ( -11.42999999999999972, -8.578981026812224210E-17, 2.158999999999999364 ) ) ;
#9565 = VERTEX_POINT ( 'NONE', #5029 ) ;
#9566 = AXIS2_PLACEMENT_3D ( 'NONE', #5906, #11698, #12547 ) ;
#9567 =( REPRESENTATION_RELATIONSHIP ('NONE','NONE', #12679, #10636 ) REPRESENTATION_RELATIONSHIP_WITH_TRANSFORMATION ( #7017 )SHAPE_REPRESENTATION_RELATIONSHIP( ) );
#9568 = ADVANCED_FACE ( 'NONE', ( #7052 ), #6921, .F. ) ;
#9569 = ORIENTED_EDGE ( 'NONE', *, *, #5609, .T. ) ;
#9570 = CARTESIAN_POINT ( 'NONE',  ( 5.905500000000004412, 8.509000000000000341, 2.095500000000002139 ) ) ;
#9571 = LINE ( 'NONE', #9017, #7462 ) ;
#9572 = DIRECTION ( 'NONE',  ( 0.000000000000000000, 0.000000000000000000, 1.000000000000000000 ) ) ;
#9573 = DIRECTION ( 'NONE',  ( -0.000000000000000000, 0.000000000000000000, -1.000000000000000000 ) ) ;
#9574 = LINE ( 'NONE', #896, #1302 ) ;
#9575 = VERTEX_POINT ( 'NONE', #3007 ) ;
#9576 = LINE ( 'NONE', #1480, #4453 ) ;
#9577 = LINE ( 'NONE', #11644, #10666 ) ;
#9578 = VERTEX_POINT ( 'NONE', #7966 ) ;
#9579 = EDGE_LOOP ( 'NONE', ( #4146, #2016, #13, #2654 ) ) ;
#9580 = ORIENTED_EDGE ( 'NONE', *, *, #8059, .F. ) ;
#9581 = LINE ( 'NONE', #10474, #7226 ) ;
#9582 = ADVANCED_FACE ( 'NONE', ( #1176 ), #12044, .F. ) ;
#9583 = VERTEX_POINT ( 'NONE', #4048 ) ;
#9584 = DIRECTION ( 'NONE',  ( 1.000000000000000000, 0.000000000000000000, -0.000000000000000000 ) ) ;
#9585 = CARTESIAN_POINT ( 'NONE',  ( 17.39900000000000091, 8.064499999999998892, 1.651000000000000023 ) ) ;
#9586 = CARTESIAN_POINT ( 'NONE',  ( 13.97000000000000064, 8.509000000000000341, 2.095500000000002139 ) ) ;
#9587 = LINE ( 'NONE', #2395, #2249 ) ;
#9588 = PLANE ( 'NONE',  #4286 ) ;
#9589 = LINE ( 'NONE', #2534, #7336 ) ;
#9590 = FACE_OUTER_BOUND ( 'NONE', #2458, .T. ) ;
#9591 = ORIENTED_EDGE ( 'NONE', *, *, #12701, .F. ) ;
#9592 = VERTEX_POINT ( 'NONE', #11986 ) ;
#9593 = DIRECTION ( 'NONE',  ( -0.7071067811865462405, -0.7071067811865489050, 0.000000000000000000 ) ) ;
#9594 = DIRECTION ( 'NONE',  ( 1.000000000000000000, -0.000000000000000000, -0.000000000000000000 ) ) ;
#9595 = VERTEX_POINT ( 'NONE', #9127 ) ;
#9596 = VERTEX_POINT ( 'NONE', #4904 ) ;
#9597 = ORIENTED_EDGE ( 'NONE', *, *, #2266, .T. ) ;
#9598 = LINE ( 'NONE', #726, #5576 ) ;
#9599 = CARTESIAN_POINT ( 'NONE',  ( 9.334499999999998465, 8.509000000000000341, 2.095500000000002139 ) ) ;
#9600 = PLANE ( 'NONE',  #241 ) ;
#9601 = CARTESIAN_POINT ( 'NONE',  ( -13.97000000000000064, 6.505213034913026604E-16, -2.540000000000000924 ) ) ;
#9602 = CARTESIAN_POINT ( 'NONE',  ( 2.159000000000001140, 7.239000000000000767, -1.651000000000000023 ) ) ;
#9603 = ORIENTED_EDGE ( 'NONE', *, *, #12702, .F. ) ;
#9604 = CARTESIAN_POINT ( 'NONE',  ( -13.97000000000000064, 0.5080000000000006732, -2.022881810244994583 ) ) ;
#9605 = EDGE_CURVE ( 'NONE', #11558, #8446, #3985, .T. ) ;
#9606 = LINE ( 'NONE', #605, #4450 ) ;
#9607 = ORIENTED_EDGE ( 'NONE', *, *, #9855, .F. ) ;
#9608 = AXIS2_PLACEMENT_3D ( 'NONE', #1446, #8162, #7249 ) ;
#9609 = PLANE ( 'NONE',  #10102 ) ;
#9610 = EDGE_CURVE ( 'NONE', #164, #5081, #2027, .T. ) ;
#9611 = VERTEX_POINT ( 'NONE', #11013 ) ;
#9612 = ADVANCED_FACE ( 'NONE', ( #6064 ), #8877, .T. ) ;
#9613 = PLANE ( 'NONE',  #12832 ) ;
#9614 = LINE ( 'NONE', #12591, #6972 ) ;
#9615 = EDGE_CURVE ( 'NONE', #5111, #10909, #5938, .T. ) ;
#9616 = DIRECTION ( 'NONE',  ( 0.000000000000000000, -2.338910953479677683E-16, 1.000000000000000000 ) ) ;
#9617 = DIRECTION ( 'NONE',  ( -1.000000000000000000, -0.000000000000000000, -0.000000000000000000 ) ) ;
#9618 = AXIS2_PLACEMENT_3D ( 'NONE', #1546, #4684, #8650 ) ;
#9619 = DIRECTION ( 'NONE',  ( 0.5773502691896268413, 0.5773502691896247319, -0.5773502691896256200 ) ) ;
#9620 = LINE ( 'NONE', #684, #7764 ) ;
#9621 = ORIENTED_EDGE ( 'NONE', *, *, #3513, .T. ) ;
#9622 = ORIENTED_EDGE ( 'NONE', *, *, #2833, .T. ) ;
#9623 = ORIENTED_EDGE ( 'NONE', *, *, #3581, .F. ) ;
#9624 = DIRECTION ( 'NONE',  ( -0.000000000000000000, 1.000000000000000000, 1.733406087350420004E-16 ) ) ;
#9625 = ORIENTED_EDGE ( 'NONE', *, *, #1554, .T. ) ;
#9626 = VECTOR ( 'NONE', #5243, 1000.000000000000000 ) ;
#9627 = LINE ( 'NONE', #628, #6360 ) ;
#9628 = VECTOR ( 'NONE', #8208, 1000.000000000000000 ) ;
#9629 = EDGE_CURVE ( 'NONE', #12372, #8216, #1117, .T. ) ;
#9630 = CARTESIAN_POINT ( 'NONE',  ( 2.540000000000000480, 0.000000000000000000, 0.000000000000000000 ) ) ;
#9631 = DIRECTION ( 'NONE',  ( 1.000000000000000000, 0.000000000000000000, 0.000000000000000000 ) ) ;
#9632 = DIRECTION ( 'NONE',  ( -0.5773502691896272854, -0.5773502691896250649, -0.5773502691896250649 ) ) ;
#9633 = ORIENTED_EDGE ( 'NONE', *, *, #6326, .F. ) ;
#9634 = DIRECTION ( 'NONE',  ( 0.5773502691896268413, 0.5773502691896247319, -0.5773502691896256200 ) ) ;
#9635 = CARTESIAN_POINT ( 'NONE',  ( 13.97000000000000064, 8.509000000000000341, -2.540000000000001812 ) ) ;
#9636 = DIRECTION ( 'NONE',  ( -0.000000000000000000, -0.000000000000000000, 1.000000000000000000 ) ) ;
#9637 = ORIENTED_EDGE ( 'NONE', *, *, #6976, .T. ) ;
#9638 = ORIENTED_EDGE ( 'NONE', *, *, #5569, .T. ) ;
#9639 = ORIENTED_EDGE ( 'NONE', *, *, #112, .T. ) ;
#9640 = ADVANCED_FACE ( 'NONE', ( #132 ), #4110, .F. ) ;
#9641 = VECTOR ( 'NONE', #10468, 1000.000000000000000 ) ;
#9642 = CARTESIAN_POINT ( 'NONE',  ( 10.98550000000000537, 8.509000000000000341, 0.4444999999999970086 ) ) ;
#9643 = VECTOR ( 'NONE', #3981, 1000.000000000000000 ) ;
#9644 = ORIENTED_EDGE ( 'NONE', *, *, #1151, .F. ) ;
#9645 = CARTESIAN_POINT ( 'NONE',  ( 0.3810000000000000053, 0.5079999999999997851, -1.473200000000000953 ) ) ;
#9646 = PLANE ( 'NONE',  #574 ) ;
#9647 = VECTOR ( 'NONE', #5975, 1000.000000000000000 ) ;
#9648 = PLANE ( 'NONE',  #7261 ) ;
#9649 = CARTESIAN_POINT ( 'NONE',  ( 3.365500000000003933, 8.509000000000000341, 2.095500000000002139 ) ) ;
#9650 = PLANE ( 'NONE',  #10247 ) ;
#9651 = DIRECTION ( 'NONE',  ( -0.000000000000000000, 0.000000000000000000, -1.000000000000000000 ) ) ;
#9652 = VERTEX_POINT ( 'NONE', #7297 ) ;
#9653 = ORIENTED_EDGE ( 'NONE', *, *, #1379, .T. ) ;
#9654 = EDGE_CURVE ( 'NONE', #5796, #5543, #12169, .T. ) ;
#9655 = VECTOR ( 'NONE', #1681, 1000.000000000000000 ) ;
#9656 = CARTESIAN_POINT ( 'NONE',  ( 0.000000000000000000, 7.239000000000000767, -2.201425730935033664E-16 ) ) ;
#9657 = CARTESIAN_POINT ( 'NONE',  ( 16.51000000000000156, 4.336808689942017736E-16, -2.159000000000001140 ) ) ;
#9658 = VERTEX_POINT ( 'NONE', #9635 ) ;
#9659 = VERTEX_POINT ( 'NONE', #7609 ) ;
#9660 = VECTOR ( 'NONE', #2423, 1000.000000000000000 ) ;
#9661 = ORIENTED_EDGE ( 'NONE', *, *, #1969, .T. ) ;
#9662 = LINE ( 'NONE', #4518, #12209 ) ;
#9663 = FACE_OUTER_BOUND ( 'NONE', #953, .T. ) ;
#9664 = CARTESIAN_POINT ( 'NONE',  ( 0.3810000000000000053, -2.692399999999994797, -1.066800000000000415 ) ) ;
#9665 = DIRECTION ( 'NONE',  ( 1.000000000000000000, 0.000000000000000000, 0.000000000000000000 ) ) ;
#9666 = CARTESIAN_POINT ( 'NONE',  ( 14.85899999999999999, 7.239000000000000767, 1.650999999999999801 ) ) ;
#9667 = ORIENTED_EDGE ( 'NONE', *, *, #6499, .F. ) ;
#9668 = EDGE_CURVE ( 'NONE', #2522, #10828, #1292, .T. ) ;
#9669 = DIRECTION ( 'NONE',  ( 0.7071067811865462405, -0.7071067811865489050, 0.000000000000000000 ) ) ;
#9670 = DIRECTION ( 'NONE',  ( 0.000000000000000000, 0.9659258262890700886, -0.2588190451025140781 ) ) ;
#9671 = EDGE_LOOP ( 'NONE', ( #10298, #11377, #2015, #12764 ) ) ;
#9672 = PLANE ( 'NONE',  #4277 ) ;
#9673 = ORIENTED_EDGE ( 'NONE', *, *, #5112, .T. ) ;
#9674 = LINE ( 'NONE', #3547, #5340 ) ;
#9675 = FILL_AREA_STYLE ('',( #2698 ) ) ;
#9676 = EDGE_CURVE ( 'NONE', #11557, #3657, #11264, .T. ) ;
#9677 = LINE ( 'NONE', #745, #2812 ) ;
#9678 = LINE ( 'NONE', #942, #10027 ) ;
#9679 = CARTESIAN_POINT ( 'NONE',  ( 4.254500000000001059, 8.509000000000000341, -0.4444999999999983409 ) ) ;
#9680 = LINE ( 'NONE', #7855, #5890 ) ;
#9681 = ORIENTED_EDGE ( 'NONE', *, *, #3092, .F. ) ;
#9682 = EDGE_LOOP ( 'NONE', ( #963, #5063, #4543, #9781 ) ) ;
#9683 = EDGE_CURVE ( 'NONE', #12557, #9723, #5406, .T. ) ;
#9684 = EDGE_LOOP ( 'NONE', ( #11046, #11755, #11219, #686 ) ) ;
#9685 = EDGE_CURVE ( 'NONE', #1241, #9718, #9253, .T. ) ;
#9686 = CARTESIAN_POINT ( 'NONE',  ( 4.699000000000001620, 8.064499999999998892, 1.650999999999999801 ) ) ;
#9687 = EDGE_CURVE ( 'NONE', #704, #6251, #8349, .T. ) ;
#9688 = VECTOR ( 'NONE', #12862, 1000.000000000000000 ) ;
#9689 = EDGE_CURVE ( 'NONE', #1369, #415, #6383, .T. ) ;
#9690 = ORIENTED_EDGE ( 'NONE', *, *, #846, .F. ) ;
#9691 = ADVANCED_FACE ( 'NONE', ( #313 ), #4233, .F. ) ;
#9692 = VECTOR ( 'NONE', #2377, 1000.000000000000000 ) ;
#9693 = CARTESIAN_POINT ( 'NONE',  ( 11.42999999999999972, 8.509000000000000341, -2.540000000000001812 ) ) ;
#9694 = CARTESIAN_POINT ( 'NONE',  ( -4.698999999999999844, 8.064499999999998892, 0.8889999999999999014 ) ) ;
#9695 = LINE ( 'NONE', #7930, #8603 ) ;
#9696 = AXIS2_PLACEMENT_3D ( 'NONE', #5070, #9043, #971 ) ;
#9697 = CARTESIAN_POINT ( 'NONE',  ( 14.85899999999999999, 7.239000000000000767, -1.651000000000000023 ) ) ;
#9698 = DIRECTION ( 'NONE',  ( -0.7071067811865462405, -0.7071067811865489050, 0.000000000000000000 ) ) ;
#9699 = ORIENTED_EDGE ( 'NONE', *, *, #5145, .T. ) ;
#9700 = ORIENTED_EDGE ( 'NONE', *, *, #5713, .T. ) ;
#9701 = EDGE_CURVE ( 'NONE', #8954, #2932, #10361, .T. ) ;
#9702 = ORIENTED_EDGE ( 'NONE', *, *, #7539, .F. ) ;
#9703 = DIRECTION ( 'NONE',  ( -0.000000000000000000, 0.000000000000000000, 1.000000000000000000 ) ) ;
#9704 = AXIS2_PLACEMENT_3D ( 'NONE', #12661, #12593, #10706 ) ;
#9705 = ADVANCED_FACE ( 'NONE', ( #2274 ), #3325, .F. ) ;
#9706 = VERTEX_POINT ( 'NONE', #3254 ) ;
#9707 = VECTOR ( 'NONE', #2115, 1000.000000000000000 ) ;
#9708 = DIRECTION ( 'NONE',  ( -0.000000000000000000, 0.2588190451025140781, 0.9659258262890700886 ) ) ;
#9709 = CARTESIAN_POINT ( 'NONE',  ( 6.350000000000001421, 6.505213034913026604E-16, -2.540000000000000924 ) ) ;
#9711 = FACE_OUTER_BOUND ( 'NONE', #7009, .T. ) ;
#9710 = AXIS2_PLACEMENT_3D ( 'NONE', #5645, #11553, #1396 ) ;
#9712 = DIRECTION ( 'NONE',  ( -0.5773502691896259531, -0.5773502691896237327, -0.5773502691896276184 ) ) ;
#9714 = DIRECTION ( 'NONE',  ( -1.000000000000000000, -0.000000000000000000, -0.000000000000000000 ) ) ;
#9713 = VECTOR ( 'NONE', #7033, 1000.000000000000000 ) ;
#9715 = CARTESIAN_POINT ( 'NONE',  ( 11.43000000000000327, -8.578981026812224210E-17, 2.158999999999999364 ) ) ;
#9716 = DIRECTION ( 'NONE',  ( 0.000000000000000000, -0.000000000000000000, -1.000000000000000000 ) ) ;
#9717 = ORIENTED_EDGE ( 'NONE', *, *, #5296, .T. ) ;
#9718 = VERTEX_POINT ( 'NONE', #6643 ) ;
#9719 = CARTESIAN_POINT ( 'NONE',  ( -12.31900000000000084, 8.064499999999998892, 1.650999999999999801 ) ) ;
#9720 = ORIENTED_EDGE ( 'NONE', *, *, #2962, .T. ) ;
#9721 = EDGE_CURVE ( 'NONE', #10956, #7099, #3385, .T. ) ;
#9722 = VECTOR ( 'NONE', #7980, 1000.000000000000000 ) ;
#9723 = VERTEX_POINT ( 'NONE', #8284 ) ;
#9724 = EDGE_CURVE ( 'NONE', #2807, #11416, #10600, .T. ) ;
#9725 = CARTESIAN_POINT ( 'NONE',  ( 6.350000000000001421, 6.505213034913026604E-16, -2.540000000000000924 ) ) ;
#9726 = CARTESIAN_POINT ( 'NONE',  ( 2.920999999999999819, 7.239000000000000767, 0.8889999999999997904 ) ) ;
#9727 = DIRECTION ( 'NONE',  ( 0.000000000000000000, 2.251701056906096594E-16, 1.000000000000000000 ) ) ;
#9728 = DIRECTION ( 'NONE',  ( -0.000000000000000000, 1.000000000000000000, 1.733406087350420004E-16 ) ) ;
#9729 = STYLED_ITEM ( 'NONE', ( #7633 ), #10798 ) ;
#9730 = CARTESIAN_POINT ( 'NONE',  ( 9.779000000000003467, 8.064500000000002444, -0.8890000000000001235 ) ) ;
#9731 = VERTEX_POINT ( 'NONE', #7236 ) ;
#9732 = LINE ( 'NONE', #11674, #4307 ) ;
#9733 = LINE ( 'NONE', #2881, #3821 ) ;
#9734 = ORIENTED_EDGE ( 'NONE', *, *, #4097, .F. ) ;
#9735 = STYLED_ITEM ( 'NONE', ( #1106 ), #10923 ) ;
#9736 = DIRECTION ( 'NONE',  ( 0.000000000000000000, 1.000000000000000000, 1.733406087350420004E-16 ) ) ;
#9737 = ORIENTED_EDGE ( 'NONE', *, *, #2178, .T. ) ;
#9738 = ADVANCED_FACE ( 'NONE', ( #10224 ), #11204, .F. ) ;
#9739 = CARTESIAN_POINT ( 'NONE',  ( -3.810000000000000941, 6.505213034913026604E-16, -2.540000000000000924 ) ) ;
#9740 = VECTOR ( 'NONE', #6911, 1000.000000000000000 ) ;
#9741 = LINE ( 'NONE', #7588, #4252 ) ;
#9742 = DIRECTION ( 'NONE',  ( 0.000000000000000000, 1.607907343367028359E-16, -1.000000000000000000 ) ) ;
#9743 = CARTESIAN_POINT ( 'NONE',  ( -6.349999999999999645, 0.5080000000000000071, 2.022881810244992806 ) ) ;
#9744 = DIRECTION ( 'NONE',  ( 0.000000000000000000, -1.733406087350420004E-16, 1.000000000000000000 ) ) ;
#9745 = VECTOR ( 'NONE', #6894, 1000.000000000000000 ) ;
#9746 = DIRECTION ( 'NONE',  ( -0.5773502691896258421, 0.5773502691896236216, -0.5773502691896278405 ) ) ;
#9747 = ORIENTED_EDGE ( 'NONE', *, *, #10148, .T. ) ;
#9748 = ORIENTED_EDGE ( 'NONE', *, *, #11580, .F. ) ;
#9749 = ORIENTED_EDGE ( 'NONE', *, *, #1346, .T. ) ;
#9750 = CARTESIAN_POINT ( 'NONE',  ( 7.239000000000002544, 7.239000000000000767, 1.650999999999999801 ) ) ;
#9751 = ORIENTED_EDGE ( 'NONE', *, *, #6114, .F. ) ;
#9752 = VECTOR ( 'NONE', #939, 1000.000000000000000 ) ;
#9753 = DIRECTION ( 'NONE',  ( 0.000000000000000000, 0.000000000000000000, -1.000000000000000000 ) ) ;
#9754 = CARTESIAN_POINT ( 'NONE',  ( 11.43000000000000327, 4.336808689942017736E-16, -2.159000000000001140 ) ) ;
#9755 = CONTEXT_DEPENDENT_SHAPE_REPRESENTATION ( #3563, #2103 ) ;
#9756 = DIRECTION ( 'NONE',  ( 0.000000000000000000, 1.000000000000000000, -1.019346266292635338E-16 ) ) ;
#9757 = CARTESIAN_POINT ( 'NONE',  ( 17.39900000000000091, 7.239000000000000767, -1.651000000000000023 ) ) ;
#9758 = PLANE ( 'NONE',  #11351 ) ;
#9759 = CARTESIAN_POINT ( 'NONE',  ( 0.3810000000000000053, 0.5079999999999997851, 1.473200000000000953 ) ) ;
#9760 = ORIENTED_EDGE ( 'NONE', *, *, #3891, .T. ) ;
#9761 = ORIENTED_EDGE ( 'NONE', *, *, #9423, .T. ) ;
#9762 = ADVANCED_FACE ( 'NONE', ( #5210 ), #11325, .F. ) ;
#9763 = ORIENTED_EDGE ( 'NONE', *, *, #6967, .F. ) ;
#9764 = CARTESIAN_POINT ( 'NONE',  ( 8.890000000000002345, -8.578981026812224210E-17, 2.158999999999999364 ) ) ;
#9765 = VECTOR ( 'NONE', #3855, 1000.000000000000000 ) ;
#9766 = EDGE_CURVE ( 'NONE', #9128, #2502, #3455, .T. ) ;
#9767 = VECTOR ( 'NONE', #1357, 1000.000000000000000 ) ;
#9768 = ORIENTED_EDGE ( 'NONE', *, *, #7775, .T. ) ;
#9769 = DIRECTION ( 'NONE',  ( -1.000000000000000000, -0.000000000000000000, -0.000000000000000000 ) ) ;
#9770 = EDGE_CURVE ( 'NONE', #2138, #6555, #11130, .T. ) ;
#9771 = CARTESIAN_POINT ( 'NONE',  ( -5.905499999999999083, 8.509000000000000341, -2.095500000000001695 ) ) ;
#9772 = EDGE_CURVE ( 'NONE', #9128, #4235, #765, .T. ) ;
#9773 = LINE ( 'NONE', #4888, #8529 ) ;
#9774 = CARTESIAN_POINT ( 'NONE',  ( -18.16100000000000136, 7.239000000000000767, 0.8889999999999997904 ) ) ;
#9775 = LINE ( 'NONE', #2924, #256 ) ;
#9776 = ADVANCED_FACE ( 'NONE', ( #7738 ), #12680, .T. ) ;
#9777 = CARTESIAN_POINT ( 'NONE',  ( -1.270000000000000240, -8.578981026812224210E-17, 2.158999999999999364 ) ) ;
#9778 = EDGE_CURVE ( 'NONE', #341, #4804, #5973, .T. ) ;
#9779 = CARTESIAN_POINT ( 'NONE',  ( -6.349999999999999645, 4.336808689942017736E-16, -2.159000000000001140 ) ) ;
#9780 = ORIENTED_EDGE ( 'NONE', *, *, #5219, .F. ) ;
#9781 = ORIENTED_EDGE ( 'NONE', *, *, #11677, .F. ) ;
#9782 = FACE_OUTER_BOUND ( 'NONE', #9161, .T. ) ;
#9783 = ORIENTED_EDGE ( 'NONE', *, *, #10322, .T. ) ;
#9784 = AXIS2_PLACEMENT_3D ( 'NONE', #9901, #10932, #2792 ) ;
#9785 = FACE_OUTER_BOUND ( 'NONE', #9682, .T. ) ;
#9786 = FACE_OUTER_BOUND ( 'NONE', #8389, .T. ) ;
#9787 = DIRECTION ( 'NONE',  ( 0.000000000000000000, -0.7071067811865499042, 0.7071067811865451302 ) ) ;
#9788 = LINE ( 'NONE', #8874, #12527 ) ;
#9789 = ADVANCED_FACE ( 'NONE', ( #959 ), #4750, .F. ) ;
#9790 = LINE ( 'NONE', #3006, #6057 ) ;
#9791 = DIRECTION ( 'NONE',  ( 0.000000000000000000, -1.733406087350420004E-16, 1.000000000000000000 ) ) ;
#9792 = ORIENTED_EDGE ( 'NONE', *, *, #10181, .F. ) ;
#9793 = FACE_OUTER_BOUND ( 'NONE', #4706, .T. ) ;
#9794 = CARTESIAN_POINT ( 'NONE',  ( 8.001000000000001222, 8.064500000000002444, -0.8890000000000001235 ) ) ;
#9795 = EDGE_LOOP ( 'NONE', ( #4247, #1050, #9259, #3957 ) ) ;
#9796 = EDGE_CURVE ( 'NONE', #11014, #12378, #2714, .T. ) ;
#9797 = FACE_OUTER_BOUND ( 'NONE', #7612, .T. ) ;
#9798 = ORIENTED_EDGE ( 'NONE', *, *, #12461, .F. ) ;
#9799 = MECHANICAL_DESIGN_GEOMETRIC_PRESENTATION_REPRESENTATION (  '', ( #6887 ), #3343 ) ;
#9800 = CARTESIAN_POINT ( 'NONE',  ( 0.3809999999999993947, 7.239000000000000767, -0.8890000000000001235 ) ) ;
#9801 = CARTESIAN_POINT ( 'NONE',  ( 8.890000000000002345, 0.5080000000000006732, -2.022881810244994583 ) ) ;
#9802 = CARTESIAN_POINT ( 'NONE',  ( 4.699000000000001620, 7.239000000000000767, 1.650999999999999801 ) ) ;
#9803 = CARTESIAN_POINT ( 'NONE',  ( 6.350000000000001421, 6.505213034913026604E-16, -2.540000000000000924 ) ) ;
#9804 = FACE_OUTER_BOUND ( 'NONE', #1734, .T. ) ;
#9805 = ORIENTED_EDGE ( 'NONE', *, *, #1306, .F. ) ;
#9806 = DIRECTION ( 'NONE',  ( 1.000000000000000000, 0.000000000000000000, -0.000000000000000000 ) ) ;
#9807 = DIRECTION ( 'NONE',  ( -0.000000000000000000, 1.000000000000000000, 1.733406087350420004E-16 ) ) ;
#9808 = ORIENTED_EDGE ( 'NONE', *, *, #2388, .T. ) ;
#9809 = ORIENTED_EDGE ( 'NONE', *, *, #3222, .T. ) ;
#9810 = ORIENTED_EDGE ( 'NONE', *, *, #11470, .F. ) ;
#9811 = ADVANCED_FACE ( 'NONE', ( #11701 ), #12743, .F. ) ;
#9812 = DIRECTION ( 'NONE',  ( 0.000000000000000000, 1.000000000000000000, -2.251701056906096594E-16 ) ) ;
#9813 = VECTOR ( 'NONE', #4384, 1000.000000000000000 ) ;
#9814 = ORIENTED_EDGE ( 'NONE', *, *, #7280, .T. ) ;
#9815 = FACE_OUTER_BOUND ( 'NONE', #12373, .T. ) ;
#9816 = DIRECTION ( 'NONE',  ( 0.000000000000000000, 0.000000000000000000, -1.000000000000000000 ) ) ;
#9817 = VECTOR ( 'NONE', #1930, 1000.000000000000000 ) ;
#9818 = EDGE_CURVE ( 'NONE', #10086, #3851, #5720, .T. ) ;
#9819 = DIRECTION ( 'NONE',  ( 1.000000000000000000, 0.000000000000000000, 0.000000000000000000 ) ) ;
#9820 = CARTESIAN_POINT ( 'NONE',  ( 16.06550000000000367, 8.509000000000000341, 0.4444999999999970086 ) ) ;
#9821 = DIRECTION ( 'NONE',  ( -0.000000000000000000, 1.000000000000000000, 1.733406087350420004E-16 ) ) ;
#9822 = FACE_OUTER_BOUND ( 'NONE', #4908, .T. ) ;
#9823 = CARTESIAN_POINT ( 'NONE',  ( 14.85899999999999999, 8.064499999999998892, 1.650999999999999801 ) ) ;
#9824 = EDGE_LOOP ( 'NONE', ( #11564, #12533, #9394, #12784 ) ) ;
#9825 = ORIENTED_EDGE ( 'NONE', *, *, #10560, .T. ) ;
#9826 = ORIENTED_EDGE ( 'NONE', *, *, #2723, .F. ) ;
#9827 = EDGE_CURVE ( 'NONE', #4829, #10557, #34, .T. ) ;
#9828 = CARTESIAN_POINT ( 'NONE',  ( -13.08099999999999952, 8.064500000000002444, -1.650999999999999801 ) ) ;
#9829 = VECTOR ( 'NONE', #1069, 1000.000000000000000 ) ;
#9830 = CLOSED_SHELL ( 'NONE', ( #10594, #9811, #7288, #3727, #12780, #4923, #1577, #3443, #4887, #8408, #2191, #9014, #1903, #2188, #10316, #10364, #4404, #11710, #2269, #11853, #2614, #12791, #7782, #6868, #11020, #11202, #9568, #504 ) ) ;
#9831 = ORIENTED_EDGE ( 'NONE', *, *, #3000, .T. ) ;
#9832 = DIRECTION ( 'NONE',  ( 0.000000000000000000, 2.667820306312759283E-16, 1.000000000000000000 ) ) ;
#9833 = FACE_OUTER_BOUND ( 'NONE', #36, .T. ) ;
#9834 = ADVANCED_FACE ( 'NONE', ( #2969 ), #4938, .F. ) ;
#9835 = CARTESIAN_POINT ( 'NONE',  ( 16.51000000000000156, 4.336808689942017736E-16, -2.159000000000001140 ) ) ;
#9836 = DIRECTION ( 'NONE',  ( 1.000000000000000000, 0.000000000000000000, -0.000000000000000000 ) ) ;
#9837 = CARTESIAN_POINT ( 'NONE',  ( -3.809999999999999165, 4.336808689942017736E-16, -2.159000000000001140 ) ) ;
#9838 = DIRECTION ( 'NONE',  ( 0.000000000000000000, 0.000000000000000000, 1.000000000000000000 ) ) ;
#9839 = VECTOR ( 'NONE', #845, 999.9999999999998863 ) ;
#9840 = PRESENTATION_LAYER_ASSIGNMENT (  '', '', ( #12311 ) ) ;
#9841 = VECTOR ( 'NONE', #1290, 1000.000000000000000 ) ;
#9842 = DIRECTION ( 'NONE',  ( 0.000000000000000000, 0.000000000000000000, -1.000000000000000000 ) ) ;
#9843 = ORIENTED_EDGE ( 'NONE', *, *, #10467, .F. ) ;
#9844 = EDGE_LOOP ( 'NONE', ( #550, #5485, #11161, #7468 ) ) ;
#9845 = CARTESIAN_POINT ( 'NONE',  ( 7.239000000000002544, 8.064499999999998892, 1.651000000000000023 ) ) ;
#9846 = DIRECTION ( 'NONE',  ( -1.000000000000000000, -0.000000000000000000, -0.000000000000000000 ) ) ;
#9847 = VERTEX_POINT ( 'NONE', #3769 ) ;
#9848 = EDGE_CURVE ( 'NONE', #1608, #8357, #7679, .T. ) ;
#9849 = ADVANCED_FACE ( 'NONE', ( #9822 ), #9758, .F. ) ;
#9850 = EDGE_CURVE ( 'NONE', #3331, #6421, #830, .T. ) ;
#9851 = VECTOR ( 'NONE', #620, 1000.000000000000000 ) ;
#9852 = VECTOR ( 'NONE', #9970, 1000.000000000000000 ) ;
#9853 = EDGE_CURVE ( 'NONE', #11327, #5772, #1932, .T. ) ;
#9854 = DIRECTION ( 'NONE',  ( -0.000000000000000000, 1.000000000000000000, 1.733406087350420004E-16 ) ) ;
#9855 = EDGE_CURVE ( 'NONE', #4574, #2688, #8780, .T. ) ;
#9856 = LINE ( 'NONE', #924, #4116 ) ;
#9857 = CARTESIAN_POINT ( 'NONE',  ( -1.270000000000000240, 0.5080000000000000071, 2.022881810244992806 ) ) ;
#9858 = CARTESIAN_POINT ( 'NONE',  ( -1.270000000000000240, 0.5080000000000000071, 2.022881810244992806 ) ) ;
#9859 = CARTESIAN_POINT ( 'NONE',  ( 1.270000000000000240, 0.000000000000000000, 2.539999999999999147 ) ) ;
#9860 = DIRECTION ( 'NONE',  ( 0.000000000000000000, 5.691349986800550837E-16, -1.000000000000000000 ) ) ;
#9861 = VERTEX_POINT ( 'NONE', #5002 ) ;
#9862 = MECHANICAL_DESIGN_GEOMETRIC_PRESENTATION_REPRESENTATION (  '', ( #12119 ), #8835 ) ;
#9863 = FACE_OUTER_BOUND ( 'NONE', #9795, .T. ) ;
#9864 = PLANE ( 'NONE',  #8816 ) ;
#9865 = ORIENTED_EDGE ( 'NONE', *, *, #353, .F. ) ;
#9866 = EDGE_CURVE ( 'NONE', #11687, #626, #6830, .T. ) ;
#9867 = DIRECTION ( 'NONE',  ( 0.000000000000000000, -1.000000000000000000, -1.733406087350420004E-16 ) ) ;
#9868 = ORIENTED_EDGE ( 'NONE', *, *, #6624, .F. ) ;
#9869 = LINE ( 'NONE', #6869, #11367 ) ;
#9870 = CARTESIAN_POINT ( 'NONE',  ( 6.350000000000001421, 8.509000000000000341, -2.540000000000001812 ) ) ;
#9871 = DIRECTION ( 'NONE',  ( -0.000000000000000000, 1.000000000000000000, 5.691349986800550837E-16 ) ) ;
#9872 = DIRECTION ( 'NONE',  ( 1.000000000000000000, 0.000000000000000000, 0.000000000000000000 ) ) ;
#9873 = DIRECTION ( 'NONE',  ( 1.000000000000000000, 0.000000000000000000, 0.000000000000000000 ) ) ;
#9874 = CARTESIAN_POINT ( 'NONE',  ( -0.3809999999999993947, 8.064500000000002444, -0.8890000000000001235 ) ) ;
#9875 = DIRECTION ( 'NONE',  ( -1.000000000000000000, 0.000000000000000000, 0.000000000000000000 ) ) ;
#9876 = VERTEX_POINT ( 'NONE', #5845 ) ;
#9877 = ORIENTED_EDGE ( 'NONE', *, *, #3976, .T. ) ;
#9878 = ORIENTED_EDGE ( 'NONE', *, *, #11381, .F. ) ;
#9880 = FACE_OUTER_BOUND ( 'NONE', #10001, .T. ) ;
#9879 = STYLED_ITEM ( 'NONE', ( #5367 ), #6400 ) ;
#9881 = ORIENTED_EDGE ( 'NONE', *, *, #8204, .T. ) ;
#9882 = DIRECTION ( 'NONE',  ( 0.000000000000000000, -0.7071067811865475727, 0.7071067811865475727 ) ) ;
#9883 = ADVANCED_FACE ( 'NONE', ( #5910 ), #899, .F. ) ;
#9884 = DIRECTION ( 'NONE',  ( 0.000000000000000000, 0.000000000000000000, 1.000000000000000000 ) ) ;
#9885 = CARTESIAN_POINT ( 'NONE',  ( 18.16100000000000136, 7.239000000000000767, 1.650999999999999801 ) ) ;
#9886 = DIRECTION ( 'NONE',  ( -0.000000000000000000, 1.000000000000000000, 5.691349986800550837E-16 ) ) ;
#9887 = DIRECTION ( 'NONE',  ( 1.000000000000000000, 0.000000000000000000, -0.000000000000000000 ) ) ;
#9888 = EDGE_LOOP ( 'NONE', ( #9375, #5630, #8756, #267 ) ) ;
#9889 = VERTEX_POINT ( 'NONE', #2243 ) ;
#9890 = ORIENTED_EDGE ( 'NONE', *, *, #2335, .F. ) ;
#9891 = DIRECTION ( 'NONE',  ( 0.000000000000000000, -1.000000000000000000, -3.058038798877906014E-16 ) ) ;
#9892 = VECTOR ( 'NONE', #6494, 1000.000000000000000 ) ;
#9893 = ORIENTED_EDGE ( 'NONE', *, *, #8834, .F. ) ;
#9894 = FACE_BOUND ( 'NONE', #6255, .T. ) ;
#9895 = CARTESIAN_POINT ( 'NONE',  ( 11.43000000000000327, 8.509000000000000341, 2.540000000000001812 ) ) ;
#9896 = ADVANCED_FACE ( 'NONE', ( #1140 ), #4076, .F. ) ;
#9897 = VECTOR ( 'NONE', #10843, 1000.000000000000000 ) ;
#9898 = DIRECTION ( 'NONE',  ( -0.000000000000000000, -0.7071067811865482389, -0.7071067811865469066 ) ) ;
#9899 = DIRECTION ( 'NONE',  ( -0.000000000000000000, 0.000000000000000000, -1.000000000000000000 ) ) ;
#9900 = DIRECTION ( 'NONE',  ( -1.000000000000000000, -0.000000000000000000, -0.000000000000000000 ) ) ;
#9901 = CARTESIAN_POINT ( 'NONE',  ( 7.239000000000002544, 8.064499999999998892, 1.651000000000000023 ) ) ;
#9902 = AXIS2_PLACEMENT_3D ( 'NONE', #12711, #12649, #2617 ) ;
#9903 = DIRECTION ( 'NONE',  ( 0.000000000000000000, 1.000000000000000000, 1.607907343367028359E-16 ) ) ;
#9904 = ORIENTED_EDGE ( 'NONE', *, *, #8997, .T. ) ;
#9905 = VERTEX_POINT ( 'NONE', #4014 ) ;
#9906 = ORIENTED_EDGE ( 'NONE', *, *, #44, .F. ) ;
#9907 = CARTESIAN_POINT ( 'NONE',  ( -10.54100000000000037, 8.064499999999998892, 0.8889999999999999014 ) ) ;
#9908 = CARTESIAN_POINT ( 'NONE',  ( 13.97000000000000064, 0.000000000000000000, 0.000000000000000000 ) ) ;
#9909 = ORIENTED_EDGE ( 'NONE', *, *, #11257, .F. ) ;
#9910 = VECTOR ( 'NONE', #11712, 1000.000000000000000 ) ;
#9911 = EDGE_CURVE ( 'NONE', #1086, #12019, #12201, .T. ) ;
#9912 = AXIS2_PLACEMENT_3D ( 'NONE', #3926, #7903, #10039 ) ;
#9913 = ADVANCED_FACE ( 'NONE', ( #3035 ), #4142, .F. ) ;
#9914 = VECTOR ( 'NONE', #12028, 1000.000000000000000 ) ;
#9915 = ORIENTED_EDGE ( 'NONE', *, *, #5980, .T. ) ;
#9916 = LINE ( 'NONE', #1836, #10959 ) ;
#9917 = CARTESIAN_POINT ( 'NONE',  ( 8.001000000000001222, 8.064499999999998892, 0.8889999999999999014 ) ) ;
#9918 = CARTESIAN_POINT ( 'NONE',  ( 13.08099999999999952, 8.064500000000002444, -1.650999999999999801 ) ) ;
#9919 = CARTESIAN_POINT ( 'NONE',  ( -13.08099999999999952, 7.239000000000000767, 1.650999999999999801 ) ) ;
#9920 = AXIS2_PLACEMENT_3D ( 'NONE', #10401, #8261, #3296 ) ;
#9921 = CARTESIAN_POINT ( 'NONE',  ( 7.239000000000002544, 8.064499999999998892, 1.650999999999999801 ) ) ;
#9922 = EDGE_LOOP ( 'NONE', ( #6768, #12725, #1555, #7174 ) ) ;
#9923 = CARTESIAN_POINT ( 'NONE',  ( 13.97000000000000064, 0.5080000000000000071, 2.022881810244992806 ) ) ;
#9924 = AXIS2_PLACEMENT_3D ( 'NONE', #12322, #12257, #2355 ) ;
#9925 = CARTESIAN_POINT ( 'NONE',  ( -5.905499999999999083, 8.509000000000000341, -0.4444999999999983409 ) ) ;
#9926 = ADVANCED_FACE ( 'NONE', ( #10131 ), #7200, .F. ) ;
#9927 = VERTEX_POINT ( 'NONE', #8060 ) ;
#9928 = VECTOR ( 'NONE', #10403, 1000.000000000000114 ) ;
#9929 = ADVANCED_FACE ( 'NONE', ( #11167 ), #11230, .F. ) ;
#9930 = CARTESIAN_POINT ( 'NONE',  ( 19.05000000000000071, -8.578981026812224210E-17, 2.158999999999999364 ) ) ;
#9931 = ORIENTED_EDGE ( 'NONE', *, *, #11186, .F. ) ;
#9932 = VECTOR ( 'NONE', #1504, 1000.000000000000000 ) ;
#9933 = DIRECTION ( 'NONE',  ( 1.000000000000000000, 0.000000000000000000, 0.000000000000000000 ) ) ;
#9934 = DIRECTION ( 'NONE',  ( 0.000000000000000000, 0.2588190451025140226, -0.9659258262890701996 ) ) ;
#9935 = EDGE_CURVE ( 'NONE', #7349, #11172, #10195, .T. ) ;
#9936 = EDGE_CURVE ( 'NONE', #8938, #11064, #1260, .T. ) ;
#9937 = LINE ( 'NONE', #5104, #12551 ) ;
#9938 = LINE ( 'NONE', #2952, #5109 ) ;
#9939 = DIRECTION ( 'NONE',  ( 0.000000000000000000, 0.000000000000000000, 1.000000000000000000 ) ) ;
#9940 = VECTOR ( 'NONE', #2203, 1000.000000000000000 ) ;
#9941 = EDGE_CURVE ( 'NONE', #7269, #9595, #1325, .T. ) ;
#9942 = DIRECTION ( 'NONE',  ( 0.000000000000000000, -0.000000000000000000, -1.000000000000000000 ) ) ;
#9943 = DIRECTION ( 'NONE',  ( 0.000000000000000000, -0.7071067811865499042, 0.7071067811865451302 ) ) ;
#9944 = ORIENTED_EDGE ( 'NONE', *, *, #12479, .T. ) ;
#9945 = ORIENTED_EDGE ( 'NONE', *, *, #3548, .T. ) ;
#9946 = ORIENTED_EDGE ( 'NONE', *, *, #12616, .T. ) ;
#9947 = DIRECTION ( 'NONE',  ( 0.000000000000000000, -0.9659258262890700886, 0.2588190451025140781 ) ) ;
#9948 = VECTOR ( 'NONE', #11063, 1000.000000000000000 ) ;
#9949 = EDGE_LOOP ( 'NONE', ( #12667, #4752, #6111, #4448 ) ) ;
#9950 = VECTOR ( 'NONE', #8418, 1000.000000000000114 ) ;
#9951 = PLANE ( 'NONE',  #1164 ) ;
#9952 = VECTOR ( 'NONE', #11773, 1000.000000000000000 ) ;
#9953 = CARTESIAN_POINT ( 'NONE',  ( -9.779000000000001691, 8.064500000000002444, -0.8890000000000000124 ) ) ;
#9954 = CARTESIAN_POINT ( 'NONE',  ( -0.1961031209927686925, -3.200400000000000134, 1.473199999999999843 ) ) ;
#9955 = ADVANCED_FACE ( 'NONE', ( #283 ), #7996, .F. ) ;
#9956 = DIRECTION ( 'NONE',  ( 0.000000000000000000, -0.000000000000000000, -1.000000000000000000 ) ) ;
#9957 = CARTESIAN_POINT ( 'NONE',  ( 1.270000000000000240, 0.5080000000000006732, -2.022881810244994583 ) ) ;
#9958 = VERTEX_POINT ( 'NONE', #9291 ) ;
#9959 = EDGE_LOOP ( 'NONE', ( #9058, #4204, #2869, #4606, #1105, #12657, #9442, #12712 ) ) ;
#9960 = ORIENTED_EDGE ( 'NONE', *, *, #12061, .F. ) ;
#9961 = CARTESIAN_POINT ( 'NONE',  ( -6.349999999999999645, 8.509000000000000341, 2.540000000000001812 ) ) ;
#9962 = EDGE_CURVE ( 'NONE', #11792, #7517, #5121, .T. ) ;
#9963 = AXIS2_PLACEMENT_3D ( 'NONE', #9497, #8524, #11744 ) ;
#9964 = VECTOR ( 'NONE', #8147, 1000.000000000000000 ) ;
#9965 = ORIENTED_EDGE ( 'NONE', *, *, #9629, .T. ) ;
#9966 = DIRECTION ( 'NONE',  ( 0.000000000000000000, 0.000000000000000000, -1.000000000000000000 ) ) ;
#9967 = DIRECTION ( 'NONE',  ( 0.000000000000000000, 3.058038798877906014E-16, -1.000000000000000000 ) ) ;
#9968 = CARTESIAN_POINT ( 'NONE',  ( -9.779000000000001691, 7.239000000000000767, 1.650999999999999801 ) ) ;
#9969 = PLANE ( 'NONE',  #6588 ) ;
#9970 = DIRECTION ( 'NONE',  ( 1.000000000000000000, 0.000000000000000000, 0.000000000000000000 ) ) ;
#9971 = CARTESIAN_POINT ( 'NONE',  ( -10.54100000000000037, 8.064500000000002444, -0.8890000000000001235 ) ) ;
#9972 = VECTOR ( 'NONE', #8426, 1000.000000000000000 ) ;
#9973 = ORIENTED_EDGE ( 'NONE', *, *, #12064, .T. ) ;
#9974 = ORIENTED_EDGE ( 'NONE', *, *, #8977, .F. ) ;
#9975 = ORIENTED_EDGE ( 'NONE', *, *, #6834, .T. ) ;
#9976 = DIRECTION ( 'NONE',  ( 0.000000000000000000, 0.000000000000000000, -1.000000000000000000 ) ) ;
#9977 = CARTESIAN_POINT ( 'NONE',  ( -7.239000000000000767, 8.064500000000002444, -0.8890000000000001235 ) ) ;
#9978 = ORIENTED_EDGE ( 'NONE', *, *, #12387, .F. ) ;
#9979 = ADVANCED_FACE ( 'NONE', ( #6151 ), #10012, .F. ) ;
#9980 = DIRECTION ( 'NONE',  ( 0.000000000000000000, 0.000000000000000000, 1.000000000000000000 ) ) ;
#9981 = DIRECTION ( 'NONE',  ( -0.5773502691896259531, -0.5773502691896237327, -0.5773502691896276184 ) ) ;
#9982 = CARTESIAN_POINT ( 'NONE',  ( 7.239000000000002544, 8.064500000000002444, -0.8890000000000000124 ) ) ;
#9983 = DIRECTION ( 'NONE',  ( 0.000000000000000000, -5.691349986800550837E-16, 1.000000000000000000 ) ) ;
#9984 = DIRECTION ( 'NONE',  ( -1.000000000000000000, -0.000000000000000000, -0.000000000000000000 ) ) ;
#9985 = EDGE_CURVE ( 'NONE', #3177, #5437, #1084, .T. ) ;
#9986 = DIRECTION ( 'NONE',  ( 1.000000000000000000, 0.000000000000000000, 0.000000000000000000 ) ) ;
#9987 = EDGE_LOOP ( 'NONE', ( #4035, #5140, #11741, #387 ) ) ;
#9988 = DIRECTION ( 'NONE',  ( -0.000000000000000000, 1.000000000000000000, 1.607907343367028359E-16 ) ) ;
#9989 = DIRECTION ( 'NONE',  ( 1.000000000000000000, 0.000000000000000000, -0.000000000000000000 ) ) ;
#9990 = ORIENTED_EDGE ( 'NONE', *, *, #10871, .T. ) ;
#9991 = LINE ( 'NONE', #873, #958 ) ;
#9992 = ORIENTED_EDGE ( 'NONE', *, *, #358, .T. ) ;
#9993 = CARTESIAN_POINT ( 'NONE',  ( -8.000999999999999446, 7.239000000000000767, 0.8889999999999997904 ) ) ;
#9994 = DIRECTION ( 'NONE',  ( -0.5773502691896268413, 0.5773502691896247319, -0.5773502691896256200 ) ) ;
#9995 = ADVANCED_FACE ( 'NONE', ( #9037 ), #5061, .F. ) ;
#9996 = DIRECTION ( 'NONE',  ( 0.000000000000000000, -1.000000000000000000, -1.733406087350420004E-16 ) ) ;
#9997 = CARTESIAN_POINT ( 'NONE',  ( 0.1961031209927689423, -3.200400000000000134, -1.473199999999999843 ) ) ;
#9998 = VERTEX_POINT ( 'NONE', #5183 ) ;
#9999 = CARTESIAN_POINT ( 'NONE',  ( 19.05000000000000071, 0.000000000000000000, 2.539999999999999147 ) ) ;
#10000 = PLANE ( 'NONE',  #1119 ) ;
#10001 = EDGE_LOOP ( 'NONE', ( #11495, #369, #8447, #6683 ) ) ;
#10002 = VERTEX_POINT ( 'NONE', #9157 ) ;
#10003 = EDGE_CURVE ( 'NONE', #12259, #9706, #216, .T. ) ;
#10004 = ADVANCED_FACE ( 'NONE', ( #12140 ), #3216, .T. ) ;
#10005 = VERTEX_POINT ( 'NONE', #548 ) ;
#10006 = CARTESIAN_POINT ( 'NONE',  ( 7.239000000000002544, 8.064499999999998892, 0.8889999999999999014 ) ) ;
#10007 = EDGE_CURVE ( 'NONE', #2429, #12111, #1602, .T. ) ;
#10008 = SURFACE_SIDE_STYLE ('',( #11717 ) ) ;
#10009 = EDGE_CURVE ( 'NONE', #8531, #4461, #11489, .T. ) ;
#10010 = DIRECTION ( 'NONE',  ( 0.000000000000000000, -0.000000000000000000, -1.000000000000000000 ) ) ;
#10011 = CARTESIAN_POINT ( 'NONE',  ( 4.699000000000001620, 7.239000000000000767, -0.8890000000000001235 ) ) ;
#10012 = PLANE ( 'NONE',  #5755 ) ;
#10013 = CARTESIAN_POINT ( 'NONE',  ( 17.90700000000000003, 7.810500000000001997, -1.396999999999998021 ) ) ;
#10014 = ORIENTED_EDGE ( 'NONE', *, *, #4046, .T. ) ;
#10015 = EDGE_LOOP ( 'NONE', ( #10874, #1208, #6351, #7935 ) ) ;
#10016 = VERTEX_POINT ( 'NONE', #2635 ) ;
#10017 = EDGE_LOOP ( 'NONE', ( #8336, #6577, #2226, #3630 ) ) ;
#10018 = EDGE_CURVE ( 'NONE', #3478, #11279, #11295, .T. ) ;
#10019 = CARTESIAN_POINT ( 'NONE',  ( 13.97000000000000064, 4.336808689942017736E-16, -2.159000000000001140 ) ) ;
#10020 = DIRECTION ( 'NONE',  ( 0.000000000000000000, 0.000000000000000000, 1.000000000000000000 ) ) ;
#10021 = DIRECTION ( 'NONE',  ( 0.000000000000000000, 0.000000000000000000, 1.000000000000000000 ) ) ;
#10022 = CARTESIAN_POINT ( 'NONE',  ( -0.3810000000000000053, 0.5079999999999997851, 1.473200000000000953 ) ) ;
#10023 = CARTESIAN_POINT ( 'NONE',  ( -9.334500000000000242, 8.509000000000000341, -2.540000000000001812 ) ) ;
#10024 = ORIENTED_EDGE ( 'NONE', *, *, #11641, .T. ) ;
#10025 = VERTEX_POINT ( 'NONE', #1667 ) ;
#10026 = EDGE_LOOP ( 'NONE', ( #8063, #5246, #7243, #699 ) ) ;
#10027 = VECTOR ( 'NONE', #9939, 1000.000000000000000 ) ;
#10028 = SURFACE_STYLE_USAGE ( .BOTH. , #11970 ) ;
#10029 = ORIENTED_EDGE ( 'NONE', *, *, #3045, .F. ) ;
#10030 = DIRECTION ( 'NONE',  ( 0.000000000000000000, 5.691349986800550837E-16, -1.000000000000000000 ) ) ;
#10031 = VECTOR ( 'NONE', #9090, 1000.000000000000000 ) ;
#10032 = VECTOR ( 'NONE', #1825, 1000.000000000000000 ) ;
#10033 = CARTESIAN_POINT ( 'NONE',  ( -0.3810000000000000053, 0.5079999999999997851, -1.473200000000000953 ) ) ;
#10034 = CLOSED_SHELL ( 'NONE', ( #12864, #1004, #5351, #11607, #1796, #1959, #9883, #11306, #10207, #11822, #8804, #10393, #6406, #5554, #2031, #9995, #1012, #11076, #8169, #7536, #11901, #12103, #9414, #8384, #3866, #2422, #12302, #10973 ) ) ;
#10035 = DIRECTION ( 'NONE',  ( -0.000000000000000000, 1.000000000000000000, 1.733406087350420004E-16 ) ) ;
#10036 = CARTESIAN_POINT ( 'NONE',  ( -2.920999999999999819, 8.064499999999998892, 0.8889999999999999014 ) ) ;
#10037 = CARTESIAN_POINT ( 'NONE',  ( -1.270000000000000240, 8.509000000000000341, 2.540000000000001812 ) ) ;
#10038 = CARTESIAN_POINT ( 'NONE',  ( 9.779000000000003467, 7.239000000000000767, -0.8890000000000001235 ) ) ;
#10039 = DIRECTION ( 'NONE',  ( 0.000000000000000000, 0.000000000000000000, 1.000000000000000000 ) ) ;
#10040 = ORIENTED_EDGE ( 'NONE', *, *, #8738, .T. ) ;
#10041 = LINE ( 'NONE', #2095, #9513 ) ;
#10042 = VECTOR ( 'NONE', #7345, 1000.000000000000000 ) ;
#10043 = DIRECTION ( 'NONE',  ( -1.000000000000000000, 0.000000000000000000, 0.000000000000000000 ) ) ;
#10044 = ORIENTED_EDGE ( 'NONE', *, *, #2560, .F. ) ;
#10045 = VECTOR ( 'NONE', #8944, 1000.000000000000000 ) ;
#10046 = CARTESIAN_POINT ( 'NONE',  ( -2.920999999999999819, 7.239000000000000767, -0.8890000000000001235 ) ) ;
#10047 = ORIENTED_EDGE ( 'NONE', *, *, #10400, .F. ) ;
#10048 = DIRECTION ( 'NONE',  ( -0.5773502691896268413, 0.5773502691896247319, -0.5773502691896256200 ) ) ;
#10049 = DIRECTION ( 'NONE',  ( -1.000000000000000000, 0.000000000000000000, 0.000000000000000000 ) ) ;
#10050 = EDGE_CURVE ( 'NONE', #11558, #5543, #5579, .T. ) ;
#10051 =( NAMED_UNIT ( * ) SI_UNIT ( $, .STERADIAN. ) SOLID_ANGLE_UNIT ( ) );
#10052 = VECTOR ( 'NONE', #5566, 1000.000000000000000 ) ;
#10053 = FACE_OUTER_BOUND ( 'NONE', #11439, .T. ) ;
#10054 = PLANE ( 'NONE',  #6927 ) ;
#10055 = ORIENTED_EDGE ( 'NONE', *, *, #2525, .F. ) ;
#10056 = LINE ( 'NONE', #87, #7838 ) ;
#10057 = CARTESIAN_POINT ( 'NONE',  ( -16.95449999999999591, 8.509000000000000341, 2.095500000000002139 ) ) ;
#10058 = ORIENTED_EDGE ( 'NONE', *, *, #8325, .F. ) ;
#10059 = ADVANCED_FACE ( 'NONE', ( #6417 ), #347, .F. ) ;
#10060 = ORIENTED_EDGE ( 'NONE', *, *, #3002, .T. ) ;
#10061 = CARTESIAN_POINT ( 'NONE',  ( 1.270000000000000240, 6.505213034913026604E-16, -2.540000000000000924 ) ) ;
#10062 = EDGE_CURVE ( 'NONE', #10252, #7269, #1532, .T. ) ;
#10063 = CARTESIAN_POINT ( 'NONE',  ( -13.08099999999999952, 7.239000000000000767, -0.8890000000000001235 ) ) ;
#10064 = ADVANCED_FACE ( 'NONE', ( #9558 ), #7394, .F. ) ;
#10065 = CARTESIAN_POINT ( 'NONE',  ( 3.810000000000000941, 8.509000000000000341, -2.540000000000001812 ) ) ;
#10066 = EDGE_CURVE ( 'NONE', #3642, #2457, #8570, .T. ) ;
#10067 = DIRECTION ( 'NONE',  ( 0.000000000000000000, 0.000000000000000000, 1.000000000000000000 ) ) ;
#10068 = DIRECTION ( 'NONE',  ( 0.000000000000000000, 3.058038798877906014E-16, -1.000000000000000000 ) ) ;
#10069 = ORIENTED_EDGE ( 'NONE', *, *, #5532, .T. ) ;
#10070 = EDGE_LOOP ( 'NONE', ( #11237, #11632, #7974, #12571 ) ) ;
#10071 = ORIENTED_EDGE ( 'NONE', *, *, #5291, .T. ) ;
#10072 = ADVANCED_FACE ( 'NONE', ( #4403 ), #5435, .F. ) ;
#10073 = EDGE_CURVE ( 'NONE', #1316, #2522, #3621, .T. ) ;
#10074 = EDGE_CURVE ( 'NONE', #5217, #8968, #10584, .T. ) ;
#10075 = EDGE_LOOP ( 'NONE', ( #3115, #7044, #6300, #4580 ) ) ;
#10076 = DIRECTION ( 'NONE',  ( -1.000000000000000000, -0.000000000000000000, -0.000000000000000000 ) ) ;
#10077 = CARTESIAN_POINT ( 'NONE',  ( -18.16100000000000136, 7.239000000000000767, 0.8889999999999997904 ) ) ;
#10078 = LINE ( 'NONE', #1154, #4083 ) ;
#10079 = EDGE_CURVE ( 'NONE', #1045, #4040, #12469, .T. ) ;
#10080 = LINE ( 'NONE', #1338, #6516 ) ;
#10081 = DIRECTION ( 'NONE',  ( 1.000000000000000000, 0.000000000000000000, 0.000000000000000000 ) ) ;
#10082 = EDGE_CURVE ( 'NONE', #4639, #8740, #7328, .T. ) ;
#10083 = VECTOR ( 'NONE', #624, 1000.000000000000000 ) ;
#10084 = FACE_OUTER_BOUND ( 'NONE', #6893, .T. ) ;
#10085 = VERTEX_POINT ( 'NONE', #6348 ) ;
#10086 = VERTEX_POINT ( 'NONE', #10327 ) ;
#10087 = EDGE_LOOP ( 'NONE', ( #8497, #12568, #2848, #6527 ) ) ;
#10088 = ADVANCED_FACE ( 'NONE', ( #9422 ), #10449, .F. ) ;
#10089 = ORIENTED_EDGE ( 'NONE', *, *, #6304, .T. ) ;
#10090 = DIRECTION ( 'NONE',  ( 0.000000000000000000, 0.000000000000000000, -1.000000000000000000 ) ) ;
#10092 = PLANE ( 'NONE',  #9522 ) ;
#10091 = AXIS2_PLACEMENT_3D ( 'NONE', #330, #8496, #12451 ) ;
#10093 = CARTESIAN_POINT ( 'NONE',  ( -1.270000000000000240, -8.578981026812224210E-17, 2.158999999999999364 ) ) ;
#10094 = DIRECTION ( 'NONE',  ( -0.5773502691896268413, 0.5773502691896247319, -0.5773502691896256200 ) ) ;
#10095 = DIRECTION ( 'NONE',  ( -0.000000000000000000, 0.000000000000000000, 1.000000000000000000 ) ) ;
#10096 = DIRECTION ( 'NONE',  ( 0.000000000000000000, 0.000000000000000000, -1.000000000000000000 ) ) ;
#10097 = CARTESIAN_POINT ( 'NONE',  ( -2.920999999999999819, 8.064500000000002444, -0.8890000000000000124 ) ) ;
#10098 = EDGE_LOOP ( 'NONE', ( #9946, #1298, #2650, #2748 ) ) ;
#10099 = ORIENTED_EDGE ( 'NONE', *, *, #7064, .T. ) ;
#10100 = EDGE_CURVE ( 'NONE', #8028, #9464, #9359, .T. ) ;
#10101 = FILL_AREA_STYLE_COLOUR ( '', #8472 ) ;
#10102 = AXIS2_PLACEMENT_3D ( 'NONE', #12395, #8560, #2752 ) ;
#10103 = DIRECTION ( 'NONE',  ( -0.000000000000000000, 1.019346266292635338E-16, 1.000000000000000000 ) ) ;
#10104 = ORIENTED_EDGE ( 'NONE', *, *, #10306, .T. ) ;
#10105 = AXIS2_PLACEMENT_3D ( 'NONE', #7932, #10853, #6766 ) ;
#10106 = ADVANCED_FACE ( 'NONE', ( #9485 ), #7526, .F. ) ;
#10107 = DIRECTION ( 'NONE',  ( 0.000000000000000000, 0.000000000000000000, 1.000000000000000000 ) ) ;
#10108 = ORIENTED_EDGE ( 'NONE', *, *, #1163, .F. ) ;
#10109 = VECTOR ( 'NONE', #5589, 1000.000000000000000 ) ;
#10110 = LINE ( 'NONE', #10238, #3910 ) ;
#10111 = LINE ( 'NONE', #8295, #2883 ) ;
#10112 = DIRECTION ( 'NONE',  ( -1.000000000000000000, 0.000000000000000000, 0.000000000000000000 ) ) ;
#10113 = AXIS2_PLACEMENT_3D ( 'NONE', #683, #9744, #5896 ) ;
#10114 = PRODUCT_DEFINITION_SHAPE ( 'NONE', 'NONE',  #12883 ) ;
#10115 = LINE ( 'NONE', #5954, #3224 ) ;
#10116 = VECTOR ( 'NONE', #6312, 1000.000000000000000 ) ;
#10117 = CARTESIAN_POINT ( 'NONE',  ( 15.62099999999999866, 7.239000000000000767, 0.8889999999999997904 ) ) ;
#10118 = ORIENTED_EDGE ( 'NONE', *, *, #12787, .F. ) ;
#10119 = CARTESIAN_POINT ( 'NONE',  ( -8.000999999999999446, 7.239000000000000767, 1.650999999999999801 ) ) ;
#10120 = CARTESIAN_POINT ( 'NONE',  ( -8.000999999999999446, 8.064499999999998892, 1.650999999999999801 ) ) ;
#10121 = ORIENTED_EDGE ( 'NONE', *, *, #5497, .T. ) ;
#10122 = EDGE_CURVE ( 'NONE', #9659, #4338, #944, .T. ) ;
#10123 = MECHANICAL_DESIGN_GEOMETRIC_PRESENTATION_REPRESENTATION (  '', ( #5974 ), #2020 ) ;
#10124 = CARTESIAN_POINT ( 'NONE',  ( -1.270000000000000240, 6.505213034913026604E-16, -2.540000000000000924 ) ) ;
#10125 = ORIENTED_EDGE ( 'NONE', *, *, #11603, .T. ) ;
#10126 = DIRECTION ( 'NONE',  ( -0.5773502691896268413, 0.5773502691896247319, -0.5773502691896256200 ) ) ;
#10127 = SURFACE_STYLE_FILL_AREA ( #6147 ) ;
#10128 = ITEM_DEFINED_TRANSFORMATION ( 'NONE', 'NONE', #6226,  #2067 ) ;
#10129 = LINE ( 'NONE', #4197, #10957 ) ;
#10130 = CARTESIAN_POINT ( 'NONE',  ( -16.95449999999999946, 8.509000000000000341, -2.540000000000001812 ) ) ;
#10131 = FACE_OUTER_BOUND ( 'NONE', #3141, .T. ) ;
#10132 = VECTOR ( 'NONE', #4819, 1000.000000000000000 ) ;
#10133 = LINE ( 'NONE', #1141, #12540 ) ;
#10134 = ORIENTED_EDGE ( 'NONE', *, *, #3696, .T. ) ;
#10135 = ORIENTED_EDGE ( 'NONE', *, *, #6681, .T. ) ;
#10136 = ORIENTED_EDGE ( 'NONE', *, *, #2784, .T. ) ;
#10137 = VECTOR ( 'NONE', #5472, 1000.000000000000000 ) ;
#10138 = VECTOR ( 'NONE', #9198, 999.9999999999998863 ) ;
#10139 = EDGE_LOOP ( 'NONE', ( #4042, #1104, #10044, #9960 ) ) ;
#10140 = AXIS2_PLACEMENT_3D ( 'NONE', #9276, #7257, #6271 ) ;
#10141 = CARTESIAN_POINT ( 'NONE',  ( -5.460999999999998522, 8.064499999999998892, 0.8889999999999999014 ) ) ;
#10142 = CARTESIAN_POINT ( 'NONE',  ( 2.159000000000001140, 8.064500000000002444, -0.8890000000000001235 ) ) ;
#10143 = CARTESIAN_POINT ( 'NONE',  ( -8.000999999999999446, 8.064499999999998892, 1.650999999999999801 ) ) ;
#10144 = ADVANCED_FACE ( 'NONE', ( #4864 ), #3689, .F. ) ;
#10145 = CARTESIAN_POINT ( 'NONE',  ( -17.39900000000000091, 7.239000000000000767, -0.8890000000000001235 ) ) ;
#10146 = AXIS2_PLACEMENT_3D ( 'NONE', #9908, #10332, #10200 ) ;
#10147 = CARTESIAN_POINT ( 'NONE',  ( -8.890000000000000568, 8.509000000000000341, 0.4444999999999970086 ) ) ;
#10148 = EDGE_CURVE ( 'NONE', #11433, #7636, #6688, .T. ) ;
#10149 = LINE ( 'NONE', #7095, #9206 ) ;
#10150 = VERTEX_POINT ( 'NONE', #8704 ) ;
#10151 = ORIENTED_EDGE ( 'NONE', *, *, #8347, .F. ) ;
#10152 = EDGE_LOOP ( 'NONE', ( #4759, #3708, #770, #10121 ) ) ;
#10153 = VECTOR ( 'NONE', #1513, 1000.000000000000000 ) ;
#10154 = EDGE_CURVE ( 'NONE', #3642, #11327, #12727, .T. ) ;
#10155 = ADVANCED_FACE ( 'NONE', ( #3757 ), #11873, .F. ) ;
#10156 = FACE_OUTER_BOUND ( 'NONE', #12556, .T. ) ;
#10157 = VECTOR ( 'NONE', #4480, 1000.000000000000000 ) ;
#10158 = DIRECTION ( 'NONE',  ( 0.000000000000000000, -1.000000000000000000, -3.058038798877906014E-16 ) ) ;
#10159 = EDGE_CURVE ( 'NONE', #8502, #6666, #2701, .T. ) ;
#10160 = FACE_OUTER_BOUND ( 'NONE', #314, .T. ) ;
#10161 = DIRECTION ( 'NONE',  ( 0.000000000000000000, -0.000000000000000000, -1.000000000000000000 ) ) ;
#10162 = PLANE ( 'NONE',  #7137 ) ;
#10163 = CARTESIAN_POINT ( 'NONE',  ( -10.54100000000000037, 8.064499999999998892, 0.8889999999999999014 ) ) ;
#10164 = CARTESIAN_POINT ( 'NONE',  ( 16.51000000000000156, 0.5080000000000000071, 2.022881810244992806 ) ) ;
#10165 = EDGE_LOOP ( 'NONE', ( #9699, #11194, #2767, #11815 ) ) ;
#10166 = EDGE_LOOP ( 'NONE', ( #6782, #11048, #3592, #12155, #4816, #9625, #9904, #4990 ) ) ;
#10167 = DIRECTION ( 'NONE',  ( 0.000000000000000000, 0.000000000000000000, 1.000000000000000000 ) ) ;
#10168 = DIRECTION ( 'NONE',  ( -0.000000000000000000, 1.000000000000000000, 1.733406087350420004E-16 ) ) ;
#10169 = VERTEX_POINT ( 'NONE', #5770 ) ;
#10170 = EDGE_LOOP ( 'NONE', ( #5529, #2847, #8254, #6027 ) ) ;
#10171 = VECTOR ( 'NONE', #6379, 1000.000000000000000 ) ;
#10172 = DIRECTION ( 'NONE',  ( -1.000000000000000000, 0.000000000000000000, 0.000000000000000000 ) ) ;
#10173 = EDGE_LOOP ( 'NONE', ( #6629, #7668, #8339, #11951 ) ) ;
#10174 = EDGE_CURVE ( 'NONE', #5900, #11687, #10838, .T. ) ;
#10175 = CARTESIAN_POINT ( 'NONE',  ( -14.85899999999999999, 7.239000000000000767, 0.8889999999999997904 ) ) ;
#10176 = DIRECTION ( 'NONE',  ( 0.000000000000000000, -1.000000000000000000, -3.058038798877906014E-16 ) ) ;
#10177 = SURFACE_SIDE_STYLE ('',( #5225 ) ) ;
#10178 = VECTOR ( 'NONE', #4699, 1000.000000000000000 ) ;
#10179 = DIRECTION ( 'NONE',  ( 1.000000000000000000, 0.000000000000000000, 0.000000000000000000 ) ) ;
#10180 = DIRECTION ( 'NONE',  ( 0.000000000000000000, 0.000000000000000000, 1.000000000000000000 ) ) ;
#10181 = EDGE_CURVE ( 'NONE', #9113, #12506, #3942, .T. ) ;
#10182 = ORIENTED_EDGE ( 'NONE', *, *, #11053, .T. ) ;
#10183 = DIRECTION ( 'NONE',  ( 0.000000000000000000, 0.000000000000000000, -1.000000000000000000 ) ) ;
#10184 = LINE ( 'NONE', #2166, #7148 ) ;
#10185 = ORIENTED_EDGE ( 'NONE', *, *, #10159, .F. ) ;
#10186 = DIRECTION ( 'NONE',  ( -0.5773502691896272854, -0.5773502691896250649, -0.5773502691896250649 ) ) ;
#10187 = DIRECTION ( 'NONE',  ( -0.5773502691896272854, -0.5773502691896250649, -0.5773502691896250649 ) ) ;
#10188 = EDGE_LOOP ( 'NONE', ( #8846, #9382, #3733, #902 ) ) ;
#10189 = DIRECTION ( 'NONE',  ( -0.000000000000000000, -0.000000000000000000, 1.000000000000000000 ) ) ;
#10190 = CARTESIAN_POINT ( 'NONE',  ( -13.97000000000000064, 4.336808689942017736E-16, -2.159000000000001140 ) ) ;
#10191 = ADVANCED_FACE ( 'NONE', ( #11685 ), #11812, .F. ) ;
#10192 = DIRECTION ( 'NONE',  ( -1.000000000000000000, -0.000000000000000000, -0.000000000000000000 ) ) ;
#10193 = LINE ( 'NONE', #4603, #5444 ) ;
#10194 = EDGE_CURVE ( 'NONE', #12666, #4558, #10906, .T. ) ;
#10195 = LINE ( 'NONE', #12017, #3674 ) ;
#10196 = DIRECTION ( 'NONE',  ( 0.000000000000000000, 1.000000000000000000, 3.058038798877906014E-16 ) ) ;
#10197 = ORIENTED_EDGE ( 'NONE', *, *, #11419, .T. ) ;
#10198 = ORIENTED_EDGE ( 'NONE', *, *, #3646, .T. ) ;
#10199 = ORIENTED_EDGE ( 'NONE', *, *, #12146, .T. ) ;
#10200 = DIRECTION ( 'NONE',  ( -0.000000000000000000, 0.000000000000000000, -1.000000000000000000 ) ) ;
#10201 = ORIENTED_EDGE ( 'NONE', *, *, #9935, .F. ) ;
#10202 = EDGE_CURVE ( 'NONE', #6770, #3505, #5706, .T. ) ;
#10203 = LINE ( 'NONE', #11238, #1793 ) ;
#10204 = FACE_OUTER_BOUND ( 'NONE', #499, .T. ) ;
#10205 = DIRECTION ( 'NONE',  ( 1.000000000000000000, 0.000000000000000000, 0.000000000000000000 ) ) ;
#10206 = LINE ( 'NONE', #8074, #29 ) ;
#10207 = ADVANCED_FACE ( 'NONE', ( #10709 ), #1785, .T. ) ;
#10208 = DIRECTION ( 'NONE',  ( -0.000000000000000000, -0.000000000000000000, 1.000000000000000000 ) ) ;
#10209 = APPLICATION_CONTEXT ( 'automotive_design' ) ;
#10210 = DIRECTION ( 'NONE',  ( -1.000000000000000000, 0.000000000000000000, -0.000000000000000000 ) ) ;
#10211 = ORIENTED_EDGE ( 'NONE', *, *, #3061, .T. ) ;
#10212 = VERTEX_POINT ( 'NONE', #9679 ) ;
#10213 = ORIENTED_EDGE ( 'NONE', *, *, #60, .F. ) ;
#10214 = PLANE ( 'NONE',  #5352 ) ;
#10215 = ORIENTED_EDGE ( 'NONE', *, *, #1022, .F. ) ;
#10216 = LINE ( 'NONE', #8142, #5464 ) ;
#10217 = DIRECTION ( 'NONE',  ( 0.000000000000000000, 5.691349986800550837E-16, -1.000000000000000000 ) ) ;
#10218 = LINE ( 'NONE', #9062, #591 ) ;
#10219 = DIRECTION ( 'NONE',  ( -0.000000000000000000, -0.7071067811865501263, -0.7071067811865449082 ) ) ;
#10220 = CARTESIAN_POINT ( 'NONE',  ( 19.05000000000000071, 8.509000000000000341, 2.095500000000002139 ) ) ;
#10221 = DIRECTION ( 'NONE',  ( 0.000000000000000000, -1.000000000000000000, -1.733406087350420004E-16 ) ) ;
#10222 = VECTOR ( 'NONE', #3125, 1000.000000000000000 ) ;
#10223 = AXIS2_PLACEMENT_3D ( 'NONE', #5476, #8606, #12565 ) ;
#10224 = FACE_OUTER_BOUND ( 'NONE', #9459, .T. ) ;
#10225 = ORIENTED_EDGE ( 'NONE', *, *, #4100, .T. ) ;
#10226 = ADVANCED_FACE ( 'NONE', ( #4669 ), #8766, .F. ) ;
#10227 = ORIENTED_EDGE ( 'NONE', *, *, #7181, .T. ) ;
#10228 = EDGE_CURVE ( 'NONE', #350, #2785, #1730, .T. ) ;
#10229 = DIRECTION ( 'NONE',  ( 0.000000000000000000, 0.000000000000000000, -1.000000000000000000 ) ) ;
#10230 = PLANE ( 'NONE',  #1539 ) ;
#10231 = VERTEX_POINT ( 'NONE', #11751 ) ;
#10232 = ORIENTED_EDGE ( 'NONE', *, *, #11032, .T. ) ;
#10233 = EDGE_CURVE ( 'NONE', #2502, #11820, #8637, .T. ) ;
#10234 = AXIS2_PLACEMENT_3D ( 'NONE', #5433, #479, #11423 ) ;
#10235 = EDGE_CURVE ( 'NONE', #9958, #11109, #5831, .T. ) ;
#10236 = VECTOR ( 'NONE', #4225, 1000.000000000000000 ) ;
#10237 = VERTEX_POINT ( 'NONE', #3142 ) ;
#10238 = CARTESIAN_POINT ( 'NONE',  ( -13.97000000000000064, 8.509000000000000341, -0.4444999999999982854 ) ) ;
#10239 = DIRECTION ( 'NONE',  ( 0.5773502691896272854, -0.5773502691896250649, -0.5773502691896250649 ) ) ;
#10240 = CARTESIAN_POINT ( 'NONE',  ( -14.85899999999999999, 7.239000000000000767, 0.8889999999999997904 ) ) ;
#10241 = CARTESIAN_POINT ( 'NONE',  ( 6.350000000000001421, 0.000000000000000000, 2.539999999999999147 ) ) ;
#10242 = CARTESIAN_POINT ( 'NONE',  ( 1.270000000000000240, 8.509000000000000341, -2.540000000000001812 ) ) ;
#10243 = ORIENTED_EDGE ( 'NONE', *, *, #7455, .F. ) ;
#10244 = VECTOR ( 'NONE', #4283, 1000.000000000000000 ) ;
#10245 = CARTESIAN_POINT ( 'NONE',  ( 0.3810000000000000053, 0.5079999999999998961, 1.066800000000001303 ) ) ;
#10246 = LINE ( 'NONE', #2052, #8403 ) ;
#10247 = AXIS2_PLACEMENT_3D ( 'NONE', #6715, #3724, #2470 ) ;
#10248 = EDGE_LOOP ( 'NONE', ( #11428, #11233, #7852, #10945 ) ) ;
#10249 = CARTESIAN_POINT ( 'NONE',  ( 13.97000000000000064, 6.505213034913026604E-16, -2.540000000000000924 ) ) ;
#10250 = EDGE_CURVE ( 'NONE', #4638, #5201, #10969, .T. ) ;
#10251 = DIRECTION ( 'NONE',  ( 0.000000000000000000, -0.7071067811865475727, 0.7071067811865475727 ) ) ;
#10252 = VERTEX_POINT ( 'NONE', #1014 ) ;
#10253 = STYLED_ITEM ( 'NONE', ( #778 ), #6309 ) ;
#10254 = VECTOR ( 'NONE', #9746, 1000.000000000000000 ) ;
#10255 = CARTESIAN_POINT ( 'NONE',  ( -10.54100000000000037, 8.064499999999998892, 0.8889999999999999014 ) ) ;
#10256 = VECTOR ( 'NONE', #11391, 1000.000000000000000 ) ;
#10257 = UNCERTAINTY_MEASURE_WITH_UNIT (LENGTH_MEASURE( 1.000000000000000082E-05 ), #1779, 'distance_accuracy_value', 'NONE');
#10258 = FILL_AREA_STYLE ('',( #3347 ) ) ;
#10259 = CARTESIAN_POINT ( 'NONE',  ( -19.05000000000000071, 0.5080000000000006732, -2.022881810244994583 ) ) ;
#10260 = LINE ( 'NONE', #10065, #11895 ) ;
#10261 = CARTESIAN_POINT ( 'NONE',  ( 14.85899999999999999, 8.064500000000002444, -0.8890000000000001235 ) ) ;
#10262 = VECTOR ( 'NONE', #4486, 1000.000000000000000 ) ;
#10263 = PLANE ( 'NONE',  #6086 ) ;
#10264 = ORIENTED_EDGE ( 'NONE', *, *, #9724, .F. ) ;
#10265 = ORIENTED_EDGE ( 'NONE', *, *, #11837, .T. ) ;
#10266 = VERTEX_POINT ( 'NONE', #3021 ) ;
#10267 = VECTOR ( 'NONE', #12722, 1000.000000000000000 ) ;
#10268 = ADVANCED_FACE ( 'NONE', ( #6024 ), #2050, .F. ) ;
#10269 = LINE ( 'NONE', #10877, #5597 ) ;
#10270 = AXIS2_PLACEMENT_3D ( 'NONE', #7255, #151, #11154 ) ;
#10271 = EDGE_LOOP ( 'NONE', ( #10136, #934, #6222, #8550 ) ) ;
#10272 = LINE ( 'NONE', #4275, #970 ) ;
#10273 = DIRECTION ( 'NONE',  ( -0.000000000000000000, 0.000000000000000000, -1.000000000000000000 ) ) ;
#10274 = DIRECTION ( 'NONE',  ( 1.000000000000000000, 0.000000000000000000, 0.000000000000000000 ) ) ;
#10275 = CARTESIAN_POINT ( 'NONE',  ( -19.30400000000000205, 0.5080000000000000071, 2.022881810244992806 ) ) ;
#10276 = CARTESIAN_POINT ( 'NONE',  ( 8.001000000000001222, 7.239000000000000767, 1.650999999999999801 ) ) ;
#10277 = CARTESIAN_POINT ( 'NONE',  ( -19.30400000000000205, -8.578981026812224210E-17, 2.158999999999999364 ) ) ;
#10278 = CARTESIAN_POINT ( 'NONE',  ( 14.85899999999999999, 7.239000000000000767, 0.8889999999999997904 ) ) ;
#10279 = ORIENTED_EDGE ( 'NONE', *, *, #6586, .F. ) ;
#10280 = VERTEX_POINT ( 'NONE', #12189 ) ;
#10281 = ORIENTED_EDGE ( 'NONE', *, *, #7181, .F. ) ;
#10282 = DIRECTION ( 'NONE',  ( 0.000000000000000000, -1.000000000000000000, -3.058038798877906014E-16 ) ) ;
#10283 = EDGE_CURVE ( 'NONE', #12797, #413, #3272, .T. ) ;
#10284 = VERTEX_POINT ( 'NONE', #8961 ) ;
#10285 = LINE ( 'NONE', #9059, #10657 ) ;
#10286 = FACE_OUTER_BOUND ( 'NONE', #637, .T. ) ;
#10287 = LINE ( 'NONE', #7357, #10754 ) ;
#10288 = LINE ( 'NONE', #1633, #12455 ) ;
#10289 = LINE ( 'NONE', #1170, #5955 ) ;
#10290 = DIRECTION ( 'NONE',  ( 0.000000000000000000, 0.000000000000000000, 1.000000000000000000 ) ) ;
#10291 = CARTESIAN_POINT ( 'NONE',  ( -13.08099999999999952, 8.064500000000002444, -0.8890000000000001235 ) ) ;
#10292 = COLOUR_RGB ( '',0.2509803921568627416, 0.2509803921568627416, 0.2509803921568627416 ) ;
#10293 = CARTESIAN_POINT ( 'NONE',  ( 19.30400000000000205, 0.5080000000000000071, 2.022881810244992806 ) ) ;
#10294 = ORIENTED_EDGE ( 'NONE', *, *, #1646, .T. ) ;
#10295 = VERTEX_POINT ( 'NONE', #7071 ) ;
#10296 = DIRECTION ( 'NONE',  ( -0.000000000000000000, -0.7071067811865501263, -0.7071067811865449082 ) ) ;
#10297 = ORIENTED_EDGE ( 'NONE', *, *, #6748, .T. ) ;
#10298 = ORIENTED_EDGE ( 'NONE', *, *, #6096, .T. ) ;
#10299 = VECTOR ( 'NONE', #2774, 1000.000000000000000 ) ;
#10300 = ORIENTED_EDGE ( 'NONE', *, *, #11241, .F. ) ;
#10301 = DIRECTION ( 'NONE',  ( -1.000000000000000000, -0.000000000000000000, -0.000000000000000000 ) ) ;
#10302 = DIRECTION ( 'NONE',  ( -0.7071067811865462405, -0.7071067811865489050, 0.000000000000000000 ) ) ;
#10303 = CARTESIAN_POINT ( 'NONE',  ( 7.239000000000002544, 8.064500000000002444, -0.8890000000000001235 ) ) ;
#10304 = VECTOR ( 'NONE', #12849, 1000.000000000000114 ) ;
#10305 = PLANE ( 'NONE',  #2181 ) ;
#10306 = EDGE_CURVE ( 'NONE', #3656, #6839, #11938, .T. ) ;
#10307 = EDGE_LOOP ( 'NONE', ( #1749, #6772, #3311, #11876 ) ) ;
#10308 = SURFACE_STYLE_USAGE ( .BOTH. , #3339 ) ;
#10309 = EDGE_CURVE ( 'NONE', #3657, #1205, #150, .T. ) ;
#10310 = VECTOR ( 'NONE', #11871, 1000.000000000000000 ) ;
#10311 = DIRECTION ( 'NONE',  ( -1.000000000000000000, 0.000000000000000000, 0.000000000000000000 ) ) ;
#10312 = ORIENTED_EDGE ( 'NONE', *, *, #5592, .T. ) ;
#10313 = LINE ( 'NONE', #1381, #5363 ) ;
#10314 = VECTOR ( 'NONE', #10189, 1000.000000000000000 ) ;
#10315 = PLANE ( 'NONE',  #3887 ) ;
#10316 = ADVANCED_FACE ( 'NONE', ( #8168 ), #11153, .F. ) ;
#10317 = ORIENTED_EDGE ( 'NONE', *, *, #11271, .F. ) ;
#10318 = EDGE_CURVE ( 'NONE', #8252, #10005, #2107, .T. ) ;
#10319 = VECTOR ( 'NONE', #10889, 1000.000000000000000 ) ;
#10320 = CARTESIAN_POINT ( 'NONE',  ( -16.51000000000000156, 8.509000000000000341, 2.540000000000001812 ) ) ;
#10321 = VECTOR ( 'NONE', #1228, 1000.000000000000000 ) ;
#10322 = EDGE_CURVE ( 'NONE', #1761, #8424, #10056, .T. ) ;
#10323 = DIRECTION ( 'NONE',  ( 0.000000000000000000, 1.607907343367028359E-16, -1.000000000000000000 ) ) ;
#10324 = CARTESIAN_POINT ( 'NONE',  ( 9.334499999999998465, 8.509000000000000341, 0.4444999999999970086 ) ) ;
#10325 = FACE_OUTER_BOUND ( 'NONE', #10592, .T. ) ;
#10326 = VECTOR ( 'NONE', #7459, 1000.000000000000000 ) ;
#10327 = CARTESIAN_POINT ( 'NONE',  ( 19.30400000000000205, 8.509000000000000341, 2.540000000000001812 ) ) ;
#10328 = FACE_BOUND ( 'NONE', #3771, .T. ) ;
#10329 = ORIENTED_EDGE ( 'NONE', *, *, #7210, .T. ) ;
#10330 = ORIENTED_EDGE ( 'NONE', *, *, #4353, .F. ) ;
#10331 = VERTEX_POINT ( 'NONE', #5171 ) ;
#10332 = DIRECTION ( 'NONE',  ( 1.000000000000000000, 0.000000000000000000, -0.000000000000000000 ) ) ;
#10333 = ORIENTED_EDGE ( 'NONE', *, *, #7652, .F. ) ;
#10334 = VECTOR ( 'NONE', #7663, 1000.000000000000000 ) ;
#10335 = EDGE_LOOP ( 'NONE', ( #6847, #1262, #6848, #207 ) ) ;
#10336 = DIRECTION ( 'NONE',  ( -0.5773502691896272854, -0.5773502691896250649, -0.5773502691896250649 ) ) ;
#10337 = LINE ( 'NONE', #4348, #12857 ) ;
#10338 = ADVANCED_FACE ( 'NONE', ( #12004 ), #9023, .F. ) ;
#10339 = AXIS2_PLACEMENT_3D ( 'NONE', #5754, #2808, #8879 ) ;
#10340 = CARTESIAN_POINT ( 'NONE',  ( 0.000000000000000000, 0.000000000000000000, 0.000000000000000000 ) ) ;
#10341 = CARTESIAN_POINT ( 'NONE',  ( -11.43000000000000149, -8.578981026812224210E-17, 2.158999999999999364 ) ) ;
#10342 = CARTESIAN_POINT ( 'NONE',  ( 9.779000000000003467, 8.064499999999998892, 1.651000000000000023 ) ) ;
#10343 = ORIENTED_EDGE ( 'NONE', *, *, #12128, .T. ) ;
#10344 = PLANE ( 'NONE',  #11496 ) ;
#10345 = CARTESIAN_POINT ( 'NONE',  ( -5.460999999999998522, 8.064499999999998892, 1.651000000000000023 ) ) ;
#10346 = ORIENTED_EDGE ( 'NONE', *, *, #7866, .T. ) ;
#10347 = ORIENTED_EDGE ( 'NONE', *, *, #9533, .F. ) ;
#10348 = ORIENTED_EDGE ( 'NONE', *, *, #6977, .F. ) ;
#10349 = EDGE_CURVE ( 'NONE', #6140, #2429, #4987, .T. ) ;
#10350 = DIRECTION ( 'NONE',  ( 0.000000000000000000, -0.7071067811865475727, 0.7071067811865475727 ) ) ;
#10351 = VECTOR ( 'NONE', #5395, 1000.000000000000000 ) ;
#10352 = EDGE_LOOP ( 'NONE', ( #9429, #11911, #6437, #3853 ) ) ;
#10353 = PLANE ( 'NONE',  #7129 ) ;
#10354 = CARTESIAN_POINT ( 'NONE',  ( -19.30400000000000205, 8.509000000000000341, 2.540000000000001812 ) ) ;
#10355 = CARTESIAN_POINT ( 'NONE',  ( -11.87449999999999939, 8.509000000000000341, -0.4444999999999983409 ) ) ;
#10356 = CARTESIAN_POINT ( 'NONE',  ( 8.890000000000002345, 8.509000000000000341, -2.540000000000001812 ) ) ;
#10357 = CARTESIAN_POINT ( 'NONE',  ( 11.43000000000000327, 6.505213034913026604E-16, -2.540000000000000924 ) ) ;
#10358 = DIRECTION ( 'NONE',  ( -0.000000000000000000, 0.000000000000000000, 1.000000000000000000 ) ) ;
#10359 = DIRECTION ( 'NONE',  ( -0.000000000000000000, 0.2588190451025140781, 0.9659258262890700886 ) ) ;
#10360 = AXIS2_PLACEMENT_3D ( 'NONE', #2465, #2392, #12492 ) ;
#10361 = LINE ( 'NONE', #383, #5536 ) ;
#10362 = EDGE_LOOP ( 'NONE', ( #12440, #5033, #7146, #7446, #5524, #6909, #11312, #9542 ) ) ;
#10363 = ORIENTED_EDGE ( 'NONE', *, *, #6926, .T. ) ;
#10364 = ADVANCED_FACE ( 'NONE', ( #1191 ), #1131, .F. ) ;
#10365 = SURFACE_STYLE_USAGE ( .BOTH. , #9461 ) ;
#10366 = DIRECTION ( 'NONE',  ( -1.000000000000000000, -0.000000000000000000, -0.000000000000000000 ) ) ;
#10367 = ORIENTED_EDGE ( 'NONE', *, *, #8925, .F. ) ;
#10368 = VERTEX_POINT ( 'NONE', #7253 ) ;
#10369 = VECTOR ( 'NONE', #8326, 1000.000000000000000 ) ;
#10370 = EDGE_LOOP ( 'NONE', ( #6522, #7934, #6955, #6275 ) ) ;
#10371 = EDGE_CURVE ( 'NONE', #4169, #11943, #4128, .T. ) ;
#10372 = FACE_OUTER_BOUND ( 'NONE', #5326, .T. ) ;
#10373 = CARTESIAN_POINT ( 'NONE',  ( -5.206999999999998074, 7.810499999999998444, 1.143000000000000016 ) ) ;
#10374 = UNCERTAINTY_MEASURE_WITH_UNIT (LENGTH_MEASURE( 1.000000000000000082E-05 ), #12242, 'distance_accuracy_value', 'NONE');
#10375 = PLANE ( 'NONE',  #5744 ) ;
#10376 = ORIENTED_EDGE ( 'NONE', *, *, #6336, .F. ) ;
#10377 = VECTOR ( 'NONE', #6181, 1000.000000000000000 ) ;
#10378 = CARTESIAN_POINT ( 'NONE',  ( 2.159000000000001140, 7.239000000000000767, -0.8890000000000001235 ) ) ;
#10379 = VERTEX_POINT ( 'NONE', #12062 ) ;
#10380 = CARTESIAN_POINT ( 'NONE',  ( -6.349999999999999645, 6.505213034913026604E-16, -2.540000000000000924 ) ) ;
#10381 = CARTESIAN_POINT ( 'NONE',  ( 3.810000000000000941, 6.505213034913026604E-16, -2.540000000000000924 ) ) ;
#10382 = ORIENTED_EDGE ( 'NONE', *, *, #4188, .F. ) ;
#10383 = AXIS2_PLACEMENT_3D ( 'NONE', #2376, #6361, #11504 ) ;
#10384 = EDGE_CURVE ( 'NONE', #399, #11155, #12125, .T. ) ;
#10385 = LINE ( 'NONE', #9417, #6161 ) ;
#10386 = DIRECTION ( 'NONE',  ( 0.000000000000000000, 0.000000000000000000, -1.000000000000000000 ) ) ;
#10387 = LINE ( 'NONE', #1460, #9272 ) ;
#10388 = CARTESIAN_POINT ( 'NONE',  ( -8.000999999999999446, 8.064500000000002444, -0.8890000000000000124 ) ) ;
#10389 = DIRECTION ( 'NONE',  ( 0.000000000000000000, 0.9659258262890700886, -0.2588190451025140781 ) ) ;
#10390 = LINE ( 'NONE', #4670, #2134 ) ;
#10391 = EDGE_LOOP ( 'NONE', ( #10024, #6988, #8932, #3494 ) ) ;
#10392 = EDGE_LOOP ( 'NONE', ( #6992, #5142, #3509, #6302 ) ) ;
#10393 = ADVANCED_FACE ( 'NONE', ( #11091 ), #2165, .F. ) ;
#10394 = ORIENTED_EDGE ( 'NONE', *, *, #6411, .F. ) ;
#10395 = EDGE_CURVE ( 'NONE', #7422, #8465, #1248, .T. ) ;
#10396 = LINE ( 'NONE', #4476, #2879 ) ;
#10397 = VERTEX_POINT ( 'NONE', #6268 ) ;
#10398 = ADVANCED_FACE ( 'NONE', ( #10502 ), #9410, .F. ) ;
#10399 = ORIENTED_EDGE ( 'NONE', *, *, #3705, .T. ) ;
#10400 = EDGE_CURVE ( 'NONE', #1074, #7594, #8365, .T. ) ;
#10401 = CARTESIAN_POINT ( 'NONE',  ( -13.97000000000000064, 0.5080000000000000071, 2.022881810244992806 ) ) ;
#10402 = CARTESIAN_POINT ( 'NONE',  ( -3.810000000000000941, 0.000000000000000000, 2.539999999999999147 ) ) ;
#10403 = DIRECTION ( 'NONE',  ( -0.5773502691896268413, 0.5773502691896247319, -0.5773502691896256200 ) ) ;
#10404 = CARTESIAN_POINT ( 'NONE',  ( -17.65300000000000225, 7.810499999999998444, 1.143000000000000016 ) ) ;
#10405 = EDGE_LOOP ( 'NONE', ( #5584, #471, #6877, #9512 ) ) ;
#10406 = CARTESIAN_POINT ( 'NONE',  ( 0.1269999999999986418, 7.810499999999998444, 1.143000000000000016 ) ) ;
#10407 = DIRECTION ( 'NONE',  ( 0.000000000000000000, 1.733406087350420004E-16, -1.000000000000000000 ) ) ;
#10408 = ORIENTED_EDGE ( 'NONE', *, *, #3928, .F. ) ;
#10409 = EDGE_LOOP ( 'NONE', ( #11724, #10818, #3596, #4849 ) ) ;
#10410 = ORIENTED_EDGE ( 'NONE', *, *, #6424, .F. ) ;
#10411 =( LENGTH_UNIT ( ) NAMED_UNIT ( * ) SI_UNIT ( .MILLI., .METRE. ) );
#10412 = EDGE_CURVE ( 'NONE', #7682, #3427, #1452, .T. ) ;
#10413 = ORIENTED_EDGE ( 'NONE', *, *, #2092, .F. ) ;
#10414 = PLANE ( 'NONE',  #10523 ) ;
#10415 = DIRECTION ( 'NONE',  ( 0.5773502691896259531, -0.5773502691896237327, -0.5773502691896276184 ) ) ;
#10416 = CARTESIAN_POINT ( 'NONE',  ( -6.349999999999999645, 0.000000000000000000, 0.000000000000000000 ) ) ;
#10417 = LINE ( 'NONE', #1494, #7125 ) ;
#10418 = CARTESIAN_POINT ( 'NONE',  ( 8.890000000000002345, 8.509000000000000341, 2.540000000000001812 ) ) ;
#10419 = DIRECTION ( 'NONE',  ( -1.000000000000000000, -0.000000000000000000, -0.000000000000000000 ) ) ;
#10420 = CARTESIAN_POINT ( 'NONE',  ( -11.43000000000000149, 0.5080000000000000071, 2.022881810244992806 ) ) ;
#10421 = PLANE ( 'NONE',  #10591 ) ;
#10422 = EDGE_LOOP ( 'NONE', ( #11374, #6350, #2993, #5008 ) ) ;
#10423 = ORIENTED_EDGE ( 'NONE', *, *, #5068, .F. ) ;
#10424 = FACE_OUTER_BOUND ( 'NONE', #4524, .T. ) ;
#10425 = ORIENTED_EDGE ( 'NONE', *, *, #11254, .T. ) ;
#10426 = VERTEX_POINT ( 'NONE', #4389 ) ;
#10427 = ORIENTED_EDGE ( 'NONE', *, *, #7775, .F. ) ;
#10428 = ADVANCED_FACE ( 'NONE', ( #7314 ), #1585, .F. ) ;
#10429 = CARTESIAN_POINT ( 'NONE',  ( -0.3810000000000000053, 0.5079999999999997851, -1.473200000000000953 ) ) ;
#10430 = PLANE ( 'NONE',  #11821 ) ;
#10431 = DIRECTION ( 'NONE',  ( 1.000000000000000000, 0.000000000000000000, 0.000000000000000000 ) ) ;
#10432 =( NAMED_UNIT ( * ) SI_UNIT ( $, .STERADIAN. ) SOLID_ANGLE_UNIT ( ) );
#10433 = LINE ( 'NONE', #3268, #8440 ) ;
#10434 = EDGE_LOOP ( 'NONE', ( #3888, #10606, #7761, #719 ) ) ;
#10435 = PLANE ( 'NONE',  #6798 ) ;
#10436 = DIRECTION ( 'NONE',  ( 0.000000000000000000, -0.9659258262890701996, -0.2588190451025140226 ) ) ;
#10437 = ORIENTED_EDGE ( 'NONE', *, *, #3873, .F. ) ;
#10438 = DIRECTION ( 'NONE',  ( 0.000000000000000000, 0.9659258262890700886, -0.2588190451025140781 ) ) ;
#10439 = AXIS2_PLACEMENT_3D ( 'NONE', #11043, #8183, #1139 ) ;
#10440 = AXIS2_PLACEMENT_3D ( 'NONE', #6444, #5468, #1865 ) ;
#10441 = DIRECTION ( 'NONE',  ( -0.000000000000000000, 0.000000000000000000, 1.000000000000000000 ) ) ;
#10442 = ORIENTED_EDGE ( 'NONE', *, *, #1223, .T. ) ;
#10443 = EDGE_CURVE ( 'NONE', #9231, #140, #3406, .T. ) ;
#10444 = DIRECTION ( 'NONE',  ( 1.000000000000000000, 0.000000000000000000, 0.000000000000000000 ) ) ;
#10445 =( GEOMETRIC_REPRESENTATION_CONTEXT ( 3 ) GLOBAL_UNCERTAINTY_ASSIGNED_CONTEXT ( ( #3212 ) ) GLOBAL_UNIT_ASSIGNED_CONTEXT ( ( #6968, #3844, #7822 ) ) REPRESENTATION_CONTEXT ( 'NONE', 'WORKASPACE' ) );
#10446 = AXIS2_PLACEMENT_3D ( 'NONE', #6607, #10565, #9727 ) ;
#10447 = DIRECTION ( 'NONE',  ( 0.000000000000000000, 0.000000000000000000, -1.000000000000000000 ) ) ;
#10448 = DIRECTION ( 'NONE',  ( 0.000000000000000000, -0.7071067811865499042, 0.7071067811865451302 ) ) ;
#10449 = PLANE ( 'NONE',  #8881 ) ;
#10450 = DIRECTION ( 'NONE',  ( 0.000000000000000000, 0.000000000000000000, -1.000000000000000000 ) ) ;
#10451 = ORIENTED_EDGE ( 'NONE', *, *, #1111, .T. ) ;
#10452 = ORIENTED_EDGE ( 'NONE', *, *, #1010, .F. ) ;
#10453 = EDGE_LOOP ( 'NONE', ( #11345, #8167, #2379, #3749 ) ) ;
#10454 = PLANE ( 'NONE',  #8508 ) ;
#10455 = EDGE_LOOP ( 'NONE', ( #2410, #7951, #9041, #4478 ) ) ;
#10456 = ADVANCED_FACE ( 'NONE', ( #7515 ), #12454, .F. ) ;
#10457 = VECTOR ( 'NONE', #6767, 1000.000000000000000 ) ;
#10458 = VECTOR ( 'NONE', #4890, 999.9999999999998863 ) ;
#10459 = ORIENTED_EDGE ( 'NONE', *, *, #4259, .T. ) ;
#10460 = CARTESIAN_POINT ( 'NONE',  ( 18.60549999999999926, 8.509000000000000341, -0.4444999999999983409 ) ) ;
#10461 = DIRECTION ( 'NONE',  ( 0.000000000000000000, 0.9659258262890700886, -0.2588190451025140781 ) ) ;
#10462 = CARTESIAN_POINT ( 'NONE',  ( 14.41450000000000031, 8.509000000000000341, -2.540000000000001812 ) ) ;
#10463 = LINE ( 'NONE', #3637, #3611 ) ;
#10464 = ORIENTED_EDGE ( 'NONE', *, *, #428, .T. ) ;
#10465 = DIRECTION ( 'NONE',  ( 0.000000000000000000, -1.000000000000000000, -3.058038798877906014E-16 ) ) ;
#10466 = AXIS2_PLACEMENT_3D ( 'NONE', #1770, #12583, #11675 ) ;
#10467 = EDGE_CURVE ( 'NONE', #10150, #9055, #2291, .T. ) ;
#10468 = DIRECTION ( 'NONE',  ( 0.000000000000000000, 1.000000000000000000, -1.019346266292635338E-16 ) ) ;
#10469 = VERTEX_POINT ( 'NONE', #10245 ) ;
#10470 = ORIENTED_EDGE ( 'NONE', *, *, #9629, .F. ) ;
#10471 = EDGE_CURVE ( 'NONE', #5847, #5458, #4322, .T. ) ;
#10472 = ORIENTED_EDGE ( 'NONE', *, *, #8338, .T. ) ;
#10473 = MANIFOLD_SOLID_BREP ( 'LPattern1[2]', #1282 ) ;
#10474 = CARTESIAN_POINT ( 'NONE',  ( 3.810000000000000941, 4.336808689942017736E-16, -2.159000000000001140 ) ) ;
#10475 = EDGE_CURVE ( 'NONE', #2868, #12259, #7448, .T. ) ;
#10476 = VERTEX_POINT ( 'NONE', #3475 ) ;
#10477 = FACE_OUTER_BOUND ( 'NONE', #2827, .T. ) ;
#10478 = ADVANCED_FACE ( 'NONE', ( #11409 ), #10435, .F. ) ;
#10479 = CARTESIAN_POINT ( 'NONE',  ( 0.3809999999999993947, 8.064500000000002444, -0.8890000000000001235 ) ) ;
#10480 = DIRECTION ( 'NONE',  ( 1.000000000000000000, 0.000000000000000000, 0.000000000000000000 ) ) ;
#10481 = ADVANCED_FACE ( 'NONE', ( #9474 ), #531, .F. ) ;
#10482 = DIRECTION ( 'NONE',  ( 0.000000000000000000, -5.691349986800550837E-16, 1.000000000000000000 ) ) ;
#10483 = DIRECTION ( 'NONE',  ( 1.000000000000000000, 0.000000000000000000, 0.000000000000000000 ) ) ;
#10484 = CARTESIAN_POINT ( 'NONE',  ( 4.699000000000001620, 8.064499999999998892, 1.650999999999999801 ) ) ;
#10485 = LINE ( 'NONE', #648, #6290 ) ;
#10486 = EDGE_CURVE ( 'NONE', #12115, #1135, #802, .T. ) ;
#10487 = CARTESIAN_POINT ( 'NONE',  ( -15.62099999999999866, 8.064500000000002444, -0.8890000000000001235 ) ) ;
#10488 = ORIENTED_EDGE ( 'NONE', *, *, #1832, .T. ) ;
#10489 = ORIENTED_EDGE ( 'NONE', *, *, #6741, .F. ) ;
#10490 = DIRECTION ( 'NONE',  ( -0.000000000000000000, 0.000000000000000000, 1.000000000000000000 ) ) ;
#10491 = FACE_OUTER_BOUND ( 'NONE', #6832, .T. ) ;
#10492 = VERTEX_POINT ( 'NONE', #8817 ) ;
#10493 = ORIENTED_EDGE ( 'NONE', *, *, #12588, .F. ) ;
#10494 = ORIENTED_EDGE ( 'NONE', *, *, #9866, .T. ) ;
#10495 = PLANE ( 'NONE',  #11380 ) ;
#10496 = CARTESIAN_POINT ( 'NONE',  ( 33.02000000000000313, 7.239000000000000767, -2.201425730935033664E-16 ) ) ;
#10497 = CARTESIAN_POINT ( 'NONE',  ( 1.270000000000000240, 8.509000000000000341, 2.540000000000001812 ) ) ;
#10498 = ADVANCED_FACE ( 'NONE', ( #2880 ), #4786, .F. ) ;
#10499 = LINE ( 'NONE', #1710, #1475 ) ;
#10500 = FACE_OUTER_BOUND ( 'NONE', #1359, .T. ) ;
#10501 = VERTEX_POINT ( 'NONE', #2689 ) ;
#10502 = FACE_OUTER_BOUND ( 'NONE', #494, .T. ) ;
#10503 = FACE_BOUND ( 'NONE', #9362, .T. ) ;
#10504 = EDGE_LOOP ( 'NONE', ( #7246, #5232, #12325, #3025 ) ) ;
#10505 = ADVANCED_FACE ( 'NONE', ( #12778 ), #6678, .F. ) ;
#10506 = CARTESIAN_POINT ( 'NONE',  ( 1.714500000000000801, 8.509000000000000341, -0.4444999999999983409 ) ) ;
#10507 = VECTOR ( 'NONE', #5369, 1000.000000000000000 ) ;
#10508 = DIRECTION ( 'NONE',  ( 0.000000000000000000, 0.000000000000000000, 1.000000000000000000 ) ) ;
#10509 = ORIENTED_EDGE ( 'NONE', *, *, #4007, .T. ) ;
#10510 = VECTOR ( 'NONE', #10508, 1000.000000000000000 ) ;
#10511 = PLANE ( 'NONE',  #5129 ) ;
#10512 = VECTOR ( 'NONE', #5629, 1000.000000000000114 ) ;
#10513 = CARTESIAN_POINT ( 'NONE',  ( 10.54100000000000215, 7.239000000000000767, 1.650999999999999801 ) ) ;
#10514 = FACE_OUTER_BOUND ( 'NONE', #7528, .T. ) ;
#10515 = DIRECTION ( 'NONE',  ( 0.000000000000000000, 0.9659258262890700886, -0.2588190451025140781 ) ) ;
#10516 = DIRECTION ( 'NONE',  ( 0.000000000000000000, 0.000000000000000000, -1.000000000000000000 ) ) ;
#10517 = ORIENTED_EDGE ( 'NONE', *, *, #6963, .T. ) ;
#10518 = ORIENTED_EDGE ( 'NONE', *, *, #1896, .F. ) ;
#10519 = EDGE_LOOP ( 'NONE', ( #4722, #10700, #11016, #11361 ) ) ;
#10520 = EDGE_CURVE ( 'NONE', #1877, #5201, #1713, .T. ) ;
#10521 = DIRECTION ( 'NONE',  ( 0.000000000000000000, -1.000000000000000000, -1.733406087350420004E-16 ) ) ;
#10522 = ORIENTED_EDGE ( 'NONE', *, *, #1879, .F. ) ;
#10523 = AXIS2_PLACEMENT_3D ( 'NONE', #5607, #12820, #3717 ) ;
#10524 = VECTOR ( 'NONE', #2208, 1000.000000000000000 ) ;
#10525 = AXIS2_PLACEMENT_3D ( 'NONE', #8793, #7693, #1753 ) ;
#10526 = ORIENTED_EDGE ( 'NONE', *, *, #8765, .T. ) ;
#10527 = CARTESIAN_POINT ( 'NONE',  ( 17.39900000000000091, 8.064500000000002444, -0.8890000000000000124 ) ) ;
#10528 = FACE_OUTER_BOUND ( 'NONE', #1826, .T. ) ;
#10529 = AXIS2_PLACEMENT_3D ( 'NONE', #8117, #9882, #955 ) ;
#10530 = DIRECTION ( 'NONE',  ( 1.000000000000000000, 0.000000000000000000, -0.000000000000000000 ) ) ;
#10531 = CARTESIAN_POINT ( 'NONE',  ( 5.206999999999999851, 7.810499999999998444, 1.397000000000000242 ) ) ;
#10532 = ORIENTED_EDGE ( 'NONE', *, *, #12292, .T. ) ;
#10533 = DIRECTION ( 'NONE',  ( -1.000000000000000000, -0.000000000000000000, -0.000000000000000000 ) ) ;
#10534 = VECTOR ( 'NONE', #12856, 999.9999999999998863 ) ;
#10535 = CARTESIAN_POINT ( 'NONE',  ( 14.85899999999999999, 8.064499999999998892, 0.8889999999999999014 ) ) ;
#10536 = ORIENTED_EDGE ( 'NONE', *, *, #596, .F. ) ;
#10537 = ORIENTED_EDGE ( 'NONE', *, *, #12247, .F. ) ;
#10538 = AXIS2_PLACEMENT_3D ( 'NONE', #563, #364, #2451 ) ;
#10539 = ORIENTED_EDGE ( 'NONE', *, *, #4081, .T. ) ;
#10540 = CARTESIAN_POINT ( 'NONE',  ( -13.08099999999999952, 7.239000000000000767, 1.650999999999999801 ) ) ;
#10541 = VECTOR ( 'NONE', #2948, 1000.000000000000000 ) ;
#10542 = ORIENTED_EDGE ( 'NONE', *, *, #10801, .T. ) ;
#10543 = AXIS2_PLACEMENT_3D ( 'NONE', #317, #8287, #7502 ) ;
#10544 = CARTESIAN_POINT ( 'NONE',  ( 6.350000000000001421, 8.509000000000000341, -2.095500000000001695 ) ) ;
#10545 = EDGE_CURVE ( 'NONE', #2765, #6266, #1656, .T. ) ;
#10546 = LINE ( 'NONE', #5608, #1835 ) ;
#10547 = LINE ( 'NONE', #12360, #6821 ) ;
#10548 = CARTESIAN_POINT ( 'NONE',  ( -8.890000000000000568, 0.5080000000000000071, 2.022881810244992806 ) ) ;
#10549 = LINE ( 'NONE', #5672, #8870 ) ;
#10550 = PLANE ( 'NONE',  #5251 ) ;
#10551 = CARTESIAN_POINT ( 'NONE',  ( -11.42999999999999972, 0.5080000000000006732, -2.022881810244994583 ) ) ;
#10552 = ORIENTED_EDGE ( 'NONE', *, *, #5808, .F. ) ;
#10553 = VERTEX_POINT ( 'NONE', #8690 ) ;
#10554 = LINE ( 'NONE', #721, #3060 ) ;
#10555 = CARTESIAN_POINT ( 'NONE',  ( 0.3810000000000000053, 0.5079999999999998961, -1.066800000000001303 ) ) ;
#10556 = ORIENTED_EDGE ( 'NONE', *, *, #838, .T. ) ;
#10557 = VERTEX_POINT ( 'NONE', #10826 ) ;
#10558 = ADVANCED_FACE ( 'NONE', ( #4723 ), #7649, .F. ) ;
#10559 = EDGE_CURVE ( 'NONE', #11175, #12067, #4658, .T. ) ;
#10560 = EDGE_CURVE ( 'NONE', #9958, #4608, #3860, .T. ) ;
#10561 = ORIENTED_EDGE ( 'NONE', *, *, #6762, .T. ) ;
#10562 = AXIS2_PLACEMENT_3D ( 'NONE', #5469, #9451, #506 ) ;
#10563 = LINE ( 'NONE', #6670, #5779 ) ;
#10564 = LINE ( 'NONE', #727, #6213 ) ;
#10565 = DIRECTION ( 'NONE',  ( 0.000000000000000000, 1.000000000000000000, -2.251701056906096594E-16 ) ) ;
#10566 = CARTESIAN_POINT ( 'NONE',  ( 5.461000000000000298, 7.239000000000000767, 1.650999999999999801 ) ) ;
#10567 = CARTESIAN_POINT ( 'NONE',  ( -13.97000000000000064, 0.5080000000000006732, -2.022881810244994583 ) ) ;
#10568 = VERTEX_POINT ( 'NONE', #10631 ) ;
#10569 = AXIS2_PLACEMENT_3D ( 'NONE', #7768, #7961, #3854 ) ;
#10570 = DIRECTION ( 'NONE',  ( 0.000000000000000000, 0.9659258262890701996, 0.2588190451025140226 ) ) ;
#10571 = CARTESIAN_POINT ( 'NONE',  ( 12.70000000000000107, 7.239000000000000767, -2.201425730935033664E-16 ) ) ;
#10572 = ORIENTED_EDGE ( 'NONE', *, *, #10520, .F. ) ;
#10573 = AXIS2_PLACEMENT_3D ( 'NONE', #12082, #9967, #5071 ) ;
#10574 = ADVANCED_FACE ( 'NONE', ( #9863 ), #1900, .F. ) ;
#10575 = DIRECTION ( 'NONE',  ( -1.000000000000000000, -0.000000000000000000, -0.000000000000000000 ) ) ;
#10576 = ORIENTED_EDGE ( 'NONE', *, *, #12079, .T. ) ;
#10577 = DIRECTION ( 'NONE',  ( 1.000000000000000000, 0.000000000000000000, 0.000000000000000000 ) ) ;
#10578 = EDGE_CURVE ( 'NONE', #3353, #415, #9732, .T. ) ;
#10579 = LINE ( 'NONE', #7659, #7591 ) ;
#10580 = MANIFOLD_SOLID_BREP ( 'LPattern1[1]', #1092 ) ;
#10581 = AXIS2_PLACEMENT_3D ( 'NONE', #9982, #8684, #6917 ) ;
#10582 = CARTESIAN_POINT ( 'NONE',  ( 0.3810000000000000053, 0.5079999999999998961, 1.066800000000001303 ) ) ;
#10583 = PLANE ( 'NONE',  #2736 ) ;
#10584 = LINE ( 'NONE', #6478, #12184 ) ;
#10585 = DIRECTION ( 'NONE',  ( -0.000000000000000000, 1.000000000000000000, 1.733406087350420004E-16 ) ) ;
#10586 = ORIENTED_EDGE ( 'NONE', *, *, #10879, .F. ) ;
#10587 = VERTEX_POINT ( 'NONE', #869 ) ;
#10588 = EDGE_LOOP ( 'NONE', ( #10711, #2141, #3289, #5253 ) ) ;
#10589 = DIRECTION ( 'NONE',  ( -0.000000000000000000, 0.000000000000000000, -1.000000000000000000 ) ) ;
#10590 = AXIS2_PLACEMENT_3D ( 'NONE', #9371, #3568, #7543 ) ;
#10591 = AXIS2_PLACEMENT_3D ( 'NONE', #5674, #4702, #9651 ) ;
#10592 = EDGE_LOOP ( 'NONE', ( #6647, #5373, #2928, #5929 ) ) ;
#10593 = FACE_OUTER_BOUND ( 'NONE', #10635, .T. ) ;
#10594 = ADVANCED_FACE ( 'NONE', ( #6190, #7905, #9793 ), #6923, .F. ) ;
#10595 = DIRECTION ( 'NONE',  ( 0.000000000000000000, 0.000000000000000000, 1.000000000000000000 ) ) ;
#10596 = CARTESIAN_POINT ( 'NONE',  ( -3.810000000000000941, 0.000000000000000000, 0.000000000000000000 ) ) ;
#10597 = DIRECTION ( 'NONE',  ( -0.000000000000000000, -0.000000000000000000, 1.000000000000000000 ) ) ;
#10598 = EDGE_LOOP ( 'NONE', ( #9720, #11770, #7500, #10264 ) ) ;
#10599 = CARTESIAN_POINT ( 'NONE',  ( -0.3810000000000000053, 0.5079999999999997851, 1.473200000000000953 ) ) ;
#10600 = LINE ( 'NONE', #12365, #5115 ) ;
#10601 = CARTESIAN_POINT ( 'NONE',  ( -19.05000000000000071, 0.5080000000000000071, 2.022881810244992806 ) ) ;
#10602 = ORIENTED_EDGE ( 'NONE', *, *, #6273, .F. ) ;
#10603 = EDGE_LOOP ( 'NONE', ( #3539, #1680, #1147, #3038 ) ) ;
#10604 = VERTEX_POINT ( 'NONE', #1966 ) ;
#10605 = CARTESIAN_POINT ( 'NONE',  ( 14.85899999999999999, 7.239000000000000767, -0.8890000000000001235 ) ) ;
#10606 = ORIENTED_EDGE ( 'NONE', *, *, #10951, .F. ) ;
#10607 = FACE_OUTER_BOUND ( 'NONE', #8527, .T. ) ;
#10608 = LINE ( 'NONE', #4762, #6186 ) ;
#10609 = ADVANCED_FACE ( 'NONE', ( #9007 ), #4974, .F. ) ;
#10610 = CARTESIAN_POINT ( 'NONE',  ( -10.54100000000000037, 8.064499999999998892, 1.651000000000000023 ) ) ;
#10611 = DIRECTION ( 'NONE',  ( -0.000000000000000000, 1.000000000000000000, 1.607907343367028359E-16 ) ) ;
#10612 = DIRECTION ( 'NONE',  ( -0.7071067811865462405, -0.7071067811865489050, 0.000000000000000000 ) ) ;
#10613 = LINE ( 'NONE', #4701, #11907 ) ;
#10614 = DIRECTION ( 'NONE',  ( -1.000000000000000000, -0.000000000000000000, -0.000000000000000000 ) ) ;
#10615 = CARTESIAN_POINT ( 'NONE',  ( -10.54100000000000037, 7.239000000000000767, 1.650999999999999801 ) ) ;
#10616 = ORIENTED_EDGE ( 'NONE', *, *, #5605, .F. ) ;
#10617 = EDGE_LOOP ( 'NONE', ( #9054, #6332, #11864, #290 ) ) ;
#10618 = DIRECTION ( 'NONE',  ( 0.000000000000000000, 0.000000000000000000, -1.000000000000000000 ) ) ;
#10619 = ORIENTED_EDGE ( 'NONE', *, *, #9610, .T. ) ;
#10620 = ORIENTED_EDGE ( 'NONE', *, *, #1384, .F. ) ;
#10621 = EDGE_CURVE ( 'NONE', #9905, #9340, #5942, .T. ) ;
#10622 = ORIENTED_EDGE ( 'NONE', *, *, #606, .T. ) ;
#10623 = CARTESIAN_POINT ( 'NONE',  ( -0.3809999999999993947, 8.064500000000002444, -0.8890000000000000124 ) ) ;
#10624 = CARTESIAN_POINT ( 'NONE',  ( 19.30400000000000205, 8.509000000000000341, -2.540000000000001812 ) ) ;
#10625 = ADVANCED_FACE ( 'NONE', ( #1059 ), #11927, .F. ) ;
#10626 = PLANE ( 'NONE',  #10446 ) ;
#10627 = EDGE_CURVE ( 'NONE', #3986, #3358, #7172, .T. ) ;
#10628 = DIRECTION ( 'NONE',  ( -0.000000000000000000, 0.000000000000000000, 1.000000000000000000 ) ) ;
#10629 = DIRECTION ( 'NONE',  ( -0.5773502691896258421, 0.5773502691896236216, -0.5773502691896278405 ) ) ;
#10630 = ORIENTED_EDGE ( 'NONE', *, *, #9243, .T. ) ;
#10631 = CARTESIAN_POINT ( 'NONE',  ( 2.159000000000001140, 8.064500000000002444, -0.8890000000000000124 ) ) ;
#10632 =( REPRESENTATION_RELATIONSHIP ('NONE','NONE', #12679, #10636 ) REPRESENTATION_RELATIONSHIP_WITH_TRANSFORMATION ( #11946 )SHAPE_REPRESENTATION_RELATIONSHIP( ) );
#10633 = PLANE ( 'NONE',  #11087 ) ;
#10634 = ADVANCED_FACE ( 'NONE', ( #12046 ), #11862, .F. ) ;
#10635 = EDGE_LOOP ( 'NONE', ( #4065, #11298, #8679, #11852 ) ) ;
#10636 = SHAPE_REPRESENTATION ( 'Pin - Tin', ( #2067 ), #3104 ) ;
#10637 = EDGE_CURVE ( 'NONE', #12850, #11119, #2942, .T. ) ;
#10638 = CARTESIAN_POINT ( 'NONE',  ( 16.51000000000000156, 4.336808689942017736E-16, -2.159000000000001140 ) ) ;
#10639 = ORIENTED_EDGE ( 'NONE', *, *, #11880, .T. ) ;
#10640 = CARTESIAN_POINT ( 'NONE',  ( -5.460999999999998522, 8.064499999999998892, 0.8889999999999999014 ) ) ;
#10641 = EDGE_CURVE ( 'NONE', #6421, #5365, #10041, .T. ) ;
#10642 = MANIFOLD_SOLID_BREP ( 'Chamfer1', #7114 ) ;
#10643 = DIRECTION ( 'NONE',  ( 0.000000000000000000, -1.000000000000000000, -1.733406087350420004E-16 ) ) ;
#10644 = LINE ( 'NONE', #5767, #1081 ) ;
#10645 = EDGE_CURVE ( 'NONE', #11109, #3219, #134, .T. ) ;
#10646 = VECTOR ( 'NONE', #7465, 1000.000000000000000 ) ;
#10647 = DIRECTION ( 'NONE',  ( 0.000000000000000000, -1.000000000000000000, 0.000000000000000000 ) ) ;
#10648 = CARTESIAN_POINT ( 'NONE',  ( -16.06550000000000367, 8.509000000000000341, -2.540000000000001812 ) ) ;
#10649 = ORIENTED_EDGE ( 'NONE', *, *, #3374, .F. ) ;
#10650 = VERTEX_POINT ( 'NONE', #997 ) ;
#10651 = ORIENTED_EDGE ( 'NONE', *, *, #1076, .F. ) ;
#10652 = CARTESIAN_POINT ( 'NONE',  ( 2.159000000000001140, 8.064500000000002444, -0.8890000000000000124 ) ) ;
#10653 = ORIENTED_EDGE ( 'NONE', *, *, #10905, .T. ) ;
#10654 = VECTOR ( 'NONE', #6585, 1000.000000000000000 ) ;
#10655 = VECTOR ( 'NONE', #9873, 1000.000000000000000 ) ;
#10656 = DIRECTION ( 'NONE',  ( -1.000000000000000000, -0.000000000000000000, -0.000000000000000000 ) ) ;
#10657 = VECTOR ( 'NONE', #11066, 1000.000000000000000 ) ;
#10658 = FACE_OUTER_BOUND ( 'NONE', #6354, .T. ) ;
#10659 = CARTESIAN_POINT ( 'NONE',  ( -2.920999999999999819, 7.239000000000000767, -1.651000000000000023 ) ) ;
#10660 = EDGE_CURVE ( 'NONE', #5870, #8028, #11077, .T. ) ;
#10661 = CARTESIAN_POINT ( 'NONE',  ( 1.270000000000000240, 4.336808689942017736E-16, -2.159000000000001140 ) ) ;
#10662 = CARTESIAN_POINT ( 'NONE',  ( 8.890000000000002345, 6.505213034913026604E-16, -2.540000000000000924 ) ) ;
#10663 = ORIENTED_EDGE ( 'NONE', *, *, #3604, .F. ) ;
#10664 = ORIENTED_EDGE ( 'NONE', *, *, #11747, .F. ) ;
#10665 = ORIENTED_EDGE ( 'NONE', *, *, #2007, .F. ) ;
#10666 = VECTOR ( 'NONE', #5456, 1000.000000000000000 ) ;
#10667 = CARTESIAN_POINT ( 'NONE',  ( -8.890000000000000568, 0.000000000000000000, 2.539999999999999147 ) ) ;
#10668 = VECTOR ( 'NONE', #3453, 1000.000000000000000 ) ;
#10669 = EDGE_CURVE ( 'NONE', #4203, #10935, #5215, .T. ) ;
#10670 = ORIENTED_EDGE ( 'NONE', *, *, #3079, .T. ) ;
#10671 = LINE ( 'NONE', #4822, #1775 ) ;
#10672 = CARTESIAN_POINT ( 'NONE',  ( 9.779000000000003467, 7.239000000000000767, 1.650999999999999801 ) ) ;
#10673 = VECTOR ( 'NONE', #7144, 1000.000000000000000 ) ;
#10674 = CARTESIAN_POINT ( 'NONE',  ( 16.51000000000000156, 0.5080000000000006732, -2.022881810244994583 ) ) ;
#10675 = LINE ( 'NONE', #1694, #7895 ) ;
#10676 = PLANE ( 'NONE',  #4727 ) ;
#10677 = DIRECTION ( 'NONE',  ( 0.000000000000000000, 0.2588190451025140226, -0.9659258262890701996 ) ) ;
#10678 = CARTESIAN_POINT ( 'NONE',  ( -12.31900000000000084, 7.239000000000000767, 1.650999999999999801 ) ) ;
#10679 = LINE ( 'NONE', #10242, #5883 ) ;
#10680 = ORIENTED_EDGE ( 'NONE', *, *, #5861, .T. ) ;
#10681 = ORIENTED_EDGE ( 'NONE', *, *, #4160, .F. ) ;
#10682 = VECTOR ( 'NONE', #2427, 1000.000000000000000 ) ;
#10683 =( NAMED_UNIT ( * ) PLANE_ANGLE_UNIT ( ) SI_UNIT ( $, .RADIAN. ) );
#10684 = PLANE ( 'NONE',  #11387 ) ;
#10685 = ORIENTED_EDGE ( 'NONE', *, *, #2915, .F. ) ;
#10686 = EDGE_CURVE ( 'NONE', #4419, #3816, #9130, .T. ) ;
#10687 = VECTOR ( 'NONE', #9208, 1000.000000000000000 ) ;
#10688 = DIRECTION ( 'NONE',  ( -0.7071067811865462405, -0.7071067811865489050, 0.000000000000000000 ) ) ;
#10689 = DIRECTION ( 'NONE',  ( -0.000000000000000000, 1.000000000000000000, 1.733406087350420004E-16 ) ) ;
#10690 = CARTESIAN_POINT ( 'NONE',  ( 11.42999999999999972, 0.000000000000000000, 2.539999999999999147 ) ) ;
#10691 = CARTESIAN_POINT ( 'NONE',  ( -0.3809999999999993947, 7.239000000000000767, 0.8889999999999997904 ) ) ;
#10692 = DIRECTION ( 'NONE',  ( 0.000000000000000000, 0.000000000000000000, -1.000000000000000000 ) ) ;
#10693 = EDGE_CURVE ( 'NONE', #11443, #9652, #1571, .T. ) ;
#10694 = CARTESIAN_POINT ( 'NONE',  ( 19.30400000000000205, 6.505213034913026604E-16, -2.540000000000000924 ) ) ;
#10695 = VERTEX_POINT ( 'NONE', #3526 ) ;
#10696 = SURFACE_SIDE_STYLE ('',( #11800 ) ) ;
#10697 = LINE ( 'NONE', #4975, #6306 ) ;
#10698 = EDGE_LOOP ( 'NONE', ( #12796, #8289, #2054, #8386 ) ) ;
#10699 = DIRECTION ( 'NONE',  ( -1.000000000000000000, 0.000000000000000000, 0.000000000000000000 ) ) ;
#10700 = ORIENTED_EDGE ( 'NONE', *, *, #8437, .F. ) ;
#10701 = DIRECTION ( 'NONE',  ( -1.000000000000000000, -0.000000000000000000, -0.000000000000000000 ) ) ;
#10702 = EDGE_CURVE ( 'NONE', #12256, #6085, #12441, .T. ) ;
#10703 = CARTESIAN_POINT ( 'NONE',  ( -12.57300000000000040, 7.810500000000001997, -1.396999999999998021 ) ) ;
#10704 = MANIFOLD_SOLID_BREP ( 'Mirror1', #7541 ) ;
#10705 = ADVANCED_FACE ( 'NONE', ( #3328 ), #1437, .F. ) ;
#10706 = DIRECTION ( 'NONE',  ( 0.000000000000000000, 0.000000000000000000, 1.000000000000000000 ) ) ;
#10707 = DIRECTION ( 'NONE',  ( -1.000000000000000000, 0.000000000000000000, 0.000000000000000000 ) ) ;
#10708 = ORIENTED_EDGE ( 'NONE', *, *, #1956, .T. ) ;
#10709 = FACE_OUTER_BOUND ( 'NONE', #11248, .T. ) ;
#10710 = DIRECTION ( 'NONE',  ( -0.000000000000000000, 0.000000000000000000, -1.000000000000000000 ) ) ;
#10711 = ORIENTED_EDGE ( 'NONE', *, *, #159, .F. ) ;
#10712 = ORIENTED_EDGE ( 'NONE', *, *, #7064, .F. ) ;
#10713 = ORIENTED_EDGE ( 'NONE', *, *, #12612, .T. ) ;
#10714 = PLANE ( 'NONE',  #2809 ) ;
#10715 = ADVANCED_FACE ( 'NONE', ( #8353 ), #11207, .F. ) ;
#10716 = EDGE_CURVE ( 'NONE', #2974, #10501, #9526, .T. ) ;
#10717 = ORIENTED_EDGE ( 'NONE', *, *, #7770, .F. ) ;
#10718 = ADVANCED_FACE ( 'NONE', ( #7367 ), #2540, .F. ) ;
#10719 = AXIS2_PLACEMENT_3D ( 'NONE', #10241, #1448, #1583 ) ;
#10720 = DIRECTION ( 'NONE',  ( 1.000000000000000000, 0.000000000000000000, -0.000000000000000000 ) ) ;
#10721 = CARTESIAN_POINT ( 'NONE',  ( 6.350000000000001421, 4.336808689942017736E-16, -2.159000000000001140 ) ) ;
#10722 = PRODUCT_CONTEXT ( 'NONE', #6654, 'mechanical' ) ;
#10723 = CARTESIAN_POINT ( 'NONE',  ( 1.270000000000000240, 8.509000000000000341, -2.095500000000001695 ) ) ;
#10724 = LINE ( 'NONE', #8778, #222 ) ;
#10725 = AXIS2_PLACEMENT_3D ( 'NONE', #11141, #6510, #10172 ) ;
#10726 = DIRECTION ( 'NONE',  ( 0.000000000000000000, 1.607907343367028359E-16, -1.000000000000000000 ) ) ;
#10727 = DIRECTION ( 'NONE',  ( 1.000000000000000000, 0.000000000000000000, 0.000000000000000000 ) ) ;
#10728 = ORIENTED_EDGE ( 'NONE', *, *, #12452, .F. ) ;
#10729 = ORIENTED_EDGE ( 'NONE', *, *, #6578, .T. ) ;
#10730 = ORIENTED_EDGE ( 'NONE', *, *, #1134, .T. ) ;
#10731 = LINE ( 'NONE', #3774, #4531 ) ;
#10732 = VECTOR ( 'NONE', #7872, 1000.000000000000000 ) ;
#10733 = EDGE_LOOP ( 'NONE', ( #9380, #9534, #6541, #4019 ) ) ;
#10734 = ADVANCED_FACE ( 'NONE', ( #4236 ), #12370, .F. ) ;
#10735 = VECTOR ( 'NONE', #825, 1000.000000000000000 ) ;
#10736 = CARTESIAN_POINT ( 'NONE',  ( -2.413000000000002032, 7.810499999999998444, 1.397000000000000242 ) ) ;
#10737 = DIRECTION ( 'NONE',  ( 0.000000000000000000, 3.058038798877906014E-16, -1.000000000000000000 ) ) ;
#10738 = VECTOR ( 'NONE', #3129, 1000.000000000000000 ) ;
#10740 = CARTESIAN_POINT ( 'NONE',  ( 0.3809999999999993947, 8.064500000000002444, -0.8890000000000000124 ) ) ;
#10739 =( GEOMETRIC_REPRESENTATION_CONTEXT ( 3 ) GLOBAL_UNCERTAINTY_ASSIGNED_CONTEXT ( ( #7376 ) ) GLOBAL_UNIT_ASSIGNED_CONTEXT ( ( #1377, #6466, #2421 ) ) REPRESENTATION_CONTEXT ( 'NONE', 'WORKASPACE' ) );
#10741 = CARTESIAN_POINT ( 'NONE',  ( -13.08099999999999952, 8.064499999999998892, 1.651000000000000023 ) ) ;
#10743 = VECTOR ( 'NONE', #7359, 1000.000000000000000 ) ;
#10742 = DIRECTION ( 'NONE',  ( 0.000000000000000000, 1.733406087350420004E-16, -1.000000000000000000 ) ) ;
#10744 = CARTESIAN_POINT ( 'NONE',  ( 17.39900000000000091, 7.239000000000000767, -0.8890000000000001235 ) ) ;
#10745 = EDGE_CURVE ( 'NONE', #6238, #4639, #7300, .T. ) ;
#10746 = LINE ( 'NONE', #7753, #8744 ) ;
#10747 = VERTEX_POINT ( 'NONE', #11396 ) ;
#10748 = EDGE_LOOP ( 'NONE', ( #10213, #11383, #4362, #6389 ) ) ;
#10749 = VECTOR ( 'NONE', #7785, 1000.000000000000000 ) ;
#10750 = CARTESIAN_POINT ( 'NONE',  ( -6.349999999999999645, 0.5080000000000006732, -2.022881810244994583 ) ) ;
#10751 = ORIENTED_EDGE ( 'NONE', *, *, #11123, .F. ) ;
#10752 = AXIS2_PLACEMENT_3D ( 'NONE', #9874, #12792, #2763 ) ;
#10753 = CARTESIAN_POINT ( 'NONE',  ( 2.920999999999999819, 7.239000000000000767, -0.8890000000000001235 ) ) ;
#10754 = VECTOR ( 'NONE', #11125, 1000.000000000000000 ) ;
#10755 = DIRECTION ( 'NONE',  ( 1.000000000000000000, 0.000000000000000000, 0.000000000000000000 ) ) ;
#10756 = CARTESIAN_POINT ( 'NONE',  ( 2.159000000000001140, 8.064500000000002444, -1.650999999999999801 ) ) ;
#10757 = DIRECTION ( 'NONE',  ( -1.000000000000000000, -0.000000000000000000, -0.000000000000000000 ) ) ;
#10758 = ADVANCED_FACE ( 'NONE', ( #11267 ), #9334, .T. ) ;
#10759 = DIRECTION ( 'NONE',  ( 1.000000000000000000, 0.000000000000000000, 0.000000000000000000 ) ) ;
#10760 = LINE ( 'NONE', #2093, #1352 ) ;
#10761 = ORIENTED_EDGE ( 'NONE', *, *, #5511, .F. ) ;
#10762 = DIRECTION ( 'NONE',  ( 0.5773502691896259531, -0.5773502691896237327, -0.5773502691896276184 ) ) ;
#10763 = DIRECTION ( 'NONE',  ( 0.000000000000000000, 0.000000000000000000, -1.000000000000000000 ) ) ;
#10764 = ORIENTED_EDGE ( 'NONE', *, *, #8018, .T. ) ;
#10765 = ADVANCED_FACE ( 'NONE', ( #3388 ), #6386, .F. ) ;
#10766 = VECTOR ( 'NONE', #5993, 1000.000000000000000 ) ;
#10767 = LINE ( 'NONE', #2038, #5530 ) ;
#10768 = ORIENTED_EDGE ( 'NONE', *, *, #4151, .T. ) ;
#10769 = DIRECTION ( 'NONE',  ( 0.000000000000000000, 1.000000000000000000, 1.733406087350420004E-16 ) ) ;
#10770 = LINE ( 'NONE', #5826, #1015 ) ;
#10771 = VECTOR ( 'NONE', #1702, 1000.000000000000000 ) ;
#10772 = DIRECTION ( 'NONE',  ( -1.000000000000000000, 0.000000000000000000, 0.000000000000000000 ) ) ;
#10773 = PLANE ( 'NONE',  #8859 ) ;
#10774 = LINE ( 'NONE', #2953, #3359 ) ;
#10775 = DIRECTION ( 'NONE',  ( -0.5773502691896259531, -0.5773502691896237327, -0.5773502691896276184 ) ) ;
#10776 = AXIS2_PLACEMENT_3D ( 'NONE', #3583, #10480, #1629 ) ;
#10777 = DIRECTION ( 'NONE',  ( 0.9396926207859093161, 0.3420201433256662149, -0.000000000000000000 ) ) ;
#10778 = ORIENTED_EDGE ( 'NONE', *, *, #10884, .T. ) ;
#10779 = VERTEX_POINT ( 'NONE', #6454 ) ;
#10780 = EDGE_LOOP ( 'NONE', ( #4644, #3971, #3161, #6530 ) ) ;
#10781 = DIRECTION ( 'NONE',  ( 0.000000000000000000, -1.000000000000000000, -3.058038798877906014E-16 ) ) ;
#10782 = AXIS2_PLACEMENT_3D ( 'NONE', #9977, #752, #6422 ) ;
#10783 = ADVANCED_FACE ( 'NONE', ( #2604 ), #11789, .F. ) ;
#10784 = VERTEX_POINT ( 'NONE', #2865 ) ;
#10785 = VECTOR ( 'NONE', #1444, 1000.000000000000000 ) ;
#10786 = PLANE ( 'NONE',  #8876 ) ;
#10787 = FACE_OUTER_BOUND ( 'NONE', #6320, .T. ) ;
#10788 = DIRECTION ( 'NONE',  ( 1.000000000000000000, 0.000000000000000000, 0.000000000000000000 ) ) ;
#10789 = DIRECTION ( 'NONE',  ( -0.000000000000000000, 1.000000000000000000, 1.733406087350420004E-16 ) ) ;
#10790 = EDGE_CURVE ( 'NONE', #11102, #8586, #12637, .T. ) ;
#10791 = CARTESIAN_POINT ( 'NONE',  ( -19.30400000000000205, 4.336808689942017736E-16, -2.159000000000001140 ) ) ;
#10792 = EDGE_CURVE ( 'NONE', #3977, #5514, #10554, .T. ) ;
#10793 = DIRECTION ( 'NONE',  ( -1.000000000000000000, -0.000000000000000000, -0.000000000000000000 ) ) ;
#10794 = CARTESIAN_POINT ( 'NONE',  ( 0.3809999999999993947, 7.239000000000000767, 1.650999999999999801 ) ) ;
#10795 = EDGE_LOOP ( 'NONE', ( #2505, #23, #7419, #11866 ) ) ;
#10796 = ORIENTED_EDGE ( 'NONE', *, *, #3891, .F. ) ;
#10797 = ORIENTED_EDGE ( 'NONE', *, *, #7701, .F. ) ;
#10798 = MANIFOLD_SOLID_BREP ( 'LPattern1[8]', #458 ) ;
#10799 = CARTESIAN_POINT ( 'NONE',  ( -5.460999999999998522, 7.239000000000000767, -1.651000000000000023 ) ) ;
#10800 = VECTOR ( 'NONE', #7495, 1000.000000000000000 ) ;
#10801 = EDGE_CURVE ( 'NONE', #8947, #1177, #4575, .T. ) ;
#10802 = EDGE_CURVE ( 'NONE', #12263, #3560, #5618, .T. ) ;
#10803 = ORIENTED_EDGE ( 'NONE', *, *, #6424, .T. ) ;
#10804 = CARTESIAN_POINT ( 'NONE',  ( 10.54100000000000215, 8.064500000000002444, -1.650999999999999801 ) ) ;
#10805 = CARTESIAN_POINT ( 'NONE',  ( 13.08099999999999952, 7.239000000000000767, -1.651000000000000023 ) ) ;
#10806 = CARTESIAN_POINT ( 'NONE',  ( 1.270000000000000240, 8.509000000000000341, -2.540000000000001812 ) ) ;
#10807 = CARTESIAN_POINT ( 'NONE',  ( 13.97000000000000064, 0.000000000000000000, 0.000000000000000000 ) ) ;
#10808 = CARTESIAN_POINT ( 'NONE',  ( 10.54100000000000215, 7.239000000000000767, 0.8889999999999997904 ) ) ;
#10809 = CARTESIAN_POINT ( 'NONE',  ( 18.16100000000000136, 7.239000000000000767, -1.651000000000000023 ) ) ;
#10810 = DIRECTION ( 'NONE',  ( -0.5773502691896272854, -0.5773502691896250649, -0.5773502691896250649 ) ) ;
#10811 = ORIENTED_EDGE ( 'NONE', *, *, #7939, .F. ) ;
#10812 = EDGE_LOOP ( 'NONE', ( #12482, #2124, #2607, #11412 ) ) ;
#10813 = ADVANCED_FACE ( 'NONE', ( #11598 ), #5740, .F. ) ;
#10814 = FILL_AREA_STYLE_COLOUR ( '', #2426 ) ;
#10815 = CARTESIAN_POINT ( 'NONE',  ( 19.05000000000000071, 0.000000000000000000, 2.539999999999999147 ) ) ;
#10816 = ORIENTED_EDGE ( 'NONE', *, *, #6855, .F. ) ;
#10817 = MANIFOLD_SOLID_BREP ( 'Boss-Extrude2', #6718 ) ;
#10818 = ORIENTED_EDGE ( 'NONE', *, *, #9133, .F. ) ;
#10819 = DIRECTION ( 'NONE',  ( 0.000000000000000000, 0.000000000000000000, -1.000000000000000000 ) ) ;
#10820 = DIRECTION ( 'NONE',  ( -0.000000000000000000, 1.000000000000000000, 5.691349986800550837E-16 ) ) ;
#10821 = DIRECTION ( 'NONE',  ( 1.000000000000000000, 0.000000000000000000, 0.000000000000000000 ) ) ;
#10822 = LINE ( 'NONE', #6920, #10222 ) ;
#10823 = VECTOR ( 'NONE', #6779, 1000.000000000000000 ) ;
#10824 = CARTESIAN_POINT ( 'NONE',  ( -8.000999999999999446, 8.064499999999998892, 1.651000000000000023 ) ) ;
#10825 = ORIENTED_EDGE ( 'NONE', *, *, #8607, .F. ) ;
#10826 = CARTESIAN_POINT ( 'NONE',  ( 8.890000000000002345, 0.5080000000000006732, -2.022881810244994583 ) ) ;
#10827 = CARTESIAN_POINT ( 'NONE',  ( -16.51000000000000156, 8.509000000000000341, 2.540000000000001812 ) ) ;
#10828 = VERTEX_POINT ( 'NONE', #12697 ) ;
#10829 = EDGE_CURVE ( 'NONE', #11350, #10397, #6663, .T. ) ;
#10830 = DIRECTION ( 'NONE',  ( 0.000000000000000000, -1.000000000000000000, 0.000000000000000000 ) ) ;
#10831 = EDGE_LOOP ( 'NONE', ( #10542, #5959, #2265, #8517 ) ) ;
#10832 = VECTOR ( 'NONE', #4057, 1000.000000000000000 ) ;
#10833 = LINE ( 'NONE', #8891, #7026 ) ;
#10834 = FACE_OUTER_BOUND ( 'NONE', #6040, .T. ) ;
#10835 = MANIFOLD_SOLID_BREP ( 'LPattern1[13]', #3591 ) ;
#10836 = DIRECTION ( 'NONE',  ( 0.000000000000000000, -1.000000000000000000, 0.000000000000000000 ) ) ;
#10837 = LINE ( 'NONE', #2700, #6707 ) ;
#10838 = LINE ( 'NONE', #12664, #10534 ) ;
#10839 = DIRECTION ( 'NONE',  ( -0.5773502691896272854, -0.5773502691896250649, -0.5773502691896250649 ) ) ;
#10840 = ORIENTED_EDGE ( 'NONE', *, *, #5163, .F. ) ;
#10841 = EDGE_LOOP ( 'NONE', ( #8350, #6692, #6876, #2109 ) ) ;
#10842 = VERTEX_POINT ( 'NONE', #2198 ) ;
#10843 = DIRECTION ( 'NONE',  ( -1.000000000000000000, -0.000000000000000000, -0.000000000000000000 ) ) ;
#10844 = VECTOR ( 'NONE', #2686, 1000.000000000000000 ) ;
#10845 = EDGE_CURVE ( 'NONE', #10935, #10016, #3848, .T. ) ;
#10846 = ORIENTED_EDGE ( 'NONE', *, *, #11740, .T. ) ;
#10847 = FACE_OUTER_BOUND ( 'NONE', #10598, .T. ) ;
#10848 = DIRECTION ( 'NONE',  ( 0.000000000000000000, 1.000000000000000000, -1.019346266292635338E-16 ) ) ;
#10849 = VECTOR ( 'NONE', #1679, 1000.000000000000000 ) ;
#10850 = DIRECTION ( 'NONE',  ( 1.000000000000000000, 0.000000000000000000, 0.000000000000000000 ) ) ;
#10851 = CARTESIAN_POINT ( 'NONE',  ( 1.270000000000000240, 8.509000000000000341, -2.540000000000001812 ) ) ;
#10852 = DIRECTION ( 'NONE',  ( -1.000000000000000000, -0.000000000000000000, -0.000000000000000000 ) ) ;
#10853 = DIRECTION ( 'NONE',  ( 1.000000000000000000, 0.000000000000000000, -0.000000000000000000 ) ) ;
#10854 = CARTESIAN_POINT ( 'NONE',  ( -13.97000000000000064, 0.000000000000000000, 0.000000000000000000 ) ) ;
#10855 = VERTEX_POINT ( 'NONE', #3915 ) ;
#10856 = ORIENTED_EDGE ( 'NONE', *, *, #2430, .T. ) ;
#10857 = ORIENTED_EDGE ( 'NONE', *, *, #573, .F. ) ;
#10858 = LINE ( 'NONE', #3275, #7235 ) ;
#10859 = EDGE_CURVE ( 'NONE', #9138, #8556, #7161, .T. ) ;
#10860 = VECTOR ( 'NONE', #10180, 1000.000000000000000 ) ;
#10861 = CLOSED_SHELL ( 'NONE', ( #1781, #3800, #7217, #4345, #10634, #12072, #9401, #11954, #8253, #4937, #2111, #10880, #6753, #5396, #6544, #2068, #3962, #9738, #10625, #2315, #12501, #3721, #3658, #10734, #168, #7953, #12376, #8255 ) ) ;
#10862 = ORIENTED_EDGE ( 'NONE', *, *, #8437, .T. ) ;
#10863 = LINE ( 'NONE', #11958, #528 ) ;
#10864 = CARTESIAN_POINT ( 'NONE',  ( 4.953000000000002956, 7.810500000000001997, -1.396999999999998021 ) ) ;
#10865 = EDGE_CURVE ( 'NONE', #2735, #6960, #118, .T. ) ;
#10866 = CARTESIAN_POINT ( 'NONE',  ( 6.794500000000001982, 8.509000000000000341, -2.095500000000001695 ) ) ;
#10867 = LINE ( 'NONE', #848, #7196 ) ;
#10868 = DIRECTION ( 'NONE',  ( 0.000000000000000000, 0.000000000000000000, 1.000000000000000000 ) ) ;
#10869 = LINE ( 'NONE', #7887, #11216 ) ;
#10870 = AXIS2_PLACEMENT_3D ( 'NONE', #12087, #3174, #11116 ) ;
#10871 = EDGE_CURVE ( 'NONE', #11316, #10568, #7892, .T. ) ;
#10872 = VECTOR ( 'NONE', #5541, 1000.000000000000000 ) ;
#10873 = LINE ( 'NONE', #2487, #7552 ) ;
#10874 = ORIENTED_EDGE ( 'NONE', *, *, #11257, .T. ) ;
#10875 = ORIENTED_EDGE ( 'NONE', *, *, #9175, .F. ) ;
#10876 = FILL_AREA_STYLE ('',( #11002 ) ) ;
#10877 = CARTESIAN_POINT ( 'NONE',  ( 17.90700000000000003, 7.810499999999998444, 1.397000000000000242 ) ) ;
#10878 = ORIENTED_EDGE ( 'NONE', *, *, #8868, .F. ) ;
#10879 = EDGE_CURVE ( 'NONE', #593, #11021, #2140, .T. ) ;
#10880 = ADVANCED_FACE ( 'NONE', ( #7956 ), #2081, .F. ) ;
#10881 = VECTOR ( 'NONE', #6875, 1000.000000000000000 ) ;
#10882 = VECTOR ( 'NONE', #8857, 1000.000000000000000 ) ;
#10883 = CARTESIAN_POINT ( 'NONE',  ( -14.85899999999999999, 7.239000000000000767, -0.8890000000000001235 ) ) ;
#10884 = EDGE_CURVE ( 'NONE', #3817, #2367, #6055, .T. ) ;
#10885 = LINE ( 'NONE', #7047, #11788 ) ;
#10886 = CARTESIAN_POINT ( 'NONE',  ( 14.85899999999999999, 7.239000000000000767, 1.650999999999999801 ) ) ;
#10887 = DIRECTION ( 'NONE',  ( 0.000000000000000000, 0.000000000000000000, 1.000000000000000000 ) ) ;
#10888 = DIRECTION ( 'NONE',  ( 0.000000000000000000, 0.000000000000000000, -1.000000000000000000 ) ) ;
#10889 = DIRECTION ( 'NONE',  ( 0.000000000000000000, 1.000000000000000000, -2.338910953479677683E-16 ) ) ;
#10890 = EDGE_LOOP ( 'NONE', ( #8067, #918, #10910, #10464 ) ) ;
#10891 = VECTOR ( 'NONE', #615, 1000.000000000000000 ) ;
#10892 = MECHANICAL_DESIGN_GEOMETRIC_PRESENTATION_REPRESENTATION (  '', ( #10253 ), #3820 ) ;
#10893 = VECTOR ( 'NONE', #10168, 1000.000000000000000 ) ;
#10894 = DIRECTION ( 'NONE',  ( 0.000000000000000000, 1.607907343367028359E-16, -1.000000000000000000 ) ) ;
#10895 = CARTESIAN_POINT ( 'NONE',  ( -1.270000000000000240, -8.578981026812224210E-17, 2.158999999999999364 ) ) ;
#10896 = ORIENTED_EDGE ( 'NONE', *, *, #12853, .F. ) ;
#10897 = DIRECTION ( 'NONE',  ( -0.000000000000000000, 0.2588190451025140781, 0.9659258262890700886 ) ) ;
#10898 = VERTEX_POINT ( 'NONE', #3056 ) ;
#10899 = EDGE_CURVE ( 'NONE', #10086, #2182, #1951, .T. ) ;
#10900 = FACE_OUTER_BOUND ( 'NONE', #6810, .T. ) ;
#10901 = DIRECTION ( 'NONE',  ( -0.000000000000000000, 0.000000000000000000, 1.000000000000000000 ) ) ;
#10902 = SURFACE_STYLE_USAGE ( .BOTH. , #9077 ) ;
#10903 = DIRECTION ( 'NONE',  ( -0.5773502691896259531, -0.5773502691896237327, -0.5773502691896276184 ) ) ;
#10904 = LINE ( 'NONE', #1976, #5034 ) ;
#10905 = EDGE_CURVE ( 'NONE', #3353, #11621, #12092, .T. ) ;
#10906 = LINE ( 'NONE', #4924, #7638 ) ;
#10907 = CARTESIAN_POINT ( 'NONE',  ( 12.82699999999999818, 7.810500000000002885, -1.143000000000000460 ) ) ;
#10908 = VERTEX_POINT ( 'NONE', #9907 ) ;
#10909 = VERTEX_POINT ( 'NONE', #9845 ) ;
#10910 = ORIENTED_EDGE ( 'NONE', *, *, #8037, .F. ) ;
#10911 = CARTESIAN_POINT ( 'NONE',  ( -19.05000000000000071, 8.509000000000000341, 2.540000000000001812 ) ) ;
#10912 = ORIENTED_EDGE ( 'NONE', *, *, #2033, .F. ) ;
#10913 = CARTESIAN_POINT ( 'NONE',  ( 16.51000000000000156, 8.509000000000000341, -2.095500000000001695 ) ) ;
#10914 = ITEM_DEFINED_TRANSFORMATION ( 'NONE', 'NONE', #9566,  #2067 ) ;
#10915 = CARTESIAN_POINT ( 'NONE',  ( 16.95449999999999591, 8.509000000000000341, -2.540000000000001812 ) ) ;
#10916 = CARTESIAN_POINT ( 'NONE',  ( 7.239000000000002544, 7.239000000000000767, -1.651000000000000023 ) ) ;
#10917 = ADVANCED_FACE ( 'NONE', ( #3117 ), #2995, .F. ) ;
#10918 = DIRECTION ( 'NONE',  ( 0.000000000000000000, -5.691349986800550837E-16, 1.000000000000000000 ) ) ;
#10919 = DIRECTION ( 'NONE',  ( -0.000000000000000000, 0.000000000000000000, -1.000000000000000000 ) ) ;
#10920 = ORIENTED_EDGE ( 'NONE', *, *, #7131, .T. ) ;
#10921 = ORIENTED_EDGE ( 'NONE', *, *, #1022, .T. ) ;
#10922 = ORIENTED_EDGE ( 'NONE', *, *, #12573, .F. ) ;
#10923 = MANIFOLD_SOLID_BREP ( 'LPattern1[6]', #9830 ) ;
#10924 = LINE ( 'NONE', #12192, #7664 ) ;
#10925 = AXIS2_PLACEMENT_3D ( 'NONE', #10596, #5320, #9573 ) ;
#10926 = ORIENTED_EDGE ( 'NONE', *, *, #3477, .T. ) ;
#10927 = CARTESIAN_POINT ( 'NONE',  ( 5.461000000000000298, 8.064499999999998892, 1.650999999999999801 ) ) ;
#10928 = PLANE ( 'NONE',  #12022 ) ;
#10929 = VECTOR ( 'NONE', #3131, 999.9999999999998863 ) ;
#10930 = CARTESIAN_POINT ( 'NONE',  ( 0.3809999999999993947, 7.239000000000000767, -0.8890000000000001235 ) ) ;
#10931 = DIRECTION ( 'NONE',  ( 0.000000000000000000, -1.000000000000000000, -1.733406087350420004E-16 ) ) ;
#10932 = DIRECTION ( 'NONE',  ( 0.000000000000000000, -0.7071067811865475727, 0.7071067811865475727 ) ) ;
#10933 = VECTOR ( 'NONE', #4522, 1000.000000000000000 ) ;
#10934 = CARTESIAN_POINT ( 'NONE',  ( 9.779000000000003467, 7.239000000000000767, 0.8889999999999997904 ) ) ;
#10935 = VERTEX_POINT ( 'NONE', #9174 ) ;
#10936 = ORIENTED_EDGE ( 'NONE', *, *, #11180, .F. ) ;
#10937 = VERTEX_POINT ( 'NONE', #7285 ) ;
#10938 = SURFACE_STYLE_FILL_AREA ( #10876 ) ;
#10939 = CARTESIAN_POINT ( 'NONE',  ( 4.699000000000001620, 7.239000000000000767, -1.651000000000000023 ) ) ;
#10940 = ORIENTED_EDGE ( 'NONE', *, *, #10486, .T. ) ;
#10941 = AXIS2_PLACEMENT_3D ( 'NONE', #1738, #4682, #6697 ) ;
#10942 = ADVANCED_FACE ( 'NONE', ( #1048 ), #5266, .F. ) ;
#10943 = VECTOR ( 'NONE', #12074, 1000.000000000000000 ) ;
#10944 = VECTOR ( 'NONE', #9390, 1000.000000000000000 ) ;
#10945 = ORIENTED_EDGE ( 'NONE', *, *, #11026, .F. ) ;
#10946 = CARTESIAN_POINT ( 'NONE',  ( -10.54100000000000037, 8.064500000000002444, -1.650999999999999801 ) ) ;
#10947 = DIRECTION ( 'NONE',  ( 0.000000000000000000, 0.000000000000000000, -1.000000000000000000 ) ) ;
#10948 = LINE ( 'NONE', #6002, #6507 ) ;
#10949 = PLANE ( 'NONE',  #1075 ) ;
#10950 = CARTESIAN_POINT ( 'NONE',  ( -17.39900000000000091, 7.239000000000000767, 0.8889999999999997904 ) ) ;
#10951 = EDGE_CURVE ( 'NONE', #6599, #8743, #8205, .T. ) ;
#10952 = ORIENTED_EDGE ( 'NONE', *, *, #6906, .F. ) ;
#10953 = ADVANCED_FACE ( 'NONE', ( #12227 ), #10214, .F. ) ;
#10954 = VECTOR ( 'NONE', #7382, 1000.000000000000000 ) ;
#10955 = DIRECTION ( 'NONE',  ( -0.7071067811865462405, -0.7071067811865489050, 0.000000000000000000 ) ) ;
#10956 = VERTEX_POINT ( 'NONE', #11314 ) ;
#10957 = VECTOR ( 'NONE', #12199, 1000.000000000000000 ) ;
#10958 = EDGE_CURVE ( 'NONE', #12412, #4192, #3240, .T. ) ;
#10959 = VECTOR ( 'NONE', #990, 999.9999999999998863 ) ;
#10960 = DIRECTION ( 'NONE',  ( 0.000000000000000000, -1.733406087350420004E-16, 1.000000000000000000 ) ) ;
#10961 = ORIENTED_EDGE ( 'NONE', *, *, #3490, .F. ) ;
#10962 = AXIS2_PLACEMENT_3D ( 'NONE', #6253, #4507, #10229 ) ;
#10963 = CARTESIAN_POINT ( 'NONE',  ( 11.43000000000000327, 0.5080000000000006732, -2.022881810244994583 ) ) ;
#10964 = CARTESIAN_POINT ( 'NONE',  ( 14.85899999999999999, 7.239000000000000767, -0.8890000000000001235 ) ) ;
#10965 = SURFACE_STYLE_FILL_AREA ( #1909 ) ;
#10966 = DIRECTION ( 'NONE',  ( 0.000000000000000000, -1.733406087350420004E-16, 1.000000000000000000 ) ) ;
#10967 = CARTESIAN_POINT ( 'NONE',  ( -13.97000000000000064, 0.000000000000000000, 0.000000000000000000 ) ) ;
#10968 = EDGE_LOOP ( 'NONE', ( #12224, #3189, #6803, #1685 ) ) ;
#10969 = LINE ( 'NONE', #6137, #6600 ) ;
#10970 = PLANE ( 'NONE',  #10270 ) ;
#10971 = ORIENTED_EDGE ( 'NONE', *, *, #12624, .T. ) ;
#10972 = ORIENTED_EDGE ( 'NONE', *, *, #3222, .F. ) ;
#10973 = ADVANCED_FACE ( 'NONE', ( #8337 ), #1487, .F. ) ;
#10974 = VECTOR ( 'NONE', #5202, 1000.000000000000000 ) ;
#10975 = ORIENTED_EDGE ( 'NONE', *, *, #7866, .F. ) ;
#10976 = AXIS2_PLACEMENT_3D ( 'NONE', #12698, #7760, #6850 ) ;
#10977 = VECTOR ( 'NONE', #7247, 1000.000000000000000 ) ;
#10978 = PLANE ( 'NONE',  #10529 ) ;
#10979 = DIRECTION ( 'NONE',  ( -0.5773502691896268413, 0.5773502691896247319, -0.5773502691896256200 ) ) ;
#10980 = AXIS2_PLACEMENT_3D ( 'NONE', #10799, #5915, #7877 ) ;
#10981 = DIRECTION ( 'NONE',  ( 0.000000000000000000, 0.000000000000000000, -1.000000000000000000 ) ) ;
#10982 = PLANE ( 'NONE',  #233 ) ;
#10983 = CARTESIAN_POINT ( 'NONE',  ( 15.62099999999999866, 8.064500000000002444, -0.8890000000000001235 ) ) ;
#10984 = LINE ( 'NONE', #2063, #11707 ) ;
#10985 = EDGE_LOOP ( 'NONE', ( #4867, #10488, #10816, #8317 ) ) ;
#10986 = VERTEX_POINT ( 'NONE', #303 ) ;
#10987 = EDGE_LOOP ( 'NONE', ( #4884, #11508, #5811, #6175 ) ) ;
#10988 = VECTOR ( 'NONE', #10239, 999.9999999999998863 ) ;
#10989 = EDGE_CURVE ( 'NONE', #2824, #2913, #11191, .T. ) ;
#10990 = ORIENTED_EDGE ( 'NONE', *, *, #196, .T. ) ;
#10991 = DIRECTION ( 'NONE',  ( -0.000000000000000000, 1.019346266292635338E-16, 1.000000000000000000 ) ) ;
#10992 = CARTESIAN_POINT ( 'NONE',  ( 19.30400000000000205, -8.578981026812224210E-17, 2.158999999999999364 ) ) ;
#10993 =( NAMED_UNIT ( * ) PLANE_ANGLE_UNIT ( ) SI_UNIT ( $, .RADIAN. ) );
#10994 = CARTESIAN_POINT ( 'NONE',  ( 16.51000000000000156, 8.509000000000000341, -2.540000000000001812 ) ) ;
#10995 = PLANE ( 'NONE',  #12113 ) ;
#10996 = DIRECTION ( 'NONE',  ( -0.000000000000000000, 1.000000000000000000, 1.733406087350420004E-16 ) ) ;
#10997 = AXIS2_PLACEMENT_3D ( 'NONE', #1837, #9787, #991 ) ;
#10998 = FACE_OUTER_BOUND ( 'NONE', #12859, .T. ) ;
#10999 = ORIENTED_EDGE ( 'NONE', *, *, #1724, .T. ) ;
#11000 = ORIENTED_EDGE ( 'NONE', *, *, #5703, .F. ) ;
#11001 = ORIENTED_EDGE ( 'NONE', *, *, #147, .F. ) ;
#11002 = FILL_AREA_STYLE_COLOUR ( '', #4109 ) ;
#11003 = FACE_OUTER_BOUND ( 'NONE', #3261, .T. ) ;
#11004 = ORIENTED_EDGE ( 'NONE', *, *, #4222, .F. ) ;
#11005 = EDGE_CURVE ( 'NONE', #6630, #10842, #1421, .T. ) ;
#11006 = VECTOR ( 'NONE', #847, 1000.000000000000000 ) ;
#11007 = CARTESIAN_POINT ( 'NONE',  ( -11.42999999999999972, 0.5080000000000000071, 2.022881810244992806 ) ) ;
#11008 = CARTESIAN_POINT ( 'NONE',  ( -8.890000000000000568, 8.509000000000000341, -2.540000000000001812 ) ) ;
#11009 = CARTESIAN_POINT ( 'NONE',  ( 13.08099999999999952, 8.064499999999998892, 1.651000000000000023 ) ) ;
#11010 = DIRECTION ( 'NONE',  ( 0.000000000000000000, -1.000000000000000000, -3.058038798877906014E-16 ) ) ;
#11011 = CARTESIAN_POINT ( 'NONE',  ( 0.8255000000000033422, 8.509000000000000341, 0.4444999999999970086 ) ) ;
#11012 = DIRECTION ( 'NONE',  ( -0.000000000000000000, -0.000000000000000000, 1.000000000000000000 ) ) ;
#11013 = CARTESIAN_POINT ( 'NONE',  ( -19.30400000000000205, 8.509000000000000341, 2.540000000000001812 ) ) ;
#11014 = VERTEX_POINT ( 'NONE', #3312 ) ;
#11015 = DIRECTION ( 'NONE',  ( -1.000000000000000000, 0.000000000000000000, 0.000000000000000000 ) ) ;
#11016 = ORIENTED_EDGE ( 'NONE', *, *, #9136, .F. ) ;
#11017 = VECTOR ( 'NONE', #9838, 1000.000000000000000 ) ;
#11018 = PRODUCT_RELATED_PRODUCT_CATEGORY ( 'part', '', ( #11252 ) ) ;
#11019 = PLANE ( 'NONE',  #4494 ) ;
#11020 = ADVANCED_FACE ( 'NONE', ( #2386 ), #2263, .F. ) ;
#11021 = VERTEX_POINT ( 'NONE', #4288 ) ;
#11022 = ADVANCED_FACE ( 'NONE', ( #11250 ), #7225, .F. ) ;
#11023 = CARTESIAN_POINT ( 'NONE',  ( 4.953000000000002956, 7.810499999999998444, 1.143000000000000016 ) ) ;
#11024 = CARTESIAN_POINT ( 'NONE',  ( -5.460999999999998522, 8.064500000000002444, -0.8890000000000001235 ) ) ;
#11025 = EDGE_CURVE ( 'NONE', #12405, #9706, #7489, .T. ) ;
#11026 = EDGE_CURVE ( 'NONE', #1439, #5773, #5330, .T. ) ;
#11027 = CARTESIAN_POINT ( 'NONE',  ( -8.890000000000000568, 8.509000000000000341, -2.540000000000001812 ) ) ;
#11028 = ADVANCED_FACE ( 'NONE', ( #9384 ), #435, .F. ) ;
#11029 = FACE_OUTER_BOUND ( 'NONE', #10434, .T. ) ;
#11030 = EDGE_LOOP ( 'NONE', ( #10561, #6662, #5914, #12843 ) ) ;
#11031 = CARTESIAN_POINT ( 'NONE',  ( -2.159000000000001140, 7.239000000000000767, -0.8890000000000001235 ) ) ;
#11032 = EDGE_CURVE ( 'NONE', #2176, #6864, #1813, .T. ) ;
#11033 = CARTESIAN_POINT ( 'NONE',  ( 0.1961031209927689978, -3.200400000000000134, 1.066800000000000415 ) ) ;
#11034 = ORIENTED_EDGE ( 'NONE', *, *, #4254, .T. ) ;
#11035 = AXIS2_PLACEMENT_3D ( 'NONE', #8361, #7182, #6201 ) ;
#11036 = ADVANCED_FACE ( 'NONE', ( #6706, #1687, #5792 ), #7553, .F. ) ;
#11037 = ORIENTED_EDGE ( 'NONE', *, *, #1562, .F. ) ;
#11038 = ADVANCED_FACE ( 'NONE', ( #1553 ), #12751, .F. ) ;
#11039 = CARTESIAN_POINT ( 'NONE',  ( -13.97000000000000064, 0.000000000000000000, 2.539999999999999147 ) ) ;
#11040 = ADVANCED_FACE ( 'NONE', ( #3710 ), #3833, .F. ) ;
#11041 =( LENGTH_UNIT ( ) NAMED_UNIT ( * ) SI_UNIT ( .MILLI., .METRE. ) );
#11042 = CARTESIAN_POINT ( 'NONE',  ( -6.349999999999999645, -8.578981026812224210E-17, 2.158999999999999364 ) ) ;
#11043 = CARTESIAN_POINT ( 'NONE',  ( 17.39900000000000091, 7.239000000000000767, -0.8890000000000001235 ) ) ;
#11044 = DIRECTION ( 'NONE',  ( 0.000000000000000000, 1.000000000000000000, 3.058038798877906014E-16 ) ) ;
#11045 = PLANE ( 'NONE',  #11289 ) ;
#11046 = ORIENTED_EDGE ( 'NONE', *, *, #1076, .T. ) ;
#11047 = VERTEX_POINT ( 'NONE', #2657 ) ;
#11048 = ORIENTED_EDGE ( 'NONE', *, *, #12129, .T. ) ;
#11049 = PRODUCT_DEFINITION_SHAPE ( 'NONE', 'NONE',  #12893 ) ;
#11050 = ORIENTED_EDGE ( 'NONE', *, *, #8649, .T. ) ;
#11051 = DIRECTION ( 'NONE',  ( -1.000000000000000000, -0.000000000000000000, -0.000000000000000000 ) ) ;
#11052 = CARTESIAN_POINT ( 'NONE',  ( 13.08099999999999952, 7.239000000000000767, -0.8890000000000001235 ) ) ;
#11053 = EDGE_CURVE ( 'NONE', #6593, #10379, #10731, .T. ) ;
#11054 = FACE_OUTER_BOUND ( 'NONE', #2552, .T. ) ;
#11055 = CARTESIAN_POINT ( 'NONE',  ( 17.39900000000000091, 7.239000000000000767, -1.651000000000000023 ) ) ;
#11056 = DIRECTION ( 'NONE',  ( 0.000000000000000000, -1.000000000000000000, 0.000000000000000000 ) ) ;
#11057 = DIRECTION ( 'NONE',  ( -0.000000000000000000, 1.000000000000000000, 1.733406087350420004E-16 ) ) ;
#11058 = EDGE_LOOP ( 'NONE', ( #24, #1552, #5199, #3255, #4989, #3867, #11806, #12873 ) ) ;
#11059 = ORIENTED_EDGE ( 'NONE', *, *, #8327, .F. ) ;
#11060 = ORIENTED_EDGE ( 'NONE', *, *, #12788, .F. ) ;
#11061 = EDGE_CURVE ( 'NONE', #12157, #3576, #11708, .T. ) ;
#11062 = AXIS2_PLACEMENT_3D ( 'NONE', #1599, #2632, #9557 ) ;
#11063 = DIRECTION ( 'NONE',  ( -0.000000000000000000, 1.000000000000000000, 1.733406087350420004E-16 ) ) ;
#11064 = VERTEX_POINT ( 'NONE', #9642 ) ;
#11065 = VECTOR ( 'NONE', #1110, 1000.000000000000000 ) ;
#11066 = DIRECTION ( 'NONE',  ( -0.5773502691896259531, -0.5773502691896237327, -0.5773502691896276184 ) ) ;
#11067 = LINE ( 'NONE', #8086, #9940 ) ;
#11068 = AXIS2_PLACEMENT_3D ( 'NONE', #4161, #4102, #2202 ) ;
#11069 = CARTESIAN_POINT ( 'NONE',  ( 13.08099999999999952, 8.064499999999998892, 1.650999999999999801 ) ) ;
#11070 = LINE ( 'NONE', #7294, #10321 ) ;
#11071 = FACE_OUTER_BOUND ( 'NONE', #1490, .T. ) ;
#11072 = PLANE ( 'NONE',  #9556 ) ;
#11073 = LINE ( 'NONE', #3126, #9078 ) ;
#11074 = ORIENTED_EDGE ( 'NONE', *, *, #275, .F. ) ;
#11075 = ORIENTED_EDGE ( 'NONE', *, *, #12393, .T. ) ;
#11076 = ADVANCED_FACE ( 'NONE', ( #5603 ), #640, .F. ) ;
#11077 = LINE ( 'NONE', #2153, #555 ) ;
#11078 = CARTESIAN_POINT ( 'NONE',  ( -2.159000000000001140, 8.064499999999998892, 1.651000000000000023 ) ) ;
#11079 = ORIENTED_EDGE ( 'NONE', *, *, #4254, .F. ) ;
#11080 = VECTOR ( 'NONE', #35, 999.9999999999998863 ) ;
#11081 = VECTOR ( 'NONE', #4651, 1000.000000000000000 ) ;
#11082 = CARTESIAN_POINT ( 'NONE',  ( 6.794499999999998430, 8.509000000000000341, 2.095500000000002139 ) ) ;
#11083 = ORIENTED_EDGE ( 'NONE', *, *, #7786, .F. ) ;
#11084 = EDGE_CURVE ( 'NONE', #1761, #1074, #6771, .T. ) ;
#11085 = DIRECTION ( 'NONE',  ( -1.000000000000000000, 0.000000000000000000, 0.000000000000000000 ) ) ;
#11086 = CARTESIAN_POINT ( 'NONE',  ( 6.350000000000001421, 8.509000000000000341, 2.540000000000001812 ) ) ;
#11087 = AXIS2_PLACEMENT_3D ( 'NONE', #9794, #3801, #10763 ) ;
#11088 = DIRECTION ( 'NONE',  ( 0.000000000000000000, 2.251701056906096594E-16, 1.000000000000000000 ) ) ;
#11089 = DIRECTION ( 'NONE',  ( -0.000000000000000000, 1.000000000000000000, 5.691349986800550837E-16 ) ) ;
#11090 = ORIENTED_EDGE ( 'NONE', *, *, #11752, .F. ) ;
#11091 = FACE_OUTER_BOUND ( 'NONE', #8591, .T. ) ;
#11092 = CARTESIAN_POINT ( 'NONE',  ( -6.349999999999999645, 0.000000000000000000, 2.539999999999999147 ) ) ;
#11093 = VERTEX_POINT ( 'NONE', #5665 ) ;
#11094 = LINE ( 'NONE', #2168, #6549 ) ;
#11095 = EDGE_CURVE ( 'NONE', #9565, #9466, #7615, .T. ) ;
#11096 = ORIENTED_EDGE ( 'NONE', *, *, #8733, .F. ) ;
#11097 = DIRECTION ( 'NONE',  ( -0.000000000000000000, 0.2588190451025140781, 0.9659258262890700886 ) ) ;
#11098 = CARTESIAN_POINT ( 'NONE',  ( -2.920999999999999819, 8.064499999999998892, 0.8889999999999999014 ) ) ;
#11099 = DIRECTION ( 'NONE',  ( 0.000000000000000000, -1.000000000000000000, 0.000000000000000000 ) ) ;
#11100 = DIRECTION ( 'NONE',  ( 0.000000000000000000, 0.000000000000000000, -1.000000000000000000 ) ) ;
#11101 = DIRECTION ( 'NONE',  ( 0.000000000000000000, 0.000000000000000000, -1.000000000000000000 ) ) ;
#11102 = VERTEX_POINT ( 'NONE', #572 ) ;
#11103 = ORIENTED_EDGE ( 'NONE', *, *, #12499, .F. ) ;
#11104 = ADVANCED_FACE ( 'NONE', ( #2719 ), #2524, .F. ) ;
#11105 = EDGE_LOOP ( 'NONE', ( #252, #3357, #853, #12730 ) ) ;
#11106 = EDGE_CURVE ( 'NONE', #3493, #10898, #1624, .T. ) ;
#11107 = VECTOR ( 'NONE', #5711, 1000.000000000000000 ) ;
#11108 = EDGE_CURVE ( 'NONE', #1858, #3327, #9581, .T. ) ;
#11109 = VERTEX_POINT ( 'NONE', #11579 ) ;
#11110 = FACE_OUTER_BOUND ( 'NONE', #9013, .T. ) ;
#11111 = CARTESIAN_POINT ( 'NONE',  ( -0.1961031209927689145, -3.200400000000000134, -1.473199999999999843 ) ) ;
#11112 = PRESENTATION_STYLE_ASSIGNMENT (( #7091 ) ) ;
#11113 = DIRECTION ( 'NONE',  ( 1.000000000000000000, 0.000000000000000000, 0.000000000000000000 ) ) ;
#11114 = DIRECTION ( 'NONE',  ( -1.000000000000000000, 0.000000000000000000, 0.000000000000000000 ) ) ;
#11115 = DIRECTION ( 'NONE',  ( 0.000000000000000000, 0.9659258262890700886, -0.2588190451025140781 ) ) ;
#11116 = DIRECTION ( 'NONE',  ( 0.000000000000000000, 1.000000000000000000, 1.733406087350420004E-16 ) ) ;
#11117 = VERTEX_POINT ( 'NONE', #10605 ) ;
#11118 = ORIENTED_EDGE ( 'NONE', *, *, #1149, .F. ) ;
#11119 = VERTEX_POINT ( 'NONE', #12489 ) ;
#11120 = CARTESIAN_POINT ( 'NONE',  ( 2.159000000000001140, 8.064500000000002444, -0.8890000000000001235 ) ) ;
#11121 = EDGE_CURVE ( 'NONE', #4189, #10935, #6648, .T. ) ;
#11122 = DIRECTION ( 'NONE',  ( 0.000000000000000000, 1.000000000000000000, 1.733406087350420004E-16 ) ) ;
#11123 = EDGE_CURVE ( 'NONE', #2072, #1877, #12618, .T. ) ;
#11125 = DIRECTION ( 'NONE',  ( 0.000000000000000000, -0.9659258262890700886, 0.2588190451025140781 ) ) ;
#11124 = AXIS2_PLACEMENT_3D ( 'NONE', #4317, #3403, #8298 ) ;
#11126 = DIRECTION ( 'NONE',  ( -0.000000000000000000, 1.000000000000000000, 1.733406087350420004E-16 ) ) ;
#11127 = DIRECTION ( 'NONE',  ( -0.000000000000000000, 1.000000000000000000, 1.733406087350420004E-16 ) ) ;
#11128 = FACE_BOUND ( 'NONE', #4429, .T. ) ;
#11129 = DIRECTION ( 'NONE',  ( 0.000000000000000000, 1.000000000000000000, -1.019346266292635338E-16 ) ) ;
#11130 = LINE ( 'NONE', #6187, #6145 ) ;
#11131 = VERTEX_POINT ( 'NONE', #10667 ) ;
#11132 = VERTEX_POINT ( 'NONE', #1748 ) ;
#11133 = DIRECTION ( 'NONE',  ( 0.000000000000000000, 0.000000000000000000, 1.000000000000000000 ) ) ;
#11134 = VECTOR ( 'NONE', #10575, 1000.000000000000000 ) ;
#11135 = FACE_OUTER_BOUND ( 'NONE', #724, .T. ) ;
#11136 = ORIENTED_EDGE ( 'NONE', *, *, #191, .F. ) ;
#11137 = ORIENTED_EDGE ( 'NONE', *, *, #3335, .F. ) ;
#11138 = VECTOR ( 'NONE', #3069, 1000.000000000000000 ) ;
#11139 = VECTOR ( 'NONE', #8927, 1000.000000000000000 ) ;
#11140 = EDGE_CURVE ( 'NONE', #2003, #4942, #4756, .T. ) ;
#11141 = CARTESIAN_POINT ( 'NONE',  ( 7.239000000000002544, 8.064500000000002444, -1.650999999999999801 ) ) ;
#11142 = ORIENTED_EDGE ( 'NONE', *, *, #428, .F. ) ;
#11143 = EDGE_CURVE ( 'NONE', #1294, #1604, #3901, .T. ) ;
#11144 = VECTOR ( 'NONE', #5254, 1000.000000000000114 ) ;
#11145 = LINE ( 'NONE', #326, #1392 ) ;
#11146 = CARTESIAN_POINT ( 'NONE',  ( 18.60550000000000281, 8.509000000000000341, 2.095500000000002139 ) ) ;
#11147 = VECTOR ( 'NONE', #5230, 1000.000000000000000 ) ;
#11148 = PRODUCT_DEFINITION_SHAPE ( 'NONE', 'NONE',  #592 ) ;
#11149 = CARTESIAN_POINT ( 'NONE',  ( -18.16100000000000136, 8.064499999999998892, 1.650999999999999801 ) ) ;
#11150 = VECTOR ( 'NONE', #12070, 1000.000000000000000 ) ;
#11151 = LINE ( 'NONE', #9021, #4195 ) ;
#11152 = EDGE_LOOP ( 'NONE', ( #11222, #5961, #2440, #6814 ) ) ;
#11153 = PLANE ( 'NONE',  #9505 ) ;
#11154 = DIRECTION ( 'NONE',  ( 0.000000000000000000, 1.000000000000000000, 1.733406087350420004E-16 ) ) ;
#11155 = VERTEX_POINT ( 'NONE', #5233 ) ;
#11156 = CARTESIAN_POINT ( 'NONE',  ( -2.920999999999999819, 7.239000000000000767, 0.8889999999999997904 ) ) ;
#11157 = VECTOR ( 'NONE', #2497, 1000.000000000000000 ) ;
#11158 = EDGE_CURVE ( 'NONE', #1333, #2932, #3040, .T. ) ;
#11159 = VECTOR ( 'NONE', #5157, 1000.000000000000000 ) ;
#11160 = LINE ( 'NONE', #11224, #4257 ) ;
#11161 = ORIENTED_EDGE ( 'NONE', *, *, #1002, .F. ) ;
#11162 = EDGE_CURVE ( 'NONE', #7594, #1328, #905, .T. ) ;
#11163 = DIRECTION ( 'NONE',  ( -0.000000000000000000, 1.000000000000000000, 1.733406087350420004E-16 ) ) ;
#11164 = CONTEXT_DEPENDENT_SHAPE_REPRESENTATION ( #9567, #9406 ) ;
#11165 = LINE ( 'NONE', #4263, #5736 ) ;
#11166 = CARTESIAN_POINT ( 'NONE',  ( 5.080000000000000071, 7.239000000000000767, -2.201425730935033664E-16 ) ) ;
#11167 = FACE_OUTER_BOUND ( 'NONE', #4445, .T. ) ;
#11168 = VECTOR ( 'NONE', #8534, 1000.000000000000000 ) ;
#11169 = CARTESIAN_POINT ( 'NONE',  ( 14.85899999999999999, 8.064499999999998892, 1.651000000000000023 ) ) ;
#11170 = ORIENTED_EDGE ( 'NONE', *, *, #7539, .T. ) ;
#11171 = VERTEX_POINT ( 'NONE', #9212 ) ;
#11172 = VERTEX_POINT ( 'NONE', #272 ) ;
#11173 =( GEOMETRIC_REPRESENTATION_CONTEXT ( 3 ) GLOBAL_UNCERTAINTY_ASSIGNED_CONTEXT ( ( #8311 ) ) GLOBAL_UNIT_ASSIGNED_CONTEXT ( ( #1187, #12057, #7002 ) ) REPRESENTATION_CONTEXT ( 'NONE', 'WORKASPACE' ) );
#11174 = AXIS2_PLACEMENT_3D ( 'NONE', #6130, #2284, #5415 ) ;
#11175 = VERTEX_POINT ( 'NONE', #12876 ) ;
#11176 = VECTOR ( 'NONE', #2000, 1000.000000000000000 ) ;
#11177 = DIRECTION ( 'NONE',  ( 0.000000000000000000, 0.000000000000000000, 1.000000000000000000 ) ) ;
#11178 = EDGE_CURVE ( 'NONE', #6005, #6497, #8236, .T. ) ;
#11179 = LINE ( 'NONE', #7089, #8085 ) ;
#11180 = EDGE_CURVE ( 'NONE', #2231, #210, #4251, .T. ) ;
#11181 =( NAMED_UNIT ( * ) SI_UNIT ( $, .STERADIAN. ) SOLID_ANGLE_UNIT ( ) );
#11182 = DIRECTION ( 'NONE',  ( 0.000000000000000000, 0.2588190451025140226, -0.9659258262890701996 ) ) ;
#11183 = DIRECTION ( 'NONE',  ( 0.000000000000000000, -2.251701056906096594E-16, -1.000000000000000000 ) ) ;
#11184 = EDGE_CURVE ( 'NONE', #2587, #432, #10924, .T. ) ;
#11185 = PLANE ( 'NONE',  #9016 ) ;
#11186 = EDGE_CURVE ( 'NONE', #11270, #7874, #11955, .T. ) ;
#11187 = CARTESIAN_POINT ( 'NONE',  ( -2.413000000000002032, 7.810500000000001997, -1.396999999999998021 ) ) ;
#11188 = ORIENTED_EDGE ( 'NONE', *, *, #1789, .T. ) ;
#11189 = ORIENTED_EDGE ( 'NONE', *, *, #5511, .T. ) ;
#11190 = ORIENTED_EDGE ( 'NONE', *, *, #358, .F. ) ;
#11191 = LINE ( 'NONE', #12158, #1397 ) ;
#11192 = AXIS2_PLACEMENT_3D ( 'NONE', #3995, #9934, #4056 ) ;
#11193 = EDGE_CURVE ( 'NONE', #9546, #12795, #10858, .T. ) ;
#11194 = ORIENTED_EDGE ( 'NONE', *, *, #7514, .F. ) ;
#11195 = AXIS2_PLACEMENT_3D ( 'NONE', #11236, #3425, #12207 ) ;
#11196 = DIRECTION ( 'NONE',  ( 0.000000000000000000, 0.000000000000000000, 1.000000000000000000 ) ) ;
#11197 = VECTOR ( 'NONE', #5538, 1000.000000000000000 ) ;
#11198 = DIRECTION ( 'NONE',  ( -0.000000000000000000, 1.000000000000000000, 1.607907343367028359E-16 ) ) ;
#11199 = CARTESIAN_POINT ( 'NONE',  ( -19.30400000000000205, 8.509000000000000341, -2.540000000000001812 ) ) ;
#11200 = LINE ( 'NONE', #2205, #2002 ) ;
#11201 = CARTESIAN_POINT ( 'NONE',  ( 5.461000000000000298, 8.064499999999998892, 1.651000000000000023 ) ) ;
#11202 = ADVANCED_FACE ( 'NONE', ( #2294 ), #7025, .F. ) ;
#11203 = PLANE ( 'NONE',  #12254 ) ;
#11204 = PLANE ( 'NONE',  #6366 ) ;
#11205 = EDGE_LOOP ( 'NONE', ( #2584, #9748, #176, #12035 ) ) ;
#11206 = EDGE_LOOP ( 'NONE', ( #10198, #10630, #355, #12342 ) ) ;
#11207 = PLANE ( 'NONE',  #10962 ) ;
#11208 = CARTESIAN_POINT ( 'NONE',  ( 3.810000000000000941, 0.000000000000000000, 0.000000000000000000 ) ) ;
#11209 = EDGE_LOOP ( 'NONE', ( #10764, #2248, #1968, #8639 ) ) ;
#11210 = EDGE_LOOP ( 'NONE', ( #4979, #5789, #8590, #2472, #4560, #1190, #4742, #7237 ) ) ;
#11211 = ORIENTED_EDGE ( 'NONE', *, *, #2962, .F. ) ;
#11212 = CARTESIAN_POINT ( 'NONE',  ( 1.270000000000000240, 8.509000000000000341, 2.540000000000001812 ) ) ;
#11213 = CARTESIAN_POINT ( 'NONE',  ( -8.000999999999999446, 8.064499999999998892, 0.8889999999999999014 ) ) ;
#11214 = EDGE_CURVE ( 'NONE', #8201, #1844, #1939, .T. ) ;
#11215 = CARTESIAN_POINT ( 'NONE',  ( 7.239000000000002544, 7.239000000000000767, 0.8889999999999997904 ) ) ;
#11216 = VECTOR ( 'NONE', #3969, 1000.000000000000000 ) ;
#11217 = CARTESIAN_POINT ( 'NONE',  ( -15.62099999999999866, 7.239000000000000767, 0.8889999999999997904 ) ) ;
#11218 = LINE ( 'NONE', #9997, #9829 ) ;
#11219 = ORIENTED_EDGE ( 'NONE', *, *, #4174, .F. ) ;
#11220 = DIRECTION ( 'NONE',  ( 0.000000000000000000, -1.000000000000000000, 0.000000000000000000 ) ) ;
#11221 = CARTESIAN_POINT ( 'NONE',  ( -13.97000000000000064, 8.509000000000000341, 2.540000000000001812 ) ) ;
#11222 = ORIENTED_EDGE ( 'NONE', *, *, #406, .T. ) ;
#11223 = CARTESIAN_POINT ( 'NONE',  ( -0.1961031209927689145, -3.200400000000000134, 1.473199999999999843 ) ) ;
#11224 = CARTESIAN_POINT ( 'NONE',  ( 0.3809999999999993947, 8.064499999999998892, 1.650999999999999801 ) ) ;
#11225 = ORIENTED_EDGE ( 'NONE', *, *, #3818, .T. ) ;
#11226 = LINE ( 'NONE', #5366, #10314 ) ;
#11227 = LINE ( 'NONE', #7461, #3633 ) ;
#11228 = LINE ( 'NONE', #3552, #10507 ) ;
#11229 = CARTESIAN_POINT ( 'NONE',  ( 4.699000000000001620, 8.064500000000002444, -0.8890000000000001235 ) ) ;
#11230 = PLANE ( 'NONE',  #9283 ) ;
#11231 = DIRECTION ( 'NONE',  ( -0.000000000000000000, 1.000000000000000000, 1.733406087350420004E-16 ) ) ;
#11232 = VERTEX_POINT ( 'NONE', #8920 ) ;
#11233 = ORIENTED_EDGE ( 'NONE', *, *, #1791, .T. ) ;
#11234 = ORIENTED_EDGE ( 'NONE', *, *, #4240, .T. ) ;
#11235 = EDGE_CURVE ( 'NONE', #4804, #11311, #5850, .T. ) ;
#11236 = CARTESIAN_POINT ( 'NONE',  ( 13.97000000000000064, 8.509000000000000341, 2.540000000000001812 ) ) ;
#11237 = ORIENTED_EDGE ( 'NONE', *, *, #9086, .T. ) ;
#11238 = CARTESIAN_POINT ( 'NONE',  ( 5.461000000000000298, 7.239000000000000767, -0.8890000000000001235 ) ) ;
#11239 = DIRECTION ( 'NONE',  ( 0.000000000000000000, -1.000000000000000000, -1.733406087350420004E-16 ) ) ;
#11240 = VECTOR ( 'NONE', #7377, 1000.000000000000000 ) ;
#11241 = EDGE_CURVE ( 'NONE', #3194, #792, #1317, .T. ) ;
#11242 =( NAMED_UNIT ( * ) SI_UNIT ( $, .STERADIAN. ) SOLID_ANGLE_UNIT ( ) );
#11243 = CARTESIAN_POINT ( 'NONE',  ( -15.62099999999999866, 8.064500000000002444, -0.8890000000000000124 ) ) ;
#11244 = LINE ( 'NONE', #6106, #12507 ) ;
#11245 = LINE ( 'NONE', #12153, #12108 ) ;
#11246 = FACE_OUTER_BOUND ( 'NONE', #10335, .T. ) ;
#11247 = ORIENTED_EDGE ( 'NONE', *, *, #3696, .F. ) ;
#11248 = EDGE_LOOP ( 'NONE', ( #10729, #10425, #1919, #650, #523, #11359, #5480, #10346 ) ) ;
#11249 = ORIENTED_EDGE ( 'NONE', *, *, #5414, .F. ) ;
#11250 = FACE_OUTER_BOUND ( 'NONE', #1874, .T. ) ;
#11251 = ORIENTED_EDGE ( 'NONE', *, *, #1653, .T. ) ;
#11252 = PRODUCT ( 'NPTC152LFBN-RC', 'NPTC152LFBN-RC', '', ( #10722 ) ) ;
#11253 = ADVANCED_FACE ( 'NONE', ( #40 ), #337, .F. ) ;
#11254 = EDGE_CURVE ( 'NONE', #2400, #11526, #5979, .T. ) ;
#11255 = LINE ( 'NONE', #12230, #1718 ) ;
#11256 = DIRECTION ( 'NONE',  ( 0.5773502691896268413, 0.5773502691896247319, -0.5773502691896256200 ) ) ;
#11257 = EDGE_CURVE ( 'NONE', #11303, #4493, #1875, .T. ) ;
#11258 = PLANE ( 'NONE',  #5769 ) ;
#11259 = LINE ( 'NONE', #7048, #2680 ) ;
#11260 = DIRECTION ( 'NONE',  ( -0.000000000000000000, 1.000000000000000000, 1.733406087350420004E-16 ) ) ;
#11261 = DIRECTION ( 'NONE',  ( 0.000000000000000000, 1.000000000000000000, -2.251701056906096594E-16 ) ) ;
#11262 = LINE ( 'NONE', #10291, #8115 ) ;
#11263 = VECTOR ( 'NONE', #6778, 1000.000000000000000 ) ;
#11264 = LINE ( 'NONE', #2652, #11774 ) ;
#11265 = ORIENTED_EDGE ( 'NONE', *, *, #3993, .T. ) ;
#11266 = EDGE_LOOP ( 'NONE', ( #6252, #12538, #8304, #11925 ) ) ;
#11267 = FACE_OUTER_BOUND ( 'NONE', #11672, .T. ) ;
#11268 = PLANE ( 'NONE',  #12010 ) ;
#11269 = VERTEX_POINT ( 'NONE', #8001 ) ;
#11270 = VERTEX_POINT ( 'NONE', #11156 ) ;
#11271 = EDGE_CURVE ( 'NONE', #8518, #7742, #4883, .T. ) ;
#11272 = EDGE_CURVE ( 'NONE', #5886, #12446, #11835, .T. ) ;
#11273 = VECTOR ( 'NONE', #5643, 1000.000000000000000 ) ;
#11274 = ORIENTED_EDGE ( 'NONE', *, *, #10693, .T. ) ;
#11275 = CARTESIAN_POINT ( 'NONE',  ( -0.3809999999999993947, 7.239000000000000767, -0.8890000000000001235 ) ) ;
#11276 = PLANE ( 'NONE',  #3512 ) ;
#11277 = PLANE ( 'NONE',  #3442 ) ;
#11278 = CARTESIAN_POINT ( 'NONE',  ( -6.349999999999999645, 0.5080000000000006732, -2.022881810244994583 ) ) ;
#11279 = VERTEX_POINT ( 'NONE', #535 ) ;
#11280 = AXIS2_PLACEMENT_3D ( 'NONE', #10535, #1549, #7680 ) ;
#11281 = CARTESIAN_POINT ( 'NONE',  ( 11.43000000000000327, 6.505213034913026604E-16, -2.540000000000000924 ) ) ;
#11282 = PLANE ( 'NONE',  #476 ) ;
#11283 = VECTOR ( 'NONE', #6534, 1000.000000000000000 ) ;
#11284 = EDGE_LOOP ( 'NONE', ( #5879, #2717, #1980, #3497 ) ) ;
#11285 = PLANE ( 'NONE',  #5794 ) ;
#11286 = ADVANCED_FACE ( 'NONE', ( #8559 ), #1590, .F. ) ;
#11287 = FACE_BOUND ( 'NONE', #2323, .T. ) ;
#11288 = ORIENTED_EDGE ( 'NONE', *, *, #3378, .T. ) ;
#11289 = AXIS2_PLACEMENT_3D ( 'NONE', #5062, #3351, #6093 ) ;
#11290 = DIRECTION ( 'NONE',  ( 0.000000000000000000, 0.000000000000000000, 1.000000000000000000 ) ) ;
#11291 = EDGE_CURVE ( 'NONE', #12506, #4608, #3409, .T. ) ;
#11292 = SURFACE_SIDE_STYLE ('',( #2238 ) ) ;
#11293 = FACE_BOUND ( 'NONE', #2456, .T. ) ;
#11294 = LINE ( 'NONE', #6416, #11273 ) ;
#11295 = LINE ( 'NONE', #6625, #1795 ) ;
#11296 = DIRECTION ( 'NONE',  ( 0.000000000000000000, 0.000000000000000000, -1.000000000000000000 ) ) ;
#11297 = ORIENTED_EDGE ( 'NONE', *, *, #4301, .T. ) ;
#11298 = ORIENTED_EDGE ( 'NONE', *, *, #4027, .T. ) ;
#11299 = EDGE_LOOP ( 'NONE', ( #4738, #8692, #917, #6526 ) ) ;
#11300 = LINE ( 'NONE', #2307, #165 ) ;
#11301 = AXIS2_PLACEMENT_3D ( 'NONE', #11686, #1857, #10710 ) ;
#11302 = VERTEX_POINT ( 'NONE', #5498 ) ;
#11303 = VERTEX_POINT ( 'NONE', #11413 ) ;
#11304 = LINE ( 'NONE', #3501, #4720 ) ;
#11305 = CARTESIAN_POINT ( 'NONE',  ( -6.349999999999999645, 6.505213034913026604E-16, -2.540000000000000924 ) ) ;
#11306 = ADVANCED_FACE ( 'NONE', ( #6403 ), #11285, .F. ) ;
#11307 = DIRECTION ( 'NONE',  ( 0.000000000000000000, 0.000000000000000000, -1.000000000000000000 ) ) ;
#11308 = CARTESIAN_POINT ( 'NONE',  ( 10.54100000000000215, 7.239000000000000767, -0.8890000000000001235 ) ) ;
#11309 = DIRECTION ( 'NONE',  ( 0.000000000000000000, 0.9659258262890700886, -0.2588190451025140781 ) ) ;
#11310 = CARTESIAN_POINT ( 'NONE',  ( 6.794499999999998430, 8.509000000000000341, 0.4444999999999970086 ) ) ;
#11311 = VERTEX_POINT ( 'NONE', #3479 ) ;
#11312 = ORIENTED_EDGE ( 'NONE', *, *, #4199, .T. ) ;
#11313 = VERTEX_POINT ( 'NONE', #2557 ) ;
#11314 = CARTESIAN_POINT ( 'NONE',  ( -8.000999999999999446, 7.239000000000000767, 0.8889999999999997904 ) ) ;
#11315 = EDGE_CURVE ( 'NONE', #8556, #9361, #473, .T. ) ;
#11316 = VERTEX_POINT ( 'NONE', #10506 ) ;
#11317 = CARTESIAN_POINT ( 'NONE',  ( -5.460999999999998522, 7.239000000000000767, 0.8889999999999997904 ) ) ;
#11318 = DIRECTION ( 'NONE',  ( 0.000000000000000000, -1.000000000000000000, 0.000000000000000000 ) ) ;
#11319 = AXIS2_PLACEMENT_3D ( 'NONE', #6631, #7400, #4545 ) ;
#11320 = DIRECTION ( 'NONE',  ( -0.000000000000000000, -0.000000000000000000, 1.000000000000000000 ) ) ;
#11321 = DIRECTION ( 'NONE',  ( -0.000000000000000000, -0.000000000000000000, 1.000000000000000000 ) ) ;
#11322 = DIRECTION ( 'NONE',  ( -0.000000000000000000, 1.000000000000000000, 1.733406087350420004E-16 ) ) ;
#11323 = DIRECTION ( 'NONE',  ( -0.000000000000000000, 1.000000000000000000, 1.733406087350420004E-16 ) ) ;
#11324 = CARTESIAN_POINT ( 'NONE',  ( 0.3810000000000000053, 0.5079999999999997851, -1.473200000000000953 ) ) ;
#11325 = PLANE ( 'NONE',  #9493 ) ;
#11326 = VERTEX_POINT ( 'NONE', #7452 ) ;
#11327 = VERTEX_POINT ( 'NONE', #1455 ) ;
#11328 = LINE ( 'NONE', #4576, #1630 ) ;
#11329 = ORIENTED_EDGE ( 'NONE', *, *, #11582, .T. ) ;
#11330 = EDGE_LOOP ( 'NONE', ( #11394, #12175, #4549, #11514 ) ) ;
#11331 = VECTOR ( 'NONE', #7736, 1000.000000000000000 ) ;
#11332 = ORIENTED_EDGE ( 'NONE', *, *, #5149, .F. ) ;
#11333 = CARTESIAN_POINT ( 'NONE',  ( -5.460999999999998522, 8.064499999999998892, 1.651000000000000023 ) ) ;
#11334 = CARTESIAN_POINT ( 'NONE',  ( 0.3810000000000000053, 0.5079999999999998961, -1.066800000000001303 ) ) ;
#11335 = EDGE_CURVE ( 'NONE', #693, #8488, #9351, .T. ) ;
#11336 = EDGE_CURVE ( 'NONE', #7874, #10331, #4462, .T. ) ;
#11337 = CARTESIAN_POINT ( 'NONE',  ( 6.350000000000001421, 0.000000000000000000, 0.000000000000000000 ) ) ;
#11338 = VECTOR ( 'NONE', #11546, 999.9999999999998863 ) ;
#11339 = DIRECTION ( 'NONE',  ( -1.000000000000000000, 0.000000000000000000, 0.000000000000000000 ) ) ;
#11340 = CARTESIAN_POINT ( 'NONE',  ( 2.920999999999999819, 7.239000000000000767, -0.8890000000000001235 ) ) ;
#11341 = ORIENTED_EDGE ( 'NONE', *, *, #4711, .F. ) ;
#11342 = AXIS2_PLACEMENT_3D ( 'NONE', #264, #8229, #8362 ) ;
#11343 = CARTESIAN_POINT ( 'NONE',  ( 18.60549999999999926, 8.509000000000000341, -2.540000000000001812 ) ) ;
#11344 = ADVANCED_FACE ( 'NONE', ( #11346 ), #9547, .F. ) ;
#11345 = ORIENTED_EDGE ( 'NONE', *, *, #11561, .T. ) ;
#11346 = FACE_OUTER_BOUND ( 'NONE', #8286, .T. ) ;
#11347 = EDGE_CURVE ( 'NONE', #3358, #3352, #5425, .T. ) ;
#11348 = VECTOR ( 'NONE', #12867, 1000.000000000000000 ) ;
#11349 = LINE ( 'NONE', #9150, #5486 ) ;
#11350 = VERTEX_POINT ( 'NONE', #4392 ) ;
#11351 = AXIS2_PLACEMENT_3D ( 'NONE', #11767, #11642, #9956 ) ;
#11352 = CARTESIAN_POINT ( 'NONE',  ( -1.270000000000000240, 0.5080000000000006732, -2.022881810244994583 ) ) ;
#11353 = VECTOR ( 'NONE', #10419, 1000.000000000000000 ) ;
#11354 = CARTESIAN_POINT ( 'NONE',  ( 0.3809999999999993947, 8.064500000000002444, -1.650999999999999801 ) ) ;
#11355 = PLANE ( 'NONE',  #2321 ) ;
#11356 = EDGE_CURVE ( 'NONE', #3091, #1844, #12260, .T. ) ;
#11357 = CARTESIAN_POINT ( 'NONE',  ( 6.350000000000001421, 0.000000000000000000, 2.539999999999999147 ) ) ;
#11358 = DIRECTION ( 'NONE',  ( -0.000000000000000000, -0.000000000000000000, 1.000000000000000000 ) ) ;
#11359 = ORIENTED_EDGE ( 'NONE', *, *, #6326, .T. ) ;
#11360 = ORIENTED_EDGE ( 'NONE', *, *, #5455, .T. ) ;
#11361 = ORIENTED_EDGE ( 'NONE', *, *, #2044, .F. ) ;
#11362 = FACE_OUTER_BOUND ( 'NONE', #6735, .T. ) ;
#11363 = ORIENTED_EDGE ( 'NONE', *, *, #7861, .F. ) ;
#11364 = VECTOR ( 'NONE', #8499, 1000.000000000000000 ) ;
#11365 = PRODUCT_DEFINITION_SHAPE ( 'NONE', 'NONE',  #12884 ) ;
#11366 = ORIENTED_EDGE ( 'NONE', *, *, #5749, .F. ) ;
#11367 = VECTOR ( 'NONE', #2887, 1000.000000000000000 ) ;
#11368 = CARTESIAN_POINT ( 'NONE',  ( 11.87449999999999939, 8.509000000000000341, -0.4444999999999983409 ) ) ;
#11369 = LINE ( 'NONE', #560, #10369 ) ;
#11370 = PRESENTATION_LAYER_ASSIGNMENT (  '', '', ( #1609 ) ) ;
#11371 = FILL_AREA_STYLE ('',( #3300 ) ) ;
#11372 = LINE ( 'NONE', #7342, #4932 ) ;
#11373 = CARTESIAN_POINT ( 'NONE',  ( -8.000999999999999446, 7.239000000000000767, 1.650999999999999801 ) ) ;
#11374 = ORIENTED_EDGE ( 'NONE', *, *, #12193, .T. ) ;
#11375 = LINE ( 'NONE', #3506, #1931 ) ;
#11376 = CARTESIAN_POINT ( 'NONE',  ( -2.920999999999999819, 7.239000000000000767, -1.651000000000000023 ) ) ;
#11377 = ORIENTED_EDGE ( 'NONE', *, *, #1111, .F. ) ;
#11378 = ORIENTED_EDGE ( 'NONE', *, *, #418, .F. ) ;
#11379 = ORIENTED_EDGE ( 'NONE', *, *, #11025, .T. ) ;
#11380 = AXIS2_PLACEMENT_3D ( 'NONE', #11467, #11666, #2737 ) ;
#11381 = EDGE_CURVE ( 'NONE', #12776, #9071, #2494, .T. ) ;
#11382 = MECHANICAL_DESIGN_GEOMETRIC_PRESENTATION_REPRESENTATION (  '', ( #9735 ), #3699 ) ;
#11383 = ORIENTED_EDGE ( 'NONE', *, *, #12056, .F. ) ;
#11384 = CARTESIAN_POINT ( 'NONE',  ( 16.51000000000000156, 8.509000000000000341, -2.540000000000001812 ) ) ;
#11385 = LINE ( 'NONE', #1558, #11486 ) ;
#11386 = DIRECTION ( 'NONE',  ( 0.000000000000000000, 0.000000000000000000, 1.000000000000000000 ) ) ;
#11387 = AXIS2_PLACEMENT_3D ( 'NONE', #654, #12570, #11851 ) ;
#11388 = DIRECTION ( 'NONE',  ( 0.000000000000000000, -2.251701056906096594E-16, -1.000000000000000000 ) ) ;
#11389 = DIRECTION ( 'NONE',  ( -0.000000000000000000, 1.000000000000000000, 1.733406087350420004E-16 ) ) ;
#11390 = LINE ( 'NONE', #9455, #7841 ) ;
#11391 = DIRECTION ( 'NONE',  ( 0.000000000000000000, 1.607907343367028359E-16, -1.000000000000000000 ) ) ;
#11392 = CARTESIAN_POINT ( 'NONE',  ( -10.54100000000000037, 7.239000000000000767, 0.8889999999999997904 ) ) ;
#11393 = VECTOR ( 'NONE', #6836, 1000.000000000000114 ) ;
#11394 = ORIENTED_EDGE ( 'NONE', *, *, #9605, .T. ) ;
#11395 = ORIENTED_EDGE ( 'NONE', *, *, #8059, .T. ) ;
#11396 = CARTESIAN_POINT ( 'NONE',  ( -13.08099999999999952, 8.064500000000002444, -0.8890000000000000124 ) ) ;
#11397 = CARTESIAN_POINT ( 'NONE',  ( -19.30400000000000205, 0.000000000000000000, 2.539999999999999147 ) ) ;
#11398 = ORIENTED_EDGE ( 'NONE', *, *, #12167, .T. ) ;
#11399 = ORIENTED_EDGE ( 'NONE', *, *, #5868, .F. ) ;
#11400 = EDGE_CURVE ( 'NONE', #12023, #8922, #2358, .T. ) ;
#11401 = VECTOR ( 'NONE', #224, 1000.000000000000000 ) ;
#11402 = EDGE_LOOP ( 'NONE', ( #768, #220, #2210, #12424 ) ) ;
#11403 = LINE ( 'NONE', #5487, #9323 ) ;
#11404 = FACE_OUTER_BOUND ( 'NONE', #6835, .T. ) ;
#11405 = LINE ( 'NONE', #10303, #5853 ) ;
#11406 = DIRECTION ( 'NONE',  ( -1.000000000000000000, 0.000000000000000000, -0.000000000000000000 ) ) ;
#11407 = DIRECTION ( 'NONE',  ( 0.000000000000000000, -1.000000000000000000, 0.000000000000000000 ) ) ;
#11408 = VERTEX_POINT ( 'NONE', #1523 ) ;
#11409 = FACE_OUTER_BOUND ( 'NONE', #11210, .T. ) ;
#11410 = VECTOR ( 'NONE', #7643, 1000.000000000000000 ) ;
#11411 = LINE ( 'NONE', #7383, #11715 ) ;
#11412 = ORIENTED_EDGE ( 'NONE', *, *, #578, .F. ) ;
#11413 = CARTESIAN_POINT ( 'NONE',  ( 9.779000000000003467, 8.064500000000002444, -1.650999999999999801 ) ) ;
#11414 = EDGE_CURVE ( 'NONE', #4156, #4080, #10313, .T. ) ;
#11415 = PLANE ( 'NONE',  #5312 ) ;
#11416 = VERTEX_POINT ( 'NONE', #403 ) ;
#11417 = AXIS2_PLACEMENT_3D ( 'NONE', #5593, #9572, #10274 ) ;
#11418 = CARTESIAN_POINT ( 'NONE',  ( -2.666999999999999371, 7.810499999999998444, 1.143000000000000016 ) ) ;
#11419 = EDGE_CURVE ( 'NONE', #12225, #1684, #8369, .T. ) ;
#11420 = PRESENTATION_STYLE_ASSIGNMENT (( #344 ) ) ;
#11421 = ADVANCED_FACE ( 'NONE', ( #5534 ), #4433, .F. ) ;
#11422 = CARTESIAN_POINT ( 'NONE',  ( 4.699000000000001620, 8.064499999999998892, 1.651000000000000023 ) ) ;
#11423 = DIRECTION ( 'NONE',  ( 0.000000000000000000, -1.000000000000000000, -1.733406087350420004E-16 ) ) ;
#11424 = DIRECTION ( 'NONE',  ( -0.000000000000000000, 1.019346266292635338E-16, 1.000000000000000000 ) ) ;
#11425 = DIRECTION ( 'NONE',  ( -0.5773502691896258421, 0.5773502691896236216, -0.5773502691896278405 ) ) ;
#11426 = VERTEX_POINT ( 'NONE', #2593 ) ;
#11427 = ORIENTED_EDGE ( 'NONE', *, *, #10400, .T. ) ;
#11428 = ORIENTED_EDGE ( 'NONE', *, *, #8728, .T. ) ;
#11429 = CARTESIAN_POINT ( 'NONE',  ( 1.270000000000000240, 8.509000000000000341, 2.095500000000002139 ) ) ;
#11430 = EDGE_LOOP ( 'NONE', ( #4410, #5397, #11079, #6438 ) ) ;
#11431 = ADVANCED_FACE ( 'NONE', ( #10286 ), #3448, .F. ) ;
#11432 = EDGE_CURVE ( 'NONE', #11705, #11575, #7558, .T. ) ;
#11433 = VERTEX_POINT ( 'NONE', #5334 ) ;
#11434 = ADVANCED_FACE ( 'NONE', ( #8277 ), #7356, .F. ) ;
#11435 = DIRECTION ( 'NONE',  ( -0.000000000000000000, 1.000000000000000000, 1.733406087350420004E-16 ) ) ;
#11436 = CARTESIAN_POINT ( 'NONE',  ( -14.85899999999999999, 7.239000000000000767, 1.650999999999999801 ) ) ;
#11437 = CARTESIAN_POINT ( 'NONE',  ( 14.85899999999999999, 8.064500000000002444, -0.8890000000000000124 ) ) ;
#11438 = CARTESIAN_POINT ( 'NONE',  ( 19.05000000000000071, -8.578981026812224210E-17, 2.158999999999999364 ) ) ;
#11439 = EDGE_LOOP ( 'NONE', ( #1070, #5913, #8172, #5616 ) ) ;
#11440 = LINE ( 'NONE', #2519, #3399 ) ;
#11441 = STYLED_ITEM ( 'NONE', ( #7849 ), #6538 ) ;
#11442 = CARTESIAN_POINT ( 'NONE',  ( -6.349999999999999645, 8.509000000000000341, 2.540000000000001812 ) ) ;
#11443 = VERTEX_POINT ( 'NONE', #577 ) ;
#11444 = ORIENTED_EDGE ( 'NONE', *, *, #8047, .F. ) ;
#11445 = EDGE_LOOP ( 'NONE', ( #6820, #5388, #7686, #10878, #1997, #9022, #10537, #2682 ) ) ;
#11446 = DIRECTION ( 'NONE',  ( 0.7071067811865462405, -0.7071067811865489050, 0.000000000000000000 ) ) ;
#11447 = EDGE_LOOP ( 'NONE', ( #5990, #3274, #1916, #8770 ) ) ;
#11448 = ADVANCED_FACE ( 'NONE', ( #9322, #3376, #12231 ), #376, .F. ) ;
#11449 = DIRECTION ( 'NONE',  ( 0.000000000000000000, -1.000000000000000000, -1.733406087350420004E-16 ) ) ;
#11450 = FACE_OUTER_BOUND ( 'NONE', #11206, .T. ) ;
#11451 = DIRECTION ( 'NONE',  ( 1.000000000000000000, 0.000000000000000000, -0.000000000000000000 ) ) ;
#11452 = DIRECTION ( 'NONE',  ( -0.000000000000000000, 1.000000000000000000, 1.733406087350420004E-16 ) ) ;
#11453 = CARTESIAN_POINT ( 'NONE',  ( 11.42999999999999972, -8.578981026812224210E-17, 2.158999999999999364 ) ) ;
#11454 = DIRECTION ( 'NONE',  ( 0.000000000000000000, 0.9659258262890701996, 0.2588190451025140226 ) ) ;
#11455 = ADVANCED_FACE ( 'NONE', ( #4566 ), #1426, .F. ) ;
#11456 = LINE ( 'NONE', #3725, #4790 ) ;
#11457 = ORIENTED_EDGE ( 'NONE', *, *, #4761, .F. ) ;
#11458 = ORIENTED_EDGE ( 'NONE', *, *, #12702, .T. ) ;
#11459 = VECTOR ( 'NONE', #6986, 1000.000000000000000 ) ;
#11460 = DIRECTION ( 'NONE',  ( 0.000000000000000000, 0.000000000000000000, 1.000000000000000000 ) ) ;
#11461 = CARTESIAN_POINT ( 'NONE',  ( 19.05000000000000071, 0.5080000000000000071, 2.022881810244992806 ) ) ;
#11462 = ORIENTED_EDGE ( 'NONE', *, *, #3481, .T. ) ;
#11463 = ORIENTED_EDGE ( 'NONE', *, *, #2148, .T. ) ;
#11464 = SHAPE_REPRESENTATION ( 'NPPC202LFBN-RC_C15', ( #2067 ), #4147 ) ;
#11465 = ORIENTED_EDGE ( 'NONE', *, *, #8047, .T. ) ;
#11466 = VECTOR ( 'NONE', #12678, 1000.000000000000000 ) ;
#11467 = CARTESIAN_POINT ( 'NONE',  ( 3.810000000000000941, 4.336808689942017736E-16, -2.159000000000001140 ) ) ;
#11468 = DIRECTION ( 'NONE',  ( 0.000000000000000000, 0.000000000000000000, -1.000000000000000000 ) ) ;
#11469 = LINE ( 'NONE', #3741, #11081 ) ;
#11470 = EDGE_CURVE ( 'NONE', #9861, #11064, #5400, .T. ) ;
#11471 = DIRECTION ( 'NONE',  ( 1.000000000000000000, 0.000000000000000000, 0.000000000000000000 ) ) ;
#11472 = FACE_OUTER_BOUND ( 'NONE', #9447, .T. ) ;
#11473 = VERTEX_POINT ( 'NONE', #6512 ) ;
#11474 = DIRECTION ( 'NONE',  ( 1.000000000000000000, 0.000000000000000000, -0.000000000000000000 ) ) ;
#11475 = CARTESIAN_POINT ( 'NONE',  ( 2.159000000000001140, 7.239000000000000767, -0.8890000000000001235 ) ) ;
#11476 = VERTEX_POINT ( 'NONE', #6377 ) ;
#11477 = DIRECTION ( 'NONE',  ( -0.000000000000000000, 1.000000000000000000, 5.691349986800550837E-16 ) ) ;
#11478 = AXIS2_PLACEMENT_3D ( 'NONE', #1729, #5705, #880 ) ;
#11479 = VECTOR ( 'NONE', #1492, 1000.000000000000000 ) ;
#11480 = EDGE_CURVE ( 'NONE', #9611, #4004, #8537, .T. ) ;
#11481 = PLANE ( 'NONE',  #7599 ) ;
#11482 = ORIENTED_EDGE ( 'NONE', *, *, #5329, .F. ) ;
#11483 = DIRECTION ( 'NONE',  ( -1.000000000000000000, 0.000000000000000000, 0.000000000000000000 ) ) ;
#11484 = CARTESIAN_POINT ( 'NONE',  ( -8.000999999999999446, 7.239000000000000767, 1.650999999999999801 ) ) ;
#11485 = VECTOR ( 'NONE', #4458, 1000.000000000000000 ) ;
#11486 = VECTOR ( 'NONE', #4432, 1000.000000000000000 ) ;
#11487 = FACE_BOUND ( 'NONE', #9225, .T. ) ;
#11488 = CARTESIAN_POINT ( 'NONE',  ( -19.30400000000000205, 0.000000000000000000, 2.539999999999999147 ) ) ;
#11489 = LINE ( 'NONE', #12268, #1367 ) ;
#11490 = DIRECTION ( 'NONE',  ( 0.000000000000000000, 0.000000000000000000, 1.000000000000000000 ) ) ;
#11491 = VERTEX_POINT ( 'NONE', #1350 ) ;
#11492 = VERTEX_POINT ( 'NONE', #6581 ) ;
#11493 = ORIENTED_EDGE ( 'NONE', *, *, #6242, .F. ) ;
#11494 = DIRECTION ( 'NONE',  ( 0.000000000000000000, -1.733406087350420004E-16, 1.000000000000000000 ) ) ;
#11495 = ORIENTED_EDGE ( 'NONE', *, *, #10079, .T. ) ;
#11496 = AXIS2_PLACEMENT_3D ( 'NONE', #2133, #3304, #8267 ) ;
#11497 = EDGE_CURVE ( 'NONE', #8627, #3177, #10546, .T. ) ;
#11498 = AXIS2_PLACEMENT_3D ( 'NONE', #12350, #9698, #767 ) ;
#11499 = EDGE_CURVE ( 'NONE', #7381, #6317, #4365, .T. ) ;
#11500 = VECTOR ( 'NONE', #5258, 999.9999999999998863 ) ;
#11501 = EDGE_LOOP ( 'NONE', ( #12171, #11136, #4172, #1232 ) ) ;
#11502 = PLANE ( 'NONE',  #3459 ) ;
#11503 = CARTESIAN_POINT ( 'NONE',  ( -4.698999999999999844, 7.239000000000000767, 0.8889999999999997904 ) ) ;
#11504 = DIRECTION ( 'NONE',  ( 1.000000000000000000, 0.000000000000000000, 0.000000000000000000 ) ) ;
#11505 = CARTESIAN_POINT ( 'NONE',  ( -12.31900000000000084, 7.239000000000000767, 1.650999999999999801 ) ) ;
#11506 = EDGE_CURVE ( 'NONE', #5081, #5991, #8342, .T. ) ;
#11507 = FACE_OUTER_BOUND ( 'NONE', #8616, .T. ) ;
#11508 = ORIENTED_EDGE ( 'NONE', *, *, #9766, .T. ) ;
#11509 = AXIS2_PLACEMENT_3D ( 'NONE', #11484, #5702, #4600 ) ;
#11510 = CARTESIAN_POINT ( 'NONE',  ( -11.43000000000000149, 4.336808689942017736E-16, -2.159000000000001140 ) ) ;
#11511 = EDGE_CURVE ( 'NONE', #10937, #8758, #12359, .T. ) ;
#11512 = DIRECTION ( 'NONE',  ( 0.000000000000000000, -2.251701056906096594E-16, -1.000000000000000000 ) ) ;
#11513 = ORIENTED_EDGE ( 'NONE', *, *, #5196, .F. ) ;
#11514 = ORIENTED_EDGE ( 'NONE', *, *, #10050, .F. ) ;
#11515 = ORIENTED_EDGE ( 'NONE', *, *, #1039, .T. ) ;
#11516 = DIRECTION ( 'NONE',  ( -1.000000000000000000, 0.000000000000000000, -0.000000000000000000 ) ) ;
#11517 = ADVANCED_FACE ( 'NONE', ( #6445 ), #1493, .F. ) ;
#11518 = ORIENTED_EDGE ( 'NONE', *, *, #6427, .F. ) ;
#11519 = FACE_OUTER_BOUND ( 'NONE', #10152, .T. ) ;
#11520 = CARTESIAN_POINT ( 'NONE',  ( 10.28700000000000081, 7.810499999999998444, 1.143000000000000016 ) ) ;
#11521 = CARTESIAN_POINT ( 'NONE',  ( -16.51000000000000156, 8.509000000000000341, -2.540000000000001812 ) ) ;
#11522 = DIRECTION ( 'NONE',  ( 0.000000000000000000, 1.607907343367028359E-16, -1.000000000000000000 ) ) ;
#11523 = LINE ( 'NONE', #2469, #3238 ) ;
#11524 = FACE_OUTER_BOUND ( 'NONE', #4785, .T. ) ;
#11525 = CARTESIAN_POINT ( 'NONE',  ( -18.16100000000000136, 7.239000000000000767, -1.651000000000000023 ) ) ;
#11526 = VERTEX_POINT ( 'NONE', #8475 ) ;
#11527 = ORIENTED_EDGE ( 'NONE', *, *, #6667, .T. ) ;
#11528 = EDGE_CURVE ( 'NONE', #9998, #9205, #1559, .T. ) ;
#11529 = DIRECTION ( 'NONE',  ( 0.000000000000000000, -1.000000000000000000, 0.000000000000000000 ) ) ;
#11530 = CARTESIAN_POINT ( 'NONE',  ( 8.890000000000002345, 0.000000000000000000, 2.539999999999999147 ) ) ;
#11531 = ORIENTED_EDGE ( 'NONE', *, *, #10686, .T. ) ;
#11532 = ORIENTED_EDGE ( 'NONE', *, *, #7939, .T. ) ;
#11533 = EDGE_CURVE ( 'NONE', #12621, #5555, #7622, .T. ) ;
#11534 = ORIENTED_EDGE ( 'NONE', *, *, #10621, .F. ) ;
#11535 = CARTESIAN_POINT ( 'NONE',  ( 11.43000000000000327, -8.578981026812224210E-17, 2.158999999999999364 ) ) ;
#11536 = CARTESIAN_POINT ( 'NONE',  ( 0.3810000000000000053, -2.692399999999994797, -1.066800000000000637 ) ) ;
#11537 = CARTESIAN_POINT ( 'NONE',  ( -5.460999999999998522, 7.239000000000000767, -0.8890000000000001235 ) ) ;
#11538 = LINE ( 'NONE', #4521, #4394 ) ;
#11539 = DIRECTION ( 'NONE',  ( -1.000000000000000000, -0.000000000000000000, -0.000000000000000000 ) ) ;
#11540 = ORIENTED_EDGE ( 'NONE', *, *, #6553, .F. ) ;
#11541 = DIRECTION ( 'NONE',  ( 1.000000000000000000, 0.000000000000000000, 0.000000000000000000 ) ) ;
#11542 = ORIENTED_EDGE ( 'NONE', *, *, #11499, .T. ) ;
#11543 = VECTOR ( 'NONE', #2564, 999.9999999999998863 ) ;
#11544 = EDGE_CURVE ( 'NONE', #6783, #11791, #8665, .T. ) ;
#11545 = ADVANCED_FACE ( 'NONE', ( #11713 ), #2662, .F. ) ;
#11546 = DIRECTION ( 'NONE',  ( 0.000000000000000000, -0.9659258262890701996, -0.2588190451025140226 ) ) ;
#11547 = VERTEX_POINT ( 'NONE', #12625 ) ;
#11548 = DIRECTION ( 'NONE',  ( -1.000000000000000000, 0.000000000000000000, -0.000000000000000000 ) ) ;
#11549 = PLANE ( 'NONE',  #11509 ) ;
#11550 = VECTOR ( 'NONE', #3797, 1000.000000000000000 ) ;
#11551 = CARTESIAN_POINT ( 'NONE',  ( 2.920999999999999819, 8.064499999999998892, 1.651000000000000023 ) ) ;
#11552 = DIRECTION ( 'NONE',  ( 0.000000000000000000, 1.000000000000000000, 1.733406087350420004E-16 ) ) ;
#11553 = DIRECTION ( 'NONE',  ( 1.000000000000000000, 0.000000000000000000, -0.000000000000000000 ) ) ;
#11554 = EDGE_CURVE ( 'NONE', #7598, #9231, #3905, .T. ) ;
#11555 = CARTESIAN_POINT ( 'NONE',  ( -18.16100000000000136, 7.239000000000000767, -0.8890000000000001235 ) ) ;
#11556 = EDGE_LOOP ( 'NONE', ( #3900, #3571, #11897, #10856 ) ) ;
#11557 = VERTEX_POINT ( 'NONE', #1818 ) ;
#11558 = VERTEX_POINT ( 'NONE', #3837 ) ;
#11559 = DIRECTION ( 'NONE',  ( 1.000000000000000000, 0.000000000000000000, -0.000000000000000000 ) ) ;
#11560 = AXIS2_PLACEMENT_3D ( 'NONE', #8404, #5466, #1122 ) ;
#11561 = EDGE_CURVE ( 'NONE', #10005, #6703, #6653, .T. ) ;
#11562 = VECTOR ( 'NONE', #3704, 1000.000000000000000 ) ;
#11563 = VECTOR ( 'NONE', #10094, 1000.000000000000114 ) ;
#11564 = ORIENTED_EDGE ( 'NONE', *, *, #10641, .T. ) ;
#11565 = CARTESIAN_POINT ( 'NONE',  ( 2.920999999999999819, 8.064500000000002444, -0.8890000000000001235 ) ) ;
#11566 = AXIS2_PLACEMENT_3D ( 'NONE', #3046, #10991, #2183 ) ;
#11567 = PLANE ( 'NONE',  #945 ) ;
#11568 = DIRECTION ( 'NONE',  ( 0.000000000000000000, 1.607907343367028359E-16, -1.000000000000000000 ) ) ;
#11569 = EDGE_LOOP ( 'NONE', ( #12617, #2055, #10055, #12368 ) ) ;
#11570 = DIRECTION ( 'NONE',  ( 0.000000000000000000, 3.058038798877906014E-16, -1.000000000000000000 ) ) ;
#11571 = DIRECTION ( 'NONE',  ( 0.000000000000000000, 2.251701056906096594E-16, 1.000000000000000000 ) ) ;
#11572 = EDGE_CURVE ( 'NONE', #4444, #2522, #8790, .T. ) ;
#11573 = AXIS2_PLACEMENT_3D ( 'NONE', #9544, #3540, #5290 ) ;
#11574 = FACE_OUTER_BOUND ( 'NONE', #10392, .T. ) ;
#11575 = VERTEX_POINT ( 'NONE', #10805 ) ;
#11576 = ORIENTED_EDGE ( 'NONE', *, *, #773, .T. ) ;
#11577 = VECTOR ( 'NONE', #1545, 1000.000000000000000 ) ;
#11578 = VERTEX_POINT ( 'NONE', #9709 ) ;
#11579 = CARTESIAN_POINT ( 'NONE',  ( 2.159000000000001140, 7.239000000000000767, -1.651000000000000023 ) ) ;
#11580 = EDGE_CURVE ( 'NONE', #601, #11313, #2787, .T. ) ;
#11581 = VERTEX_POINT ( 'NONE', #2856 ) ;
#11582 = EDGE_CURVE ( 'NONE', #433, #11705, #7816, .T. ) ;
#11583 = PRESENTATION_LAYER_ASSIGNMENT (  '', '', ( #5974 ) ) ;
#11584 = DIRECTION ( 'NONE',  ( 0.000000000000000000, 0.000000000000000000, 1.000000000000000000 ) ) ;
#11585 = DIRECTION ( 'NONE',  ( 0.000000000000000000, 0.000000000000000000, -1.000000000000000000 ) ) ;
#11586 = EDGE_CURVE ( 'NONE', #9488, #5311, #2722, .T. ) ;
#11587 = LINE ( 'NONE', #7560, #9315 ) ;
#11588 = ADVANCED_FACE ( 'NONE', ( #4697 ), #777, .F. ) ;
#11589 = LINE ( 'NONE', #10548, #8098 ) ;
#11590 = LINE ( 'NONE', #11453, #6801 ) ;
#11591 = DIRECTION ( 'NONE',  ( 0.000000000000000000, 0.000000000000000000, -1.000000000000000000 ) ) ;
#11592 = VECTOR ( 'NONE', #3182, 1000.000000000000000 ) ;
#11593 = LINE ( 'NONE', #2668, #11842 ) ;
#11594 = VECTOR ( 'NONE', #142, 1000.000000000000000 ) ;
#11595 = EDGE_CURVE ( 'NONE', #11302, #4203, #10608, .T. ) ;
#11596 = VERTEX_POINT ( 'NONE', #5918 ) ;
#11597 = ORIENTED_EDGE ( 'NONE', *, *, #5946, .F. ) ;
#11598 = FACE_OUTER_BOUND ( 'NONE', #12337, .T. ) ;
#11599 = PRESENTATION_LAYER_ASSIGNMENT (  '', '', ( #9735 ) ) ;
#11600 = DIRECTION ( 'NONE',  ( -0.000000000000000000, 1.000000000000000000, 1.733406087350420004E-16 ) ) ;
#11601 = VERTEX_POINT ( 'NONE', #5670 ) ;
#11602 = ORIENTED_EDGE ( 'NONE', *, *, #4730, .F. ) ;
#11603 = EDGE_CURVE ( 'NONE', #5155, #593, #1880, .T. ) ;
#11604 = AXIS2_PLACEMENT_3D ( 'NONE', #4775, #3732, #2733 ) ;
#11605 = VECTOR ( 'NONE', #7508, 1000.000000000000000 ) ;
#11606 = ORIENTED_EDGE ( 'NONE', *, *, #5074, .F. ) ;
#11607 = ADVANCED_FACE ( 'NONE', ( #1692 ), #8599, .F. ) ;
#11608 = VECTOR ( 'NONE', #1251, 999.9999999999998863 ) ;
#11609 = PLANE ( 'NONE',  #3711 ) ;
#11610 = CARTESIAN_POINT ( 'NONE',  ( 8.445500000000000895, 8.509000000000000341, -2.095500000000001695 ) ) ;
#11611 = CARTESIAN_POINT ( 'NONE',  ( 12.31900000000000084, 7.239000000000000767, -0.8890000000000001235 ) ) ;
#11612 = DIRECTION ( 'NONE',  ( -1.000000000000000000, 0.000000000000000000, -0.000000000000000000 ) ) ;
#11613 = DIRECTION ( 'NONE',  ( 0.000000000000000000, 3.058038798877906014E-16, -1.000000000000000000 ) ) ;
#11614 = EDGE_LOOP ( 'NONE', ( #9226, #10586, #10333, #9400 ) ) ;
#11615 = AXIS2_PLACEMENT_3D ( 'NONE', #3292, #6225, #9228 ) ;
#11616 = DIRECTION ( 'NONE',  ( 0.000000000000000000, 0.000000000000000000, 1.000000000000000000 ) ) ;
#11617 = CARTESIAN_POINT ( 'NONE',  ( 2.159000000000001140, 7.239000000000000767, -0.8890000000000001235 ) ) ;
#11618 = ORIENTED_EDGE ( 'NONE', *, *, #7909, .F. ) ;
#11619 = VECTOR ( 'NONE', #7847, 1000.000000000000000 ) ;
#11620 = LINE ( 'NONE', #1773, #3026 ) ;
#11621 = VERTEX_POINT ( 'NONE', #9771 ) ;
#11622 = ADVANCED_FACE ( 'NONE', ( #9833 ), #9646, .F. ) ;
#11623 = FACE_OUTER_BOUND ( 'NONE', #8675, .T. ) ;
#11624 = CARTESIAN_POINT ( 'NONE',  ( 9.779000000000003467, 8.064499999999998892, 1.650999999999999801 ) ) ;
#11625 = AXIS2_PLACEMENT_3D ( 'NONE', #9405, #2484, #11468 ) ;
#11626 = DIRECTION ( 'NONE',  ( 0.000000000000000000, -1.607907343367028359E-16, 1.000000000000000000 ) ) ;
#11627 = FACE_OUTER_BOUND ( 'NONE', #10370, .T. ) ;
#11628 = EDGE_CURVE ( 'NONE', #475, #6833, #8854, .T. ) ;
#11629 = DIRECTION ( 'NONE',  ( -1.000000000000000000, 0.000000000000000000, 0.000000000000000000 ) ) ;
#11630 = DIRECTION ( 'NONE',  ( 0.5773502691896272854, -0.5773502691896250649, -0.5773502691896250649 ) ) ;
#11631 = VERTEX_POINT ( 'NONE', #7030 ) ;
#11632 = ORIENTED_EDGE ( 'NONE', *, *, #418, .T. ) ;
#11633 = VERTEX_POINT ( 'NONE', #5192 ) ;
#11634 = LINE ( 'NONE', #1467, #2793 ) ;
#11635 = VECTOR ( 'NONE', #11780, 1000.000000000000000 ) ;
#11636 = VERTEX_POINT ( 'NONE', #3108 ) ;
#11637 = CARTESIAN_POINT ( 'NONE',  ( -6.349999999999999645, 8.509000000000000341, 2.540000000000001812 ) ) ;
#11638 = CARTESIAN_POINT ( 'NONE',  ( -15.62099999999999866, 7.239000000000000767, -1.651000000000000023 ) ) ;
#11639 = DIRECTION ( 'NONE',  ( 0.5773502691896258421, 0.5773502691896236216, -0.5773502691896278405 ) ) ;
#11640 = EDGE_CURVE ( 'NONE', #7613, #3656, #6044, .T. ) ;
#11641 = EDGE_CURVE ( 'NONE', #248, #4305, #8131, .T. ) ;
#11642 = DIRECTION ( 'NONE',  ( 0.000000000000000000, -1.000000000000000000, 0.000000000000000000 ) ) ;
#11643 = AXIS2_PLACEMENT_3D ( 'NONE', #2989, #1824, #850 ) ;
#11644 = CARTESIAN_POINT ( 'NONE',  ( 3.810000000000000941, -8.578981026812224210E-17, 2.158999999999999364 ) ) ;
#11645 = EDGE_LOOP ( 'NONE', ( #3206, #9644, #4068, #1847, #1178, #3326, #10108, #10552 ) ) ;
#11646 = ORIENTED_EDGE ( 'NONE', *, *, #520, .T. ) ;
#11647 = ORIENTED_EDGE ( 'NONE', *, *, #2266, .F. ) ;
#11648 = DIRECTION ( 'NONE',  ( 0.000000000000000000, 0.000000000000000000, -1.000000000000000000 ) ) ;
#11649 = EDGE_LOOP ( 'NONE', ( #8833, #9529, #6109, #11444 ) ) ;
#11650 = EDGE_CURVE ( 'NONE', #7549, #824, #8130, .T. ) ;
#11651 = DIRECTION ( 'NONE',  ( 0.000000000000000000, 0.000000000000000000, 1.000000000000000000 ) ) ;
#11652 = CARTESIAN_POINT ( 'NONE',  ( -11.43000000000000149, 4.336808689942017736E-16, -2.159000000000001140 ) ) ;
#11653 = LINE ( 'NONE', #4765, #9554 ) ;
#11654 = DIRECTION ( 'NONE',  ( -0.000000000000000000, 1.000000000000000000, 1.607907343367028359E-16 ) ) ;
#11655 = CARTESIAN_POINT ( 'NONE',  ( 11.42999999999999972, 0.5080000000000000071, 2.022881810244992806 ) ) ;
#11656 = CARTESIAN_POINT ( 'NONE',  ( -16.51000000000000156, 8.509000000000000341, 2.095500000000002139 ) ) ;
#11657 = SURFACE_STYLE_FILL_AREA ( #6719 ) ;
#11658 = ORIENTED_EDGE ( 'NONE', *, *, #7765, .T. ) ;
#11659 = ORIENTED_EDGE ( 'NONE', *, *, #4103, .T. ) ;
#11660 =( LENGTH_UNIT ( ) NAMED_UNIT ( * ) SI_UNIT ( .MILLI., .METRE. ) );
#11661 = FACE_OUTER_BOUND ( 'NONE', #8724, .T. ) ;
#11662 = ORIENTED_EDGE ( 'NONE', *, *, #1768, .F. ) ;
#11663 = EDGE_CURVE ( 'NONE', #3851, #3642, #11900, .T. ) ;
#11664 = EDGE_CURVE ( 'NONE', #5543, #11232, #9164, .T. ) ;
#11665 = LINE ( 'NONE', #10753, #7755 ) ;
#11666 = DIRECTION ( 'NONE',  ( -0.000000000000000000, 1.000000000000000000, 5.691349986800550837E-16 ) ) ;
#11667 = CARTESIAN_POINT ( 'NONE',  ( 11.43000000000000327, 4.336808689942017736E-16, -2.159000000000001140 ) ) ;
#11668 = DIRECTION ( 'NONE',  ( -0.000000000000000000, 1.000000000000000000, 5.691349986800550837E-16 ) ) ;
#11669 = LINE ( 'NONE', #9539, #12279 ) ;
#11670 = DIRECTION ( 'NONE',  ( 0.000000000000000000, 1.000000000000000000, 1.733406087350420004E-16 ) ) ;
#11671 = EDGE_CURVE ( 'NONE', #6079, #7595, #2071, .T. ) ;
#11672 = EDGE_LOOP ( 'NONE', ( #6881, #6572, #7504, #1949, #9978, #2297, #666, #12196 ) ) ;
#11673 = EDGE_CURVE ( 'NONE', #1887, #12776, #11179, .T. ) ;
#11674 = CARTESIAN_POINT ( 'NONE',  ( -5.460999999999998522, 8.064500000000002444, -0.8890000000000001235 ) ) ;
#11675 = DIRECTION ( 'NONE',  ( 0.000000000000000000, -5.691349986800550837E-16, 1.000000000000000000 ) ) ;
#11676 = ORIENTED_EDGE ( 'NONE', *, *, #4097, .T. ) ;
#11677 = EDGE_CURVE ( 'NONE', #7742, #11848, #4949, .T. ) ;
#11678 = DIRECTION ( 'NONE',  ( 0.000000000000000000, -0.9659258262890700886, 0.2588190451025140781 ) ) ;
#11679 = ORIENTED_EDGE ( 'NONE', *, *, #7925, .T. ) ;
#11680 = DIRECTION ( 'NONE',  ( 1.000000000000000000, 0.000000000000000000, 0.000000000000000000 ) ) ;
#11681 = DIRECTION ( 'NONE',  ( 0.000000000000000000, 0.9659258262890701996, 0.2588190451025140226 ) ) ;
#11682 = DIRECTION ( 'NONE',  ( -0.7071067811865462405, -0.7071067811865489050, 0.000000000000000000 ) ) ;
#11683 = LINE ( 'NONE', #8703, #2117 ) ;
#11684 = VECTOR ( 'NONE', #3876, 1000.000000000000000 ) ;
#11685 = FACE_OUTER_BOUND ( 'NONE', #2369, .T. ) ;
#11686 = CARTESIAN_POINT ( 'NONE',  ( -16.51000000000000156, 0.000000000000000000, 0.000000000000000000 ) ) ;
#11687 = VERTEX_POINT ( 'NONE', #2184 ) ;
#11688 = ORIENTED_EDGE ( 'NONE', *, *, #11400, .T. ) ;
#11689 = ORIENTED_EDGE ( 'NONE', *, *, #10349, .T. ) ;
#11690 = ADVANCED_FACE ( 'NONE', ( #2006 ), #2252, .F. ) ;
#11691 = LINE ( 'NONE', #9750, #9480 ) ;
#11692 = EDGE_CURVE ( 'NONE', #11636, #10025, #8004, .T. ) ;
#11693 = VERTEX_POINT ( 'NONE', #3165 ) ;
#11694 = VECTOR ( 'NONE', #10810, 999.9999999999998863 ) ;
#11695 = DIRECTION ( 'NONE',  ( 0.9396926207859093161, -0.3420201433256662149, -0.000000000000000000 ) ) ;
#11696 = AXIS2_PLACEMENT_3D ( 'NONE', #12704, #10688, #9980 ) ;
#11697 = CARTESIAN_POINT ( 'NONE',  ( -5.460999999999998522, 7.239000000000000767, -1.651000000000000023 ) ) ;
#11698 = DIRECTION ( 'NONE',  ( 0.000000000000000000, 0.000000000000000000, 1.000000000000000000 ) ) ;
#11699 = CARTESIAN_POINT ( 'NONE',  ( 16.06550000000000011, 8.509000000000000341, -0.4444999999999983409 ) ) ;
#11700 = CARTESIAN_POINT ( 'NONE',  ( 6.350000000000001421, 0.000000000000000000, 2.539999999999999147 ) ) ;
#11701 = FACE_OUTER_BOUND ( 'NONE', #12569, .T. ) ;
#11702 = LINE ( 'NONE', #11829, #10457 ) ;
#11703 = EDGE_LOOP ( 'NONE', ( #962, #148, #456, #7499 ) ) ;
#11704 = VERTEX_POINT ( 'NONE', #3965 ) ;
#11705 = VERTEX_POINT ( 'NONE', #11052 ) ;
#11706 = PRESENTATION_LAYER_ASSIGNMENT (  '', '', ( #6726 ) ) ;
#11707 = VECTOR ( 'NONE', #1085, 1000.000000000000000 ) ;
#11708 = LINE ( 'NONE', #9764, #790 ) ;
#11709 = VECTOR ( 'NONE', #9470, 1000.000000000000000 ) ;
#11710 = ADVANCED_FACE ( 'NONE', ( #6962 ), #10928, .F. ) ;
#11711 = EDGE_LOOP ( 'NONE', ( #6890, #12604, #6241, #6128 ) ) ;
#11712 = DIRECTION ( 'NONE',  ( 1.000000000000000000, 0.000000000000000000, 0.000000000000000000 ) ) ;
#11713 = FACE_OUTER_BOUND ( 'NONE', #11299, .T. ) ;
#11714 = COLOUR_RGB ( '',0.2509803921568627416, 0.2509803921568627416, 0.2509803921568627416 ) ;
#11715 = VECTOR ( 'NONE', #12517, 1000.000000000000000 ) ;
#11716 =( REPRESENTATION_RELATIONSHIP ('NONE','NONE', #12679, #10636 ) REPRESENTATION_RELATIONSHIP_WITH_TRANSFORMATION ( #7803 )SHAPE_REPRESENTATION_RELATIONSHIP( ) );
#11717 = SURFACE_STYLE_FILL_AREA ( #12757 ) ;
#11718 = DIRECTION ( 'NONE',  ( 1.000000000000000000, 0.000000000000000000, 0.000000000000000000 ) ) ;
#11719 = DIRECTION ( 'NONE',  ( -0.000000000000000000, 1.000000000000000000, 1.733406087350420004E-16 ) ) ;
#11720 = CARTESIAN_POINT ( 'NONE',  ( -12.31900000000000084, 7.239000000000000767, 0.8889999999999997904 ) ) ;
#11721 = LINE ( 'NONE', #3536, #1447 ) ;
#11722 = DIRECTION ( 'NONE',  ( -1.000000000000000000, 0.000000000000000000, 0.000000000000000000 ) ) ;
#11723 = VERTEX_POINT ( 'NONE', #10992 ) ;
#11724 = ORIENTED_EDGE ( 'NONE', *, *, #2084, .T. ) ;
#11725 = SURFACE_STYLE_FILL_AREA ( #7698 ) ;
#11726 = ADVANCED_FACE ( 'NONE', ( #5983 ), #5131, .F. ) ;
#11727 = CARTESIAN_POINT ( 'NONE',  ( -13.97000000000000064, -8.578981026812224210E-17, 2.158999999999999364 ) ) ;
#11728 = ORIENTED_EDGE ( 'NONE', *, *, #4232, .T. ) ;
#11729 = ORIENTED_EDGE ( 'NONE', *, *, #6978, .F. ) ;
#11730 = LINE ( 'NONE', #5873, #1172 ) ;
#11731 = CARTESIAN_POINT ( 'NONE',  ( -2.920999999999999819, 8.064499999999998892, 1.651000000000000023 ) ) ;
#11732 = PLANE ( 'NONE',  #4647 ) ;
#11733 = DIRECTION ( 'NONE',  ( 0.000000000000000000, 1.000000000000000000, 3.058038798877906014E-16 ) ) ;
#11734 = FACE_OUTER_BOUND ( 'NONE', #72, .T. ) ;
#11735 = EDGE_LOOP ( 'NONE', ( #12060, #12443, #8367, #3163 ) ) ;
#11736 = ADVANCED_FACE ( 'NONE', ( #5011 ), #6103, .F. ) ;
#11737 = DIRECTION ( 'NONE',  ( -0.000000000000000000, 1.000000000000000000, 1.733406087350420004E-16 ) ) ;
#11738 = ORIENTED_EDGE ( 'NONE', *, *, #7100, .T. ) ;
#11739 = CARTESIAN_POINT ( 'NONE',  ( -19.05000000000000071, 4.336808689942017736E-16, -2.159000000000001140 ) ) ;
#11740 = EDGE_CURVE ( 'NONE', #6770, #10568, #8984, .T. ) ;
#11741 = ORIENTED_EDGE ( 'NONE', *, *, #7507, .F. ) ;
#11742 = EDGE_CURVE ( 'NONE', #7810, #350, #12149, .T. ) ;
#11743 = FACE_OUTER_BOUND ( 'NONE', #5107, .T. ) ;
#11744 = DIRECTION ( 'NONE',  ( 0.000000000000000000, 0.000000000000000000, -1.000000000000000000 ) ) ;
#11745 = DIRECTION ( 'NONE',  ( 0.000000000000000000, -2.251701056906096594E-16, -1.000000000000000000 ) ) ;
#11746 = VECTOR ( 'NONE', #10781, 1000.000000000000000 ) ;
#11747 = EDGE_CURVE ( 'NONE', #11491, #9889, #4026, .T. ) ;
#11748 = FACE_OUTER_BOUND ( 'NONE', #7268, .T. ) ;
#11749 = LINE ( 'NONE', #6809, #12520 ) ;
#11750 = ORIENTED_EDGE ( 'NONE', *, *, #11673, .F. ) ;
#11751 = CARTESIAN_POINT ( 'NONE',  ( -2.159000000000001140, 8.064500000000002444, -0.8890000000000000124 ) ) ;
#11752 = EDGE_CURVE ( 'NONE', #9583, #7876, #9045, .T. ) ;
#11753 = CARTESIAN_POINT ( 'NONE',  ( -2.920999999999999819, 7.239000000000000767, 1.650999999999999801 ) ) ;
#11754 = ORIENTED_EDGE ( 'NONE', *, *, #6409, .T. ) ;
#11755 = ORIENTED_EDGE ( 'NONE', *, *, #5377, .F. ) ;
#11756 = ORIENTED_EDGE ( 'NONE', *, *, #1503, .T. ) ;
#11757 = FACE_OUTER_BOUND ( 'NONE', #3970, .T. ) ;
#11758 = VERTEX_POINT ( 'NONE', #11503 ) ;
#11759 = AXIS2_PLACEMENT_3D ( 'NONE', #3755, #11682, #3997 ) ;
#11760 = LINE ( 'NONE', #1800, #10735 ) ;
#11761 = CARTESIAN_POINT ( 'NONE',  ( 16.51000000000000156, 4.336808689942017736E-16, -2.159000000000001140 ) ) ;
#11762 = EDGE_CURVE ( 'NONE', #385, #12115, #9233, .T. ) ;
#11763 = PRODUCT_CONTEXT ( 'NONE', #7731, 'mechanical' ) ;
#11764 = FACE_OUTER_BOUND ( 'NONE', #7227, .T. ) ;
#11765 = LINE ( 'NONE', #32, #5865 ) ;
#11766 = AXIS2_PLACEMENT_3D ( 'NONE', #1691, #8664, #12623 ) ;
#11767 = CARTESIAN_POINT ( 'NONE',  ( 20.32000000000000028, 7.239000000000000767, -2.201425730935033664E-16 ) ) ;
#11768 = CARTESIAN_POINT ( 'NONE',  ( 11.43000000000000327, -8.578981026812224210E-17, 2.158999999999999364 ) ) ;
#11769 = ORIENTED_EDGE ( 'NONE', *, *, #5625, .F. ) ;
#11770 = ORIENTED_EDGE ( 'NONE', *, *, #7404, .F. ) ;
#11771 = EDGE_LOOP ( 'NONE', ( #4406, #7305, #12800, #2538 ) ) ;
#11772 = VECTOR ( 'NONE', #3192, 1000.000000000000000 ) ;
#11773 = DIRECTION ( 'NONE',  ( 0.000000000000000000, 1.000000000000000000, -1.019346266292635338E-16 ) ) ;
#11774 = VECTOR ( 'NONE', #9185, 1000.000000000000000 ) ;
#11775 = EDGE_LOOP ( 'NONE', ( #7990, #10427, #9591, #4830 ) ) ;
#11776 = AXIS2_PLACEMENT_3D ( 'NONE', #2513, #8390, #8324 ) ;
#11777 = PLANE ( 'NONE',  #11766 ) ;
#11778 = CARTESIAN_POINT ( 'NONE',  ( 19.05000000000000071, -8.578981026812224210E-17, 2.158999999999999364 ) ) ;
#11779 = AXIS2_PLACEMENT_3D ( 'NONE', #6205, #9145, #5047 ) ;
#11780 = DIRECTION ( 'NONE',  ( -1.000000000000000000, -0.000000000000000000, -0.000000000000000000 ) ) ;
#11782 = VECTOR ( 'NONE', #6448, 1000.000000000000000 ) ;
#11781 = LINE ( 'NONE', #2858, #11139 ) ;
#11783 = CARTESIAN_POINT ( 'NONE',  ( -18.16100000000000136, 8.064500000000002444, -0.8890000000000000124 ) ) ;
#11784 = CARTESIAN_POINT ( 'NONE',  ( -8.890000000000000568, 0.000000000000000000, 2.539999999999999147 ) ) ;
#11785 = FACE_OUTER_BOUND ( 'NONE', #12419, .T. ) ;
#11786 = ORIENTED_EDGE ( 'NONE', *, *, #10007, .T. ) ;
#11787 = ORIENTED_EDGE ( 'NONE', *, *, #11335, .F. ) ;
#11788 = VECTOR ( 'NONE', #10755, 1000.000000000000000 ) ;
#11789 = PLANE ( 'NONE',  #1385 ) ;
#11790 = LINE ( 'NONE', #9657, #793 ) ;
#11791 = VERTEX_POINT ( 'NONE', #5385 ) ;
#11792 = VERTEX_POINT ( 'NONE', #11305 ) ;
#11793 = LINE ( 'NONE', #3064, #6195 ) ;
#11794 = FACE_OUTER_BOUND ( 'NONE', #10098, .T. ) ;
#11795 = FACE_OUTER_BOUND ( 'NONE', #10248, .T. ) ;
#11796 = LINE ( 'NONE', #11859, #5653 ) ;
#11797 = FACE_OUTER_BOUND ( 'NONE', #7369, .T. ) ;
#11798 = VERTEX_POINT ( 'NONE', #6231 ) ;
#11799 = ADVANCED_FACE ( 'NONE', ( #10204 ), #6429, .F. ) ;
#11800 = SURFACE_STYLE_FILL_AREA ( #6737 ) ;
#11801 = PLANE ( 'NONE',  #700 ) ;
#11802 = ORIENTED_EDGE ( 'NONE', *, *, #196, .F. ) ;
#11803 = AXIS2_PLACEMENT_3D ( 'NONE', #11275, #4454, #12181 ) ;
#11804 = AXIS2_PLACEMENT_3D ( 'NONE', #2921, #710, #4886 ) ;
#11805 = CARTESIAN_POINT ( 'NONE',  ( 0.3809999999999999498, -2.692399999999995241, -1.066800000000000637 ) ) ;
#11806 = ORIENTED_EDGE ( 'NONE', *, *, #9668, .F. ) ;
#11807 = CARTESIAN_POINT ( 'NONE',  ( -11.43000000000000149, -8.578981026812224210E-17, 2.158999999999999364 ) ) ;
#11808 = CARTESIAN_POINT ( 'NONE',  ( -16.51000000000000156, 0.000000000000000000, 2.539999999999999147 ) ) ;
#11809 = LINE ( 'NONE', #4798, #6780 ) ;
#11810 = CARTESIAN_POINT ( 'NONE',  ( -0.1961031209927689145, -3.200400000000000134, -1.473199999999999843 ) ) ;
#11811 = ORIENTED_EDGE ( 'NONE', *, *, #8779, .T. ) ;
#11812 = PLANE ( 'NONE',  #10752 ) ;
#11813 = AXIS2_PLACEMENT_3D ( 'NONE', #11869, #8957, #8824 ) ;
#11814 = DIRECTION ( 'NONE',  ( 1.000000000000000000, 0.000000000000000000, 0.000000000000000000 ) ) ;
#11815 = ORIENTED_EDGE ( 'NONE', *, *, #11419, .F. ) ;
#11816 = VERTEX_POINT ( 'NONE', #11436 ) ;
#11817 = ORIENTED_EDGE ( 'NONE', *, *, #4380, .F. ) ;
#11818 = CARTESIAN_POINT ( 'NONE',  ( -3.809999999999999165, -8.578981026812224210E-17, 2.158999999999999364 ) ) ;
#11819 = ADVANCED_FACE ( 'NONE', ( #362 ), #12478, .F. ) ;
#11820 = VERTEX_POINT ( 'NONE', #3361 ) ;
#11821 = AXIS2_PLACEMENT_3D ( 'NONE', #10496, #9537, #595 ) ;
#11822 = ADVANCED_FACE ( 'NONE', ( #2375 ), #12414, .F. ) ;
#11823 = DIRECTION ( 'NONE',  ( 0.000000000000000000, 0.000000000000000000, -1.000000000000000000 ) ) ;
#11824 = CARTESIAN_POINT ( 'NONE',  ( -16.06550000000000011, 8.509000000000000341, -2.095500000000001695 ) ) ;
#11825 = CARTESIAN_POINT ( 'NONE',  ( 15.24000000000000021, 0.000000000000000000, 0.000000000000000000 ) ) ;
#11826 = DIRECTION ( 'NONE',  ( 0.000000000000000000, 1.607907343367028359E-16, -1.000000000000000000 ) ) ;
#11827 = DIRECTION ( 'NONE',  ( 1.000000000000000000, 0.000000000000000000, 0.000000000000000000 ) ) ;
#11828 = DIRECTION ( 'NONE',  ( 0.000000000000000000, 1.000000000000000000, 3.058038798877906014E-16 ) ) ;
#11829 = CARTESIAN_POINT ( 'NONE',  ( -11.42999999999999972, 6.505213034913026604E-16, -2.540000000000000924 ) ) ;
#11830 = ORIENTED_EDGE ( 'NONE', *, *, #3070, .F. ) ;
#11831 = ORIENTED_EDGE ( 'NONE', *, *, #11121, .F. ) ;
#11832 = EDGE_CURVE ( 'NONE', #11633, #4506, #5255, .T. ) ;
#11833 = ORIENTED_EDGE ( 'NONE', *, *, #9377, .T. ) ;
#11834 = EDGE_CURVE ( 'NONE', #8627, #10085, #1543, .T. ) ;
#11835 = LINE ( 'NONE', #2916, #2037 ) ;
#11836 = VECTOR ( 'NONE', #580, 1000.000000000000000 ) ;
#11837 = EDGE_CURVE ( 'NONE', #4338, #6669, #10337, .T. ) ;
#11838 = ORIENTED_EDGE ( 'NONE', *, *, #4485, .F. ) ;
#11839 = CARTESIAN_POINT ( 'NONE',  ( 6.350000000000001421, 8.509000000000000341, -2.540000000000001812 ) ) ;
#11840 = DIRECTION ( 'NONE',  ( 0.5773502691896272854, -0.5773502691896250649, -0.5773502691896250649 ) ) ;
#11841 = AXIS2_PLACEMENT_3D ( 'NONE', #9307, #363, #6493 ) ;
#11842 = VECTOR ( 'NONE', #10614, 1000.000000000000000 ) ;
#11843 = DIRECTION ( 'NONE',  ( -0.000000000000000000, 0.000000000000000000, -1.000000000000000000 ) ) ;
#11844 = FACE_OUTER_BOUND ( 'NONE', #4577, .T. ) ;
#11845 = LINE ( 'NONE', #10744, #7525 ) ;
#11846 = DIRECTION ( 'NONE',  ( 0.5773502691896268413, 0.5773502691896247319, -0.5773502691896256200 ) ) ;
#11847 = DIRECTION ( 'NONE',  ( 0.000000000000000000, 0.000000000000000000, -1.000000000000000000 ) ) ;
#11848 = VERTEX_POINT ( 'NONE', #292 ) ;
#11849 = ORIENTED_EDGE ( 'NONE', *, *, #9985, .T. ) ;
#11850 = CARTESIAN_POINT ( 'NONE',  ( -15.62099999999999866, 7.239000000000000767, 0.8889999999999997904 ) ) ;
#11851 = DIRECTION ( 'NONE',  ( 0.000000000000000000, 0.000000000000000000, -1.000000000000000000 ) ) ;
#11852 = ORIENTED_EDGE ( 'NONE', *, *, #12193, .F. ) ;
#11853 = ADVANCED_FACE ( 'NONE', ( #8391 ), #1335, .F. ) ;
#11854 = PLANE ( 'NONE',  #8582 ) ;
#11855 = ADVANCED_FACE ( 'NONE', ( #2312 ), #8262, .F. ) ;
#11856 = FACE_OUTER_BOUND ( 'NONE', #5563, .T. ) ;
#11857 = LINE ( 'NONE', #7231, #7058 ) ;
#11858 = CARTESIAN_POINT ( 'NONE',  ( 8.890000000000002345, 8.509000000000000341, -2.540000000000001812 ) ) ;
#11859 = CARTESIAN_POINT ( 'NONE',  ( 1.270000000000000240, 0.5080000000000000071, 2.022881810244992806 ) ) ;
#11860 = CARTESIAN_POINT ( 'NONE',  ( -8.445500000000002672, 8.509000000000000341, -2.540000000000001812 ) ) ;
#11861 = ORIENTED_EDGE ( 'NONE', *, *, #987, .F. ) ;
#11862 = PLANE ( 'NONE',  #5346 ) ;
#11863 = DIRECTION ( 'NONE',  ( 0.7071067811865462405, -0.7071067811865489050, 0.000000000000000000 ) ) ;
#11864 = ORIENTED_EDGE ( 'NONE', *, *, #4232, .F. ) ;
#11865 = FACE_OUTER_BOUND ( 'NONE', #4176, .T. ) ;
#11866 = ORIENTED_EDGE ( 'NONE', *, *, #11095, .F. ) ;
#11867 = EDGE_CURVE ( 'NONE', #2932, #9861, #11369, .T. ) ;
#11868 = CARTESIAN_POINT ( 'NONE',  ( -16.51000000000000156, 0.5080000000000000071, 2.022881810244992806 ) ) ;
#11869 = CARTESIAN_POINT ( 'NONE',  ( 13.97000000000000064, 6.505213034913026604E-16, -2.540000000000000924 ) ) ;
#11870 = SURFACE_SIDE_STYLE ('',( #10965 ) ) ;
#11871 = DIRECTION ( 'NONE',  ( -0.000000000000000000, 1.000000000000000000, 1.733406087350420004E-16 ) ) ;
#11872 = DIRECTION ( 'NONE',  ( -0.000000000000000000, 1.000000000000000000, 0.000000000000000000 ) ) ;
#11873 = PLANE ( 'NONE',  #10113 ) ;
#11874 = CARTESIAN_POINT ( 'NONE',  ( -8.890000000000000568, -8.578981026812224210E-17, 2.158999999999999364 ) ) ;
#11875 = VERTEX_POINT ( 'NONE', #2448 ) ;
#11876 = ORIENTED_EDGE ( 'NONE', *, *, #2776, .F. ) ;
#11877 = ORIENTED_EDGE ( 'NONE', *, *, #4315, .T. ) ;
#11878 = PLANE ( 'NONE',  #3852 ) ;
#11879 = VECTOR ( 'NONE', #5491, 1000.000000000000000 ) ;
#11880 = EDGE_CURVE ( 'NONE', #3660, #4127, #3298, .T. ) ;
#11881 = ORIENTED_EDGE ( 'NONE', *, *, #4806, .F. ) ;
#11882 = CARTESIAN_POINT ( 'NONE',  ( -9.334499999999996689, 8.509000000000000341, -2.540000000000001812 ) ) ;
#11883 = AXIS2_PLACEMENT_3D ( 'NONE', #3925, #3857, #2025 ) ;
#11884 = VECTOR ( 'NONE', #11639, 1000.000000000000000 ) ;
#11885 = ITEM_DEFINED_TRANSFORMATION ( 'NONE', 'NONE', #2258,  #2067 ) ;
#11886 = DIRECTION ( 'NONE',  ( -0.000000000000000000, 0.000000000000000000, -1.000000000000000000 ) ) ;
#11887 = CARTESIAN_POINT ( 'NONE',  ( 2.159000000000001140, 7.239000000000000767, 0.8889999999999997904 ) ) ;
#11888 = CARTESIAN_POINT ( 'NONE',  ( 8.890000000000002345, 0.5080000000000000071, 2.022881810244992806 ) ) ;
#11889 = PLANE ( 'NONE',  #6934 ) ;
#11890 = ORIENTED_EDGE ( 'NONE', *, *, #6818, .T. ) ;
#11891 = ORIENTED_EDGE ( 'NONE', *, *, #6209, .F. ) ;
#11892 = VERTEX_POINT ( 'NONE', #10402 ) ;
#11893 = DIRECTION ( 'NONE',  ( -0.5773502691896258421, 0.5773502691896236216, -0.5773502691896278405 ) ) ;
#11894 = ADVANCED_FACE ( 'NONE', ( #1474 ), #2514, .F. ) ;
#11895 = VECTOR ( 'NONE', #2120, 1000.000000000000000 ) ;
#11896 = VECTOR ( 'NONE', #4745, 1000.000000000000000 ) ;
#11897 = ORIENTED_EDGE ( 'NONE', *, *, #8259, .F. ) ;
#11898 = LINE ( 'NONE', #7029, #741 ) ;
#11899 = EDGE_CURVE ( 'NONE', #341, #11117, #6492, .T. ) ;
#11900 = LINE ( 'NONE', #1038, #805 ) ;
#11901 = ADVANCED_FACE ( 'NONE', ( #7476 ), #5517, .F. ) ;
#11902 = LINE ( 'NONE', #5671, #5390 ) ;
#11903 = LINE ( 'NONE', #2986, #7418 ) ;
#11904 = CARTESIAN_POINT ( 'NONE',  ( -8.000999999999999446, 7.239000000000000767, -0.8890000000000001235 ) ) ;
#11905 = FACE_OUTER_BOUND ( 'NONE', #7284, .T. ) ;
#11906 = VECTOR ( 'NONE', #332, 1000.000000000000000 ) ;
#11907 = VECTOR ( 'NONE', #11591, 1000.000000000000000 ) ;
#11908 = EDGE_CURVE ( 'NONE', #4800, #10231, #1908, .T. ) ;
#11909 = PRESENTATION_STYLE_ASSIGNMENT (( #6781 ) ) ;
#11910 = VERTEX_POINT ( 'NONE', #6806 ) ;
#11911 = ORIENTED_EDGE ( 'NONE', *, *, #9252, .T. ) ;
#11912 = EDGE_LOOP ( 'NONE', ( #5218, #6878, #11534, #1277 ) ) ;
#11913 = DIRECTION ( 'NONE',  ( 0.000000000000000000, -1.733406087350420004E-16, 1.000000000000000000 ) ) ;
#11914 = CARTESIAN_POINT ( 'NONE',  ( 19.30400000000000205, 8.509000000000000341, -2.540000000000001812 ) ) ;
#11915 = ORIENTED_EDGE ( 'NONE', *, *, #9770, .T. ) ;
#11916 = AXIS2_PLACEMENT_3D ( 'NONE', #1202, #9292, #8062 ) ;
#11917 = AXIS2_PLACEMENT_3D ( 'NONE', #6496, #6567, #493 ) ;
#11918 = FACE_OUTER_BOUND ( 'NONE', #5709, .T. ) ;
#11919 = CARTESIAN_POINT ( 'NONE',  ( -4.953000000000001180, 7.810500000000002885, -1.143000000000000460 ) ) ;
#11920 = DIRECTION ( 'NONE',  ( 1.000000000000000000, 0.000000000000000000, 0.000000000000000000 ) ) ;
#11921 = FACE_OUTER_BOUND ( 'NONE', #8589, .T. ) ;
#11922 = EDGE_CURVE ( 'NONE', #9097, #3352, #5038, .T. ) ;
#11923 = LINE ( 'NONE', #4844, #9183 ) ;
#11924 = DIRECTION ( 'NONE',  ( 0.000000000000000000, 0.000000000000000000, -1.000000000000000000 ) ) ;
#11925 = ORIENTED_EDGE ( 'NONE', *, *, #6981, .F. ) ;
#11926 = VECTOR ( 'NONE', #12390, 1000.000000000000000 ) ;
#11927 = PLANE ( 'NONE',  #3695 ) ;
#11928 = FACE_OUTER_BOUND ( 'NONE', #2097, .T. ) ;
#11929 = ORIENTED_EDGE ( 'NONE', *, *, #98, .T. ) ;
#11930 = EDGE_CURVE ( 'NONE', #11957, #7567, #6932, .T. ) ;
#11931 = CARTESIAN_POINT ( 'NONE',  ( -3.809999999999999165, 0.000000000000000000, 2.539999999999999147 ) ) ;
#11932 = ORIENTED_EDGE ( 'NONE', *, *, #9676, .F. ) ;
#11933 = CARTESIAN_POINT ( 'NONE',  ( 13.97000000000000064, -8.578981026812224210E-17, 2.158999999999999364 ) ) ;
#11934 = PLANE ( 'NONE',  #4332 ) ;
#11935 = UNCERTAINTY_MEASURE_WITH_UNIT (LENGTH_MEASURE( 1.000000000000000082E-05 ), #3009, 'distance_accuracy_value', 'NONE');
#11936 = CARTESIAN_POINT ( 'NONE',  ( 6.350000000000001421, 8.509000000000000341, -2.540000000000001812 ) ) ;
#11937 = CARTESIAN_POINT ( 'NONE',  ( -19.30400000000000205, 0.000000000000000000, 2.539999999999999147 ) ) ;
#11938 = LINE ( 'NONE', #5957, #973 ) ;
#11939 = LINE ( 'NONE', #10648, #5269 ) ;
#11940 = ORIENTED_EDGE ( 'NONE', *, *, #12241, .F. ) ;
#11941 = ORIENTED_EDGE ( 'NONE', *, *, #8649, .F. ) ;
#11942 = EDGE_CURVE ( 'NONE', #1887, #8698, #10770, .T. ) ;
#11943 = VERTEX_POINT ( 'NONE', #3632 ) ;
#11944 = LINE ( 'NONE', #3029, #4508 ) ;
#11945 = DIRECTION ( 'NONE',  ( 0.000000000000000000, -1.000000000000000000, 2.923638691849597351E-16 ) ) ;
#11946 = ITEM_DEFINED_TRANSFORMATION ( 'NONE', 'NONE', #8105,  #2067 ) ;
#11947 = CARTESIAN_POINT ( 'NONE',  ( 3.810000000000000941, 0.5080000000000006732, -2.022881810244994583 ) ) ;
#11948 = DIRECTION ( 'NONE',  ( 0.000000000000000000, -0.9659258262890701996, -0.2588190451025140226 ) ) ;
#11949 = DIRECTION ( 'NONE',  ( -0.000000000000000000, -0.7071067811865501263, -0.7071067811865449082 ) ) ;
#11950 = CARTESIAN_POINT ( 'NONE',  ( -3.365500000000000380, 8.509000000000000341, -2.095500000000001695 ) ) ;
#11951 = ORIENTED_EDGE ( 'NONE', *, *, #5715, .F. ) ;
#11952 = ORIENTED_EDGE ( 'NONE', *, *, #10641, .F. ) ;
#11953 = ORIENTED_EDGE ( 'NONE', *, *, #10686, .F. ) ;
#11954 = ADVANCED_FACE ( 'NONE', ( #10834 ), #4916, .F. ) ;
#11955 = LINE ( 'NONE', #2976, #7453 ) ;
#11956 = AXIS2_PLACEMENT_3D ( 'NONE', #3893, #7676, #4876 ) ;
#11957 = VERTEX_POINT ( 'NONE', #7000 ) ;
#11958 = CARTESIAN_POINT ( 'NONE',  ( 9.779000000000003467, 7.239000000000000767, 1.650999999999999801 ) ) ;
#11959 = DIRECTION ( 'NONE',  ( -1.000000000000000000, -0.000000000000000000, -0.000000000000000000 ) ) ;
#11960 = VECTOR ( 'NONE', #5797, 999.9999999999998863 ) ;
#11961 = LINE ( 'NONE', #4030, #9713 ) ;
#11962 = LINE ( 'NONE', #2791, #9852 ) ;
#11963 = CARTESIAN_POINT ( 'NONE',  ( -13.97000000000000064, -8.578981026812224210E-17, 2.158999999999999364 ) ) ;
#11964 = VECTOR ( 'NONE', #813, 1000.000000000000000 ) ;
#11965 = PRODUCT_DEFINITION ( 'UNKNOWN', '', #7491, #5039 ) ;
#11966 = CARTESIAN_POINT ( 'NONE',  ( -17.65300000000000225, 7.810500000000001997, -1.396999999999998021 ) ) ;
#11967 = ORIENTED_EDGE ( 'NONE', *, *, #3928, .T. ) ;
#11968 = VERTEX_POINT ( 'NONE', #11808 ) ;
#11969 = ORIENTED_EDGE ( 'NONE', *, *, #11480, .F. ) ;
#11970 = SURFACE_SIDE_STYLE ('',( #8015 ) ) ;
#11971 = DIRECTION ( 'NONE',  ( 0.000000000000000000, 0.000000000000000000, -1.000000000000000000 ) ) ;
#11972 = ORIENTED_EDGE ( 'NONE', *, *, #5429, .T. ) ;
#11973 = ADVANCED_FACE ( 'NONE', ( #10528 ), #877, .F. ) ;
#11974 = ADVANCED_FACE ( 'NONE', ( #2888 ), #1613, .F. ) ;
#11975 = AXIS2_PLACEMENT_3D ( 'NONE', #11839, #6898, #5917 ) ;
#11976 = EDGE_CURVE ( 'NONE', #8954, #8822, #4858, .T. ) ;
#11977 = AXIS2_PLACEMENT_3D ( 'NONE', #6250, #5341, #2399 ) ;
#11978 = EDGE_CURVE ( 'NONE', #12763, #1031, #7976, .T. ) ;
#11979 = VECTOR ( 'NONE', #2396, 1000.000000000000000 ) ;
#11980 = LINE ( 'NONE', #6179, #10236 ) ;
#11981 = ADVANCED_FACE ( 'NONE', ( #3017 ), #11934, .F. ) ;
#11982 = DIRECTION ( 'NONE',  ( -1.000000000000000000, 0.000000000000000000, 0.000000000000000000 ) ) ;
#11983 = FACE_OUTER_BOUND ( 'NONE', #6930, .T. ) ;
#11984 = DIRECTION ( 'NONE',  ( 0.000000000000000000, -0.9659258262890700886, 0.2588190451025140781 ) ) ;
#11985 = CARTESIAN_POINT ( 'NONE',  ( 10.54100000000000215, 7.239000000000000767, -1.651000000000000023 ) ) ;
#11986 = CARTESIAN_POINT ( 'NONE',  ( -4.698999999999999844, 8.064500000000002444, -0.8890000000000000124 ) ) ;
#11987 = ORIENTED_EDGE ( 'NONE', *, *, #3178, .T. ) ;
#11988 = AXIS2_PLACEMENT_3D ( 'NONE', #8899, #747, #6874 ) ;
#11989 = LINE ( 'NONE', #8220, #2983 ) ;
#11990 = ORIENTED_EDGE ( 'NONE', *, *, #10009, .F. ) ;
#11991 = EDGE_CURVE ( 'NONE', #8052, #11172, #9571, .T. ) ;
#11992 = EDGE_CURVE ( 'NONE', #5458, #601, #6870, .T. ) ;
#11993 = EDGE_CURVE ( 'NONE', #10557, #2231, #629, .T. ) ;
#11994 = DIRECTION ( 'NONE',  ( -0.000000000000000000, 1.000000000000000000, 1.733406087350420004E-16 ) ) ;
#11995 = ORIENTED_EDGE ( 'NONE', *, *, #7931, .T. ) ;
#11996 = AXIS2_PLACEMENT_3D ( 'NONE', #9604, #5694, #10570 ) ;
#11997 = CARTESIAN_POINT ( 'NONE',  ( 8.890000000000002345, -8.578981026812224210E-17, 2.158999999999999364 ) ) ;
#11998 = DIRECTION ( 'NONE',  ( 1.000000000000000000, 0.000000000000000000, 0.000000000000000000 ) ) ;
#11999 = FACE_OUTER_BOUND ( 'NONE', #10166, .T. ) ;
#12000 = CARTESIAN_POINT ( 'NONE',  ( 8.001000000000001222, 8.064500000000002444, -0.8890000000000001235 ) ) ;
#12001 = DIRECTION ( 'NONE',  ( -1.000000000000000000, 0.000000000000000000, -0.000000000000000000 ) ) ;
#12002 = ORIENTED_EDGE ( 'NONE', *, *, #7786, .T. ) ;
#12003 = VECTOR ( 'NONE', #5148, 1000.000000000000000 ) ;
#12004 = FACE_OUTER_BOUND ( 'NONE', #12813, .T. ) ;
#12005 = CARTESIAN_POINT ( 'NONE',  ( -13.97000000000000064, 8.509000000000000341, 0.4444999999999970086 ) ) ;
#12006 = EDGE_LOOP ( 'NONE', ( #10294, #9115, #1622, #6509 ) ) ;
#12007 = VECTOR ( 'NONE', #9116, 1000.000000000000000 ) ;
#12008 = EDGE_CURVE ( 'NONE', #7061, #12341, #4613, .T. ) ;
#12009 = EDGE_LOOP ( 'NONE', ( #12423, #12033, #901, #12308 ) ) ;
#12010 = AXIS2_PLACEMENT_3D ( 'NONE', #2339, #10296, #4376 ) ;
#12011 = CARTESIAN_POINT ( 'NONE',  ( 9.779000000000003467, 7.239000000000000767, 1.650999999999999801 ) ) ;
#12012 = EDGE_CURVE ( 'NONE', #9162, #11269, #5889, .T. ) ;
#12013 = AXIS2_PLACEMENT_3D ( 'NONE', #5568, #4529, #7385 ) ;
#12014 = CONTEXT_DEPENDENT_SHAPE_REPRESENTATION ( #10632, #4293 ) ;
#12015 = DIRECTION ( 'NONE',  ( -0.000000000000000000, 1.000000000000000000, 1.733406087350420004E-16 ) ) ;
#12016 = DIRECTION ( 'NONE',  ( 0.000000000000000000, -1.733406087350420004E-16, 1.000000000000000000 ) ) ;
#12017 = CARTESIAN_POINT ( 'NONE',  ( -8.890000000000000568, 0.000000000000000000, 2.539999999999999147 ) ) ;
#12018 = PLANE ( 'NONE',  #11916 ) ;
#12019 = VERTEX_POINT ( 'NONE', #8892 ) ;
#12020 = ORIENTED_EDGE ( 'NONE', *, *, #5267, .T. ) ;
#12021 = ORIENTED_EDGE ( 'NONE', *, *, #4983, .F. ) ;
#12022 = AXIS2_PLACEMENT_3D ( 'NONE', #7943, #2130, #1095 ) ;
#12023 = VERTEX_POINT ( 'NONE', #12852 ) ;
#12024 = CARTESIAN_POINT ( 'NONE',  ( -19.05000000000000071, 8.509000000000000341, 2.540000000000001812 ) ) ;
#12025 = DIRECTION ( 'NONE',  ( 0.000000000000000000, 0.000000000000000000, 1.000000000000000000 ) ) ;
#12026 = EDGE_CURVE ( 'NONE', #6555, #11473, #7914, .T. ) ;
#12027 = PLANE ( 'NONE',  #604 ) ;
#12028 = DIRECTION ( 'NONE',  ( -1.000000000000000000, -0.000000000000000000, -0.000000000000000000 ) ) ;
#12029 = DIRECTION ( 'NONE',  ( 0.000000000000000000, 0.2588190451025140226, 0.9659258262890700886 ) ) ;
#12030 = DIRECTION ( 'NONE',  ( 0.000000000000000000, 0.000000000000000000, -1.000000000000000000 ) ) ;
#12031 = VECTOR ( 'NONE', #379, 1000.000000000000000 ) ;
#12032 = LINE ( 'NONE', #11966, #6080 ) ;
#12033 = ORIENTED_EDGE ( 'NONE', *, *, #12136, .F. ) ;
#12034 = ORIENTED_EDGE ( 'NONE', *, *, #3551, .T. ) ;
#12035 = ORIENTED_EDGE ( 'NONE', *, *, #1896, .T. ) ;
#12036 = ORIENTED_EDGE ( 'NONE', *, *, #1252, .F. ) ;
#12037 = VECTOR ( 'NONE', #4504, 1000.000000000000000 ) ;
#12038 = CARTESIAN_POINT ( 'NONE',  ( 8.445500000000004448, 8.509000000000000341, -2.540000000000001812 ) ) ;
#12039 = CARTESIAN_POINT ( 'NONE',  ( 4.699000000000001620, 7.239000000000000767, -0.8890000000000001235 ) ) ;
#12040 = LINE ( 'NONE', #9248, #1852 ) ;
#12041 = DIRECTION ( 'NONE',  ( 0.000000000000000000, -0.000000000000000000, -1.000000000000000000 ) ) ;
#12042 = PLANE ( 'NONE',  #9209 ) ;
#12043 = CARTESIAN_POINT ( 'NONE',  ( 15.62099999999999866, 8.064499999999998892, 1.650999999999999801 ) ) ;
#12044 = PLANE ( 'NONE',  #7829 ) ;
#12045 = ORIENTED_EDGE ( 'NONE', *, *, #8239, .T. ) ;
#12046 = FACE_OUTER_BOUND ( 'NONE', #6385, .T. ) ;
#12047 = CARTESIAN_POINT ( 'NONE',  ( -7.239000000000000767, 7.239000000000000767, 1.650999999999999801 ) ) ;
#12048 = ORIENTED_EDGE ( 'NONE', *, *, #9260, .T. ) ;
#12049 = EDGE_CURVE ( 'NONE', #11416, #12846, #5951, .T. ) ;
#12050 = ADVANCED_FACE ( 'NONE', ( #8161 ), #9076, .F. ) ;
#12051 = LINE ( 'NONE', #11384, #318 ) ;
#12052 = ORIENTED_EDGE ( 'NONE', *, *, #2359, .T. ) ;
#12053 = FACE_OUTER_BOUND ( 'NONE', #2424, .T. ) ;
#12054 = CARTESIAN_POINT ( 'NONE',  ( -19.05000000000000071, 0.5080000000000006732, -2.022881810244994583 ) ) ;
#12055 = EDGE_CURVE ( 'NONE', #589, #3338, #6075, .T. ) ;
#12056 = EDGE_CURVE ( 'NONE', #3011, #10650, #10111, .T. ) ;
#12057 =( NAMED_UNIT ( * ) PLANE_ANGLE_UNIT ( ) SI_UNIT ( $, .RADIAN. ) );
#12058 = DIRECTION ( 'NONE',  ( 0.000000000000000000, 1.000000000000000000, -2.251701056906096594E-16 ) ) ;
#12059 = CARTESIAN_POINT ( 'NONE',  ( -2.920999999999999819, 7.239000000000000767, 1.650999999999999801 ) ) ;
#12060 = ORIENTED_EDGE ( 'NONE', *, *, #7765, .F. ) ;
#12061 = EDGE_CURVE ( 'NONE', #2080, #5525, #3334, .T. ) ;
#12062 = CARTESIAN_POINT ( 'NONE',  ( -0.8254999999999999005, 8.509000000000000341, -2.095500000000001695 ) ) ;
#12063 = DIRECTION ( 'NONE',  ( -0.000000000000000000, 0.000000000000000000, 1.000000000000000000 ) ) ;
#12064 = EDGE_CURVE ( 'NONE', #981, #4235, #9140, .T. ) ;
#12065 = ORIENTED_EDGE ( 'NONE', *, *, #3822, .F. ) ;
#12066 = DIRECTION ( 'NONE',  ( 0.000000000000000000, 0.000000000000000000, -1.000000000000000000 ) ) ;
#12067 = VERTEX_POINT ( 'NONE', #11146 ) ;
#12068 = CARTESIAN_POINT ( 'NONE',  ( 3.810000000000000941, -8.578981026812224210E-17, 2.158999999999999364 ) ) ;
#12069 = ITEM_DEFINED_TRANSFORMATION ( 'NONE', 'NONE', #11841,  #2067 ) ;
#12070 = DIRECTION ( 'NONE',  ( 0.000000000000000000, 0.000000000000000000, -1.000000000000000000 ) ) ;
#12071 = PLANE ( 'NONE',  #3999 ) ;
#12072 = ADVANCED_FACE ( 'NONE', ( #5165 ), #3136, .F. ) ;
#12073 = AXIS2_PLACEMENT_3D ( 'NONE', #799, #11612, #10628 ) ;
#12074 = DIRECTION ( 'NONE',  ( 0.000000000000000000, 1.000000000000000000, -1.019346266292635338E-16 ) ) ;
#12075 = FACE_OUTER_BOUND ( 'NONE', #1032, .T. ) ;
#12076 = VERTEX_POINT ( 'NONE', #8227 ) ;
#12077 = ORIENTED_EDGE ( 'NONE', *, *, #3166, .T. ) ;
#12078 = ORIENTED_EDGE ( 'NONE', *, *, #8748, .T. ) ;
#12079 = EDGE_CURVE ( 'NONE', #1057, #12372, #2222, .T. ) ;
#12080 = ORIENTED_EDGE ( 'NONE', *, *, #10627, .T. ) ;
#12081 = PLANE ( 'NONE',  #8030 ) ;
#12082 = CARTESIAN_POINT ( 'NONE',  ( -3.809999999999999165, 8.509000000000000341, 2.540000000000001812 ) ) ;
#12083 = FILL_AREA_STYLE ('',( #3109 ) ) ;
#12084 = DIRECTION ( 'NONE',  ( -1.000000000000000000, -0.000000000000000000, -0.000000000000000000 ) ) ;
#12085 = LINE ( 'NONE', #5195, #2945 ) ;
#12086 = LINE ( 'NONE', #9237, #9213 ) ;
#12087 = CARTESIAN_POINT ( 'NONE',  ( 2.159000000000001140, 7.239000000000000767, 0.8889999999999997904 ) ) ;
#12088 = ORIENTED_EDGE ( 'NONE', *, *, #10100, .T. ) ;
#12089 = VERTEX_POINT ( 'NONE', #4122 ) ;
#12090 = ORIENTED_EDGE ( 'NONE', *, *, #8837, .F. ) ;
#12091 = VECTOR ( 'NONE', #4198, 999.9999999999998863 ) ;
#12092 = LINE ( 'NONE', #5927, #4312 ) ;
#12093 = VECTOR ( 'NONE', #10415, 1000.000000000000000 ) ;
#12094 = ADVANCED_FACE ( 'NONE', ( #2285 ), #143, .F. ) ;
#12095 = LINE ( 'NONE', #1224, #671 ) ;
#12096 = VECTOR ( 'NONE', #2136, 1000.000000000000000 ) ;
#12097 = FACE_OUTER_BOUND ( 'NONE', #6173, .T. ) ;
#12098 = VECTOR ( 'NONE', #7900, 1000.000000000000000 ) ;
#12099 = CARTESIAN_POINT ( 'NONE',  ( -0.3809999999999993947, 8.064500000000002444, -0.8890000000000000124 ) ) ;
#12100 = FACE_OUTER_BOUND ( 'NONE', #11569, .T. ) ;
#12101 = CARTESIAN_POINT ( 'NONE',  ( -8.000999999999999446, 7.239000000000000767, -1.651000000000000023 ) ) ;
#12102 = DIRECTION ( 'NONE',  ( 0.000000000000000000, 1.607907343367028359E-16, -1.000000000000000000 ) ) ;
#12103 = ADVANCED_FACE ( 'NONE', ( #8104 ), #393, .F. ) ;
#12104 = LINE ( 'NONE', #3187, #1586 ) ;
#12105 = ORIENTED_EDGE ( 'NONE', *, *, #8955, .T. ) ;
#12106 = ORIENTED_EDGE ( 'NONE', *, *, #1221, .T. ) ;
#12107 = PRESENTATION_STYLE_ASSIGNMENT (( #4050 ) ) ;
#12108 = VECTOR ( 'NONE', #10208, 1000.000000000000000 ) ;
#12109 = DIRECTION ( 'NONE',  ( 0.000000000000000000, 0.000000000000000000, 1.000000000000000000 ) ) ;
#12110 = ORIENTED_EDGE ( 'NONE', *, *, #351, .F. ) ;
#12111 = VERTEX_POINT ( 'NONE', #12054 ) ;
#12112 = VECTOR ( 'NONE', #3507, 1000.000000000000000 ) ;
#12113 = AXIS2_PLACEMENT_3D ( 'NONE', #5985, #3050, #10868 ) ;
#12114 = CARTESIAN_POINT ( 'NONE',  ( -8.890000000000000568, 8.509000000000000341, -2.540000000000001812 ) ) ;
#12115 = VERTEX_POINT ( 'NONE', #327 ) ;
#12116 = DIRECTION ( 'NONE',  ( 1.000000000000000000, 0.000000000000000000, 0.000000000000000000 ) ) ;
#12117 = CARTESIAN_POINT ( 'NONE',  ( -2.920999999999999819, 7.239000000000000767, -0.8890000000000001235 ) ) ;
#12118 = FACE_OUTER_BOUND ( 'NONE', #7439, .T. ) ;
#12119 = STYLED_ITEM ( 'NONE', ( #11420 ), #6333 ) ;
#12120 = VECTOR ( 'NONE', #5048, 1000.000000000000000 ) ;
#12121 = ADVANCED_FACE ( 'NONE', ( #6131 ), #2102, .F. ) ;
#12122 = PLANE ( 'NONE',  #2393 ) ;
#12123 = CARTESIAN_POINT ( 'NONE',  ( 5.461000000000000298, 7.239000000000000767, -0.8890000000000001235 ) ) ;
#12124 = EDGE_LOOP ( 'NONE', ( #137, #2761, #2836, #8036 ) ) ;
#12125 = LINE ( 'NONE', #7127, #11147 ) ;
#12126 = CARTESIAN_POINT ( 'NONE',  ( 3.810000000000000941, 0.5080000000000000071, 2.022881810244992806 ) ) ;
#12127 = EDGE_LOOP ( 'NONE', ( #3784, #6433, #12347, #5968 ) ) ;
#12128 = EDGE_CURVE ( 'NONE', #5772, #6521, #1126, .T. ) ;
#12129 = EDGE_CURVE ( 'NONE', #11269, #1316, #7118, .T. ) ;
#12130 = CARTESIAN_POINT ( 'NONE',  ( 18.16100000000000136, 7.239000000000000767, -0.8890000000000001235 ) ) ;
#12131 = ORIENTED_EDGE ( 'NONE', *, *, #8239, .F. ) ;
#12132 = ADVANCED_FACE ( 'NONE', ( #1243, #1305, #3267 ), #5103, .F. ) ;
#12133 = DIRECTION ( 'NONE',  ( 0.000000000000000000, -1.000000000000000000, 0.000000000000000000 ) ) ;
#12134 = ADVANCED_FACE ( 'NONE', ( #7308 ), #11276, .F. ) ;
#12135 = LINE ( 'NONE', #5730, #10031 ) ;
#12136 = EDGE_CURVE ( 'NONE', #7185, #9847, #9469, .T. ) ;
#12137 = ITEM_DEFINED_TRANSFORMATION ( 'NONE', 'NONE', #6435,  #2067 ) ;
#12138 = FACE_OUTER_BOUND ( 'NONE', #5289, .T. ) ;
#12139 = LINE ( 'NONE', #1322, #1912 ) ;
#12140 = FACE_OUTER_BOUND ( 'NONE', #10362, .T. ) ;
#12141 = CARTESIAN_POINT ( 'NONE',  ( 8.445500000000004448, 8.509000000000000341, 0.4444999999999970086 ) ) ;
#12142 = EDGE_LOOP ( 'NONE', ( #3440, #4689, #2028, #1871 ) ) ;
#12143 = ORIENTED_EDGE ( 'NONE', *, *, #7458, .T. ) ;
#12144 = VERTEX_POINT ( 'NONE', #9599 ) ;
#12145 = ORIENTED_EDGE ( 'NONE', *, *, #8999, .T. ) ;
#12146 = EDGE_CURVE ( 'NONE', #1077, #4506, #12380, .T. ) ;
#12147 =( GEOMETRIC_REPRESENTATION_CONTEXT ( 3 ) GLOBAL_UNCERTAINTY_ASSIGNED_CONTEXT ( ( #1778 ) ) GLOBAL_UNIT_ASSIGNED_CONTEXT ( ( #4399, #9219, #8374 ) ) REPRESENTATION_CONTEXT ( 'NONE', 'WORKASPACE' ) );
#12148 = CARTESIAN_POINT ( 'NONE',  ( -5.460999999999998522, 8.064499999999998892, 1.650999999999999801 ) ) ;
#12149 = LINE ( 'NONE', #48, #11401 ) ;
#12150 = CARTESIAN_POINT ( 'NONE',  ( 2.666999999999999371, 7.810500000000001997, -1.396999999999998021 ) ) ;
#12151 = LINE ( 'NONE', #4089, #9914 ) ;
#12152 = CARTESIAN_POINT ( 'NONE',  ( -8.890000000000000568, 0.5080000000000000071, 2.022881810244992806 ) ) ;
#12153 = CARTESIAN_POINT ( 'NONE',  ( 12.31900000000000084, 7.239000000000000767, -0.8890000000000001235 ) ) ;
#12154 = CARTESIAN_POINT ( 'NONE',  ( 3.810000000000000941, 8.509000000000000341, -2.540000000000001812 ) ) ;
#12155 = ORIENTED_EDGE ( 'NONE', *, *, #6017, .T. ) ;
#12156 = VERTEX_POINT ( 'NONE', #11536 ) ;
#12157 = VERTEX_POINT ( 'NONE', #6460 ) ;
#12158 = CARTESIAN_POINT ( 'NONE',  ( 13.97000000000000064, 8.509000000000000341, 2.540000000000001812 ) ) ;
#12159 = AXIS2_PLACEMENT_3D ( 'NONE', #9357, #545, #3348 ) ;
#12160 = VERTEX_POINT ( 'NONE', #8552 ) ;
#12161 = CARTESIAN_POINT ( 'NONE',  ( 13.08099999999999952, 8.064500000000002444, -0.8890000000000001235 ) ) ;
#12163 = FACE_OUTER_BOUND ( 'NONE', #10841, .T. ) ;
#12162 = AXIS2_PLACEMENT_3D ( 'NONE', #9407, #4457, #8428 ) ;
#12164 = LINE ( 'NONE', #4044, #8726 ) ;
#12165 = DIRECTION ( 'NONE',  ( -1.000000000000000000, 0.000000000000000000, 0.000000000000000000 ) ) ;
#12166 = FACE_OUTER_BOUND ( 'NONE', #5022, .T. ) ;
#12167 = EDGE_CURVE ( 'NONE', #4705, #10237, #6671, .T. ) ;
#12168 = CARTESIAN_POINT ( 'NONE',  ( 11.43000000000000327, 0.000000000000000000, 0.000000000000000000 ) ) ;
#12169 = LINE ( 'NONE', #12238, #2192 ) ;
#12170 = ORIENTED_EDGE ( 'NONE', *, *, #8325, .T. ) ;
#12171 = ORIENTED_EDGE ( 'NONE', *, *, #1225, .F. ) ;
#12172 = CARTESIAN_POINT ( 'NONE',  ( 12.31900000000000084, 8.064499999999998892, 1.650999999999999801 ) ) ;
#12173 = VECTOR ( 'NONE', #3933, 1000.000000000000000 ) ;
#12174 = CARTESIAN_POINT ( 'NONE',  ( -13.08099999999999952, 7.239000000000000767, 1.650999999999999801 ) ) ;
#12175 = ORIENTED_EDGE ( 'NONE', *, *, #5871, .T. ) ;
#12176 = ORIENTED_EDGE ( 'NONE', *, *, #1969, .F. ) ;
#12177 = VECTOR ( 'NONE', #2910, 999.9999999999998863 ) ;
#12178 = AXIS2_PLACEMENT_3D ( 'NONE', #2923, #1945, #7945 ) ;
#12179 = ORIENTED_EDGE ( 'NONE', *, *, #8577, .T. ) ;
#12180 = VECTOR ( 'NONE', #1411, 1000.000000000000000 ) ;
#12181 = DIRECTION ( 'NONE',  ( -0.000000000000000000, 0.000000000000000000, 1.000000000000000000 ) ) ;
#12182 = DIRECTION ( 'NONE',  ( 0.000000000000000000, 0.2588190451025140226, -0.9659258262890701996 ) ) ;
#12183 = EDGE_CURVE ( 'NONE', #1610, #3975, #4650, .T. ) ;
#12184 = VECTOR ( 'NONE', #2437, 1000.000000000000000 ) ;
#12185 = LINE ( 'NONE', #6264, #4492 ) ;
#12186 = VECTOR ( 'NONE', #9220, 1000.000000000000000 ) ;
#12187 = DIRECTION ( 'NONE',  ( 0.000000000000000000, 0.000000000000000000, 1.000000000000000000 ) ) ;
#12188 = ORIENTED_EDGE ( 'NONE', *, *, #6677, .F. ) ;
#12189 = CARTESIAN_POINT ( 'NONE',  ( -16.95449999999999946, 8.509000000000000341, -2.095500000000001695 ) ) ;
#12190 = LINE ( 'NONE', #8303, #5699 ) ;
#12191 = ORIENTED_EDGE ( 'NONE', *, *, #7925, .F. ) ;
#12192 = CARTESIAN_POINT ( 'NONE',  ( -2.413000000000002032, 7.810499999999998444, 1.143000000000000016 ) ) ;
#12193 = EDGE_CURVE ( 'NONE', #1746, #12621, #2412, .T. ) ;
#12194 = AXIS2_PLACEMENT_3D ( 'NONE', #12172, #1361, #3458 ) ;
#12195 = DIRECTION ( 'NONE',  ( 0.5773502691896258421, 0.5773502691896236216, -0.5773502691896278405 ) ) ;
#12196 = ORIENTED_EDGE ( 'NONE', *, *, #9818, .F. ) ;
#12197 = FACE_OUTER_BOUND ( 'NONE', #11266, .T. ) ;
#12198 = CARTESIAN_POINT ( 'NONE',  ( -19.30400000000000205, 4.336808689942017736E-16, -2.159000000000001140 ) ) ;
#12199 = DIRECTION ( 'NONE',  ( -0.000000000000000000, 1.000000000000000000, 1.733406087350420004E-16 ) ) ;
#12200 = DIRECTION ( 'NONE',  ( 0.7071067811865462405, -0.7071067811865489050, 0.000000000000000000 ) ) ;
#12201 = LINE ( 'NONE', #2121, #3041 ) ;
#12202 = PRESENTATION_LAYER_ASSIGNMENT (  '', '', ( #5570 ) ) ;
#12203 = CARTESIAN_POINT ( 'NONE',  ( 1.270000000000000240, 6.505213034913026604E-16, -2.540000000000000924 ) ) ;
#12204 = ORIENTED_EDGE ( 'NONE', *, *, #8360, .T. ) ;
#12205 = ORIENTED_EDGE ( 'NONE', *, *, #4117, .F. ) ;
#12206 = ORIENTED_EDGE ( 'NONE', *, *, #6677, .T. ) ;
#12207 = DIRECTION ( 'NONE',  ( 0.000000000000000000, 1.000000000000000000, 3.058038798877906014E-16 ) ) ;
#12208 = EDGE_CURVE ( 'NONE', #8014, #8323, #10564, .T. ) ;
#12209 = VECTOR ( 'NONE', #10689, 1000.000000000000000 ) ;
#12210 = EDGE_CURVE ( 'NONE', #9861, #6110, #5624, .T. ) ;
#12211 = ORIENTED_EDGE ( 'NONE', *, *, #1409, .T. ) ;
#12212 = VECTOR ( 'NONE', #6774, 1000.000000000000000 ) ;
#12213 = PLANE ( 'NONE',  #11776 ) ;
#12214 = CARTESIAN_POINT ( 'NONE',  ( -18.16100000000000136, 7.239000000000000767, 1.650999999999999801 ) ) ;
#12215 = SURFACE_SIDE_STYLE ('',( #1544 ) ) ;
#12216 = CARTESIAN_POINT ( 'NONE',  ( -4.698999999999999844, 7.239000000000000767, -1.651000000000000023 ) ) ;
#12217 = ADVANCED_FACE ( 'NONE', ( #9663 ), #525, .F. ) ;
#12218 = CARTESIAN_POINT ( 'NONE',  ( -3.809999999999999165, 8.509000000000000341, 0.4444999999999970086 ) ) ;
#12219 = VECTOR ( 'NONE', #588, 1000.000000000000000 ) ;
#12220 = CARTESIAN_POINT ( 'NONE',  ( 13.52550000000000274, 8.509000000000000341, 0.4444999999999970086 ) ) ;
#12221 = EDGE_CURVE ( 'NONE', #4235, #10231, #12448, .T. ) ;
#12222 = LINE ( 'NONE', #7281, #6289 ) ;
#12223 = ORIENTED_EDGE ( 'NONE', *, *, #762, .T. ) ;
#12224 = ORIENTED_EDGE ( 'NONE', *, *, #9210, .T. ) ;
#12225 = VERTEX_POINT ( 'NONE', #7509 ) ;
#12226 = ADVANCED_FACE ( 'NONE', ( #8359 ), #7442, .T. ) ;
#12227 = FACE_OUTER_BOUND ( 'NONE', #5602, .T. ) ;
#12228 = AXIS2_PLACEMENT_3D ( 'NONE', #7542, #5448, #1270 ) ;
#12229 = ORIENTED_EDGE ( 'NONE', *, *, #4100, .F. ) ;
#12230 = CARTESIAN_POINT ( 'NONE',  ( -19.05000000000000071, 4.336808689942017736E-16, -2.159000000000001140 ) ) ;
#12231 = FACE_OUTER_BOUND ( 'NONE', #10405, .T. ) ;
#12232 = VECTOR ( 'NONE', #7562, 1000.000000000000000 ) ;
#12233 = DIRECTION ( 'NONE',  ( -0.5773502691896259531, -0.5773502691896237327, -0.5773502691896276184 ) ) ;
#12234 = DIRECTION ( 'NONE',  ( 0.000000000000000000, 0.000000000000000000, -1.000000000000000000 ) ) ;
#12235 = LINE ( 'NONE', #2089, #542 ) ;
#12236 = LINE ( 'NONE', #5338, #10872 ) ;
#12237 = CARTESIAN_POINT ( 'NONE',  ( -1.270000000000000240, 8.509000000000000341, -2.540000000000001812 ) ) ;
#12238 = CARTESIAN_POINT ( 'NONE',  ( -0.3810000000000000053, 0.5079999999999997851, -1.473200000000000953 ) ) ;
#12239 = ORIENTED_EDGE ( 'NONE', *, *, #1108, .F. ) ;
#12240 = ORIENTED_EDGE ( 'NONE', *, *, #6578, .F. ) ;
#12241 = EDGE_CURVE ( 'NONE', #3851, #3761, #3400, .T. ) ;
#12242 =( LENGTH_UNIT ( ) NAMED_UNIT ( * ) SI_UNIT ( .MILLI., .METRE. ) );
#12243 = CARTESIAN_POINT ( 'NONE',  ( -16.51000000000000156, 0.000000000000000000, 2.539999999999999147 ) ) ;
#12244 = ORIENTED_EDGE ( 'NONE', *, *, #8021, .F. ) ;
#12245 = VERTEX_POINT ( 'NONE', #11610 ) ;
#12246 = VECTOR ( 'NONE', #513, 1000.000000000000000 ) ;
#12247 = EDGE_CURVE ( 'NONE', #818, #6140, #2612, .T. ) ;
#12248 = VERTEX_POINT ( 'NONE', #11334 ) ;
#12249 = LINE ( 'NONE', #3266, #7660 ) ;
#12250 = DIRECTION ( 'NONE',  ( 0.000000000000000000, -0.000000000000000000, -1.000000000000000000 ) ) ;
#12251 = LINE ( 'NONE', #12317, #4385 ) ;
#12252 = ORIENTED_EDGE ( 'NONE', *, *, #3735, .F. ) ;
#12253 = CARTESIAN_POINT ( 'NONE',  ( -19.30400000000000205, 4.336808689942017736E-16, -2.159000000000001140 ) ) ;
#12254 = AXIS2_PLACEMENT_3D ( 'NONE', #6314, #10359, #5153 ) ;
#12255 = PLANE ( 'NONE',  #5683 ) ;
#12256 = VERTEX_POINT ( 'NONE', #6395 ) ;
#12257 = DIRECTION ( 'NONE',  ( 0.000000000000000000, 1.733406087350420004E-16, -1.000000000000000000 ) ) ;
#12258 = DIRECTION ( 'NONE',  ( -1.000000000000000000, -0.000000000000000000, -0.000000000000000000 ) ) ;
#12259 = VERTEX_POINT ( 'NONE', #5416 ) ;
#12260 = LINE ( 'NONE', #8432, #1625 ) ;
#12261 = ADVANCED_FACE ( 'NONE', ( #5558 ), #3533, .F. ) ;
#12262 = LINE ( 'NONE', #3411, #9033 ) ;
#12263 = VERTEX_POINT ( 'NONE', #12510 ) ;
#12264 = DIRECTION ( 'NONE',  ( -0.000000000000000000, -0.7071067811865482389, -0.7071067811865469066 ) ) ;
#12265 =( NAMED_UNIT ( * ) PLANE_ANGLE_UNIT ( ) SI_UNIT ( $, .RADIAN. ) );
#12266 = LINE ( 'NONE', #7464, #11543 ) ;
#12267 = DIRECTION ( 'NONE',  ( 0.000000000000000000, -5.691349986800550837E-16, 1.000000000000000000 ) ) ;
#12268 = CARTESIAN_POINT ( 'NONE',  ( -8.000999999999999446, 7.239000000000000767, -0.8890000000000001235 ) ) ;
#12269 = ADVANCED_FACE ( 'NONE', ( #11404 ), #10430, .F. ) ;
#12270 = CARTESIAN_POINT ( 'NONE',  ( -6.349999999999999645, 8.509000000000000341, 2.540000000000001812 ) ) ;
#12271 = ORIENTED_EDGE ( 'NONE', *, *, #8241, .T. ) ;
#12272 = ORIENTED_EDGE ( 'NONE', *, *, #6919, .T. ) ;
#12273 = ORIENTED_EDGE ( 'NONE', *, *, #10559, .T. ) ;
#12274 = FACE_OUTER_BOUND ( 'NONE', #3944, .T. ) ;
#12275 = ORIENTED_EDGE ( 'NONE', *, *, #2061, .T. ) ;
#12276 = EDGE_LOOP ( 'NONE', ( #1745, #6153, #3203, #8832 ) ) ;
#12277 = CARTESIAN_POINT ( 'NONE',  ( -4.698999999999999844, 8.064500000000002444, -0.8890000000000001235 ) ) ;
#12278 = DIRECTION ( 'NONE',  ( -0.000000000000000000, 1.019346266292635338E-16, 1.000000000000000000 ) ) ;
#12279 = VECTOR ( 'NONE', #12512, 1000.000000000000000 ) ;
#12280 = SHAPE_REPRESENTATION_RELATIONSHIP ( 'NONE' , 'NONE' ,  #10636, #841 ) ;
#12281 = DIRECTION ( 'NONE',  ( 0.000000000000000000, 0.000000000000000000, 1.000000000000000000 ) ) ;
#12282 = DIRECTION ( 'NONE',  ( 0.000000000000000000, 0.000000000000000000, 1.000000000000000000 ) ) ;
#12283 = CARTESIAN_POINT ( 'NONE',  ( 13.97000000000000064, 0.5080000000000000071, 2.022881810244992806 ) ) ;
#12284 = EDGE_CURVE ( 'NONE', #10426, #11596, #4582, .T. ) ;
#12285 = DIRECTION ( 'NONE',  ( 0.000000000000000000, 0.000000000000000000, 1.000000000000000000 ) ) ;
#12286 = VERTEX_POINT ( 'NONE', #9857 ) ;
#12287 = VERTEX_POINT ( 'NONE', #4842 ) ;
#12288 = ORIENTED_EDGE ( 'NONE', *, *, #11193, .T. ) ;
#12289 = CARTESIAN_POINT ( 'NONE',  ( -19.05000000000000071, 0.5080000000000006732, -2.022881810244994583 ) ) ;
#12290 = EDGE_CURVE ( 'NONE', #7256, #2072, #1763, .T. ) ;
#12291 = EDGE_LOOP ( 'NONE', ( #1588, #10665, #9702, #12204 ) ) ;
#12292 = EDGE_CURVE ( 'NONE', #9658, #2824, #3794, .T. ) ;
#12293 = DIRECTION ( 'NONE',  ( 0.000000000000000000, 0.000000000000000000, -1.000000000000000000 ) ) ;
#12294 = CARTESIAN_POINT ( 'NONE',  ( -8.890000000000000568, 6.505213034913026604E-16, -2.540000000000000924 ) ) ;
#12295 = DIRECTION ( 'NONE',  ( -0.000000000000000000, 0.000000000000000000, 1.000000000000000000 ) ) ;
#12296 = EDGE_CURVE ( 'NONE', #2973, #7613, #6731, .T. ) ;
#12297 = CARTESIAN_POINT ( 'NONE',  ( 6.350000000000001421, 4.336808689942017736E-16, -2.159000000000001140 ) ) ;
#12298 = CARTESIAN_POINT ( 'NONE',  ( -6.349999999999999645, 6.505213034913026604E-16, -2.540000000000000924 ) ) ;
#12299 = FACE_OUTER_BOUND ( 'NONE', #11205, .T. ) ;
#12300 = LINE ( 'NONE', #4441, #7954 ) ;
#12301 = VECTOR ( 'NONE', #7791, 1000.000000000000000 ) ;
#12302 = ADVANCED_FACE ( 'NONE', ( #6001 ), #12772, .F. ) ;
#12303 = DIRECTION ( 'NONE',  ( 0.000000000000000000, 0.000000000000000000, 1.000000000000000000 ) ) ;
#12304 = ORIENTED_EDGE ( 'NONE', *, *, #1332, .T. ) ;
#12305 = ORIENTED_EDGE ( 'NONE', *, *, #2033, .T. ) ;
#12306 = DIRECTION ( 'NONE',  ( 1.000000000000000000, 0.000000000000000000, 0.000000000000000000 ) ) ;
#12307 = DIRECTION ( 'NONE',  ( 0.000000000000000000, 1.000000000000000000, -2.251701056906096594E-16 ) ) ;
#12308 = ORIENTED_EDGE ( 'NONE', *, *, #6045, .T. ) ;
#12309 = ORIENTED_EDGE ( 'NONE', *, *, #2264, .F. ) ;
#12310 = VECTOR ( 'NONE', #12628, 1000.000000000000000 ) ;
#12311 = STYLED_ITEM ( 'NONE', ( #9269 ), #1987 ) ;
#12312 = CLOSED_SHELL ( 'NONE', ( #694, #11726, #5009, #4098, #12456, #6495, #8948, #10072, #12226, #11431, #10481, #5383, #678, #9303, #5300, #3714, #6025, #8422, #11253, #3225, #6852, #5453, #2197, #1301, #4782, #10505, #9762, #12094 ) ) ;
#12313 = ORIENTED_EDGE ( 'NONE', *, *, #9373, .T. ) ;
#12314 = EDGE_CURVE ( 'NONE', #6005, #2138, #2802, .T. ) ;
#12315 = LINE ( 'NONE', #11333, #6822 ) ;
#12316 = DIRECTION ( 'NONE',  ( -1.000000000000000000, 0.000000000000000000, 0.000000000000000000 ) ) ;
#12317 = CARTESIAN_POINT ( 'NONE',  ( -6.349999999999999645, 8.509000000000000341, -2.540000000000001812 ) ) ;
#12318 = FACE_OUTER_BOUND ( 'NONE', #7952, .T. ) ;
#12319 = CARTESIAN_POINT ( 'NONE',  ( -13.97000000000000064, 0.5080000000000000071, 2.022881810244992806 ) ) ;
#12320 = VERTEX_POINT ( 'NONE', #9726 ) ;
#12321 = MECHANICAL_DESIGN_GEOMETRIC_PRESENTATION_REPRESENTATION (  '', ( #12311 ), #3804 ) ;
#12322 = CARTESIAN_POINT ( 'NONE',  ( -13.08099999999999952, 7.239000000000000767, 0.8889999999999997904 ) ) ;
#12323 = LINE ( 'NONE', #2620, #12340 ) ;
#12324 = VECTOR ( 'NONE', #8089, 1000.000000000000000 ) ;
#12325 = ORIENTED_EDGE ( 'NONE', *, *, #8579, .T. ) ;
#12326 = DIRECTION ( 'NONE',  ( 0.000000000000000000, 0.000000000000000000, 1.000000000000000000 ) ) ;
#12327 = FACE_OUTER_BOUND ( 'NONE', #2401, .T. ) ;
#12328 = ORIENTED_EDGE ( 'NONE', *, *, #1366, .T. ) ;
#12329 = VECTOR ( 'NONE', #11358, 1000.000000000000000 ) ;
#12330 = CARTESIAN_POINT ( 'NONE',  ( -3.810000000000000941, 8.509000000000000341, -2.540000000000001812 ) ) ;
#12331 = CARTESIAN_POINT ( 'NONE',  ( 17.39900000000000091, 7.239000000000000767, 1.650999999999999801 ) ) ;
#12332 = DIRECTION ( 'NONE',  ( -0.5773502691896272854, -0.5773502691896250649, -0.5773502691896250649 ) ) ;
#12333 = ADVANCED_FACE ( 'NONE', ( #4780 ), #8943, .T. ) ;
#12334 = CARTESIAN_POINT ( 'NONE',  ( -3.809999999999999165, 6.505213034913026604E-16, -2.540000000000000924 ) ) ;
#12335 = CARTESIAN_POINT ( 'NONE',  ( 10.54100000000000215, 7.239000000000000767, -0.8890000000000001235 ) ) ;
#12336 = ORIENTED_EDGE ( 'NONE', *, *, #1920, .T. ) ;
#12337 = EDGE_LOOP ( 'NONE', ( #5348, #6559, #6482, #12734 ) ) ;
#12338 = ORIENTED_EDGE ( 'NONE', *, *, #8885, .T. ) ;
#12339 = DIRECTION ( 'NONE',  ( 0.000000000000000000, -1.000000000000000000, 0.000000000000000000 ) ) ;
#12340 = VECTOR ( 'NONE', #5495, 1000.000000000000000 ) ;
#12341 = VERTEX_POINT ( 'NONE', #7963 ) ;
#12342 = ORIENTED_EDGE ( 'NONE', *, *, #4101, .F. ) ;
#12343 = CARTESIAN_POINT ( 'NONE',  ( 8.890000000000002345, 0.5080000000000000071, 2.022881810244992806 ) ) ;
#12344 = DIRECTION ( 'NONE',  ( 0.000000000000000000, -0.000000000000000000, -1.000000000000000000 ) ) ;
#12345 = CARTESIAN_POINT ( 'NONE',  ( 13.08099999999999952, 8.064500000000002444, -0.8890000000000000124 ) ) ;
#12346 = CARTESIAN_POINT ( 'NONE',  ( -12.31900000000000084, 8.064500000000002444, -1.650999999999999801 ) ) ;
#12347 = ORIENTED_EDGE ( 'NONE', *, *, #1039, .F. ) ;
#12348 = EDGE_CURVE ( 'NONE', #4608, #6770, #3980, .T. ) ;
#12349 = CARTESIAN_POINT ( 'NONE',  ( 19.30400000000000205, -8.578981026812224210E-17, 2.158999999999999364 ) ) ;
#12350 = CARTESIAN_POINT ( 'NONE',  ( 7.239000000000002544, 8.064500000000002444, -0.8890000000000001235 ) ) ;
#12351 = ORIENTED_EDGE ( 'NONE', *, *, #3061, .F. ) ;
#12352 = VERTEX_POINT ( 'NONE', #12707 ) ;
#12353 = VERTEX_POINT ( 'NONE', #9917 ) ;
#12354 = DIRECTION ( 'NONE',  ( 0.5773502691896268413, 0.5773502691896247319, -0.5773502691896256200 ) ) ;
#12355 = ORIENTED_EDGE ( 'NONE', *, *, #9935, .T. ) ;
#12356 = EDGE_CURVE ( 'NONE', #10331, #3528, #7769, .T. ) ;
#12357 = CARTESIAN_POINT ( 'NONE',  ( -1.270000000000000240, 0.000000000000000000, 2.539999999999999147 ) ) ;
#12358 = LINE ( 'NONE', #8776, #235 ) ;
#12359 = LINE ( 'NONE', #4498, #4758 ) ;
#12360 = CARTESIAN_POINT ( 'NONE',  ( -10.54100000000000037, 7.239000000000000767, -0.8890000000000001235 ) ) ;
#12361 = LINE ( 'NONE', #1495, #2891 ) ;
#12362 = DIRECTION ( 'NONE',  ( -0.000000000000000000, 1.000000000000000000, 2.338910953479677683E-16 ) ) ;
#12363 = DIRECTION ( 'NONE',  ( -1.000000000000000000, -0.000000000000000000, -0.000000000000000000 ) ) ;
#12364 = DIRECTION ( 'NONE',  ( -1.000000000000000000, -0.000000000000000000, -0.000000000000000000 ) ) ;
#12365 = CARTESIAN_POINT ( 'NONE',  ( -11.42999999999999972, 8.509000000000000341, 2.095500000000002139 ) ) ;
#12366 = ORIENTED_EDGE ( 'NONE', *, *, #5377, .T. ) ;
#12367 = EDGE_CURVE ( 'NONE', #10492, #10784, #7832, .T. ) ;
#12368 = ORIENTED_EDGE ( 'NONE', *, *, #1124, .F. ) ;
#12369 = ADVANCED_FACE ( 'NONE', ( #12645 ), #863, .F. ) ;
#12370 = PLANE ( 'NONE',  #12194 ) ;
#12371 = LINE ( 'NONE', #12243, #4320 ) ;
#12372 = VERTEX_POINT ( 'NONE', #10690 ) ;
#12373 = EDGE_LOOP ( 'NONE', ( #2919, #10602, #7573, #2014 ) ) ;
#12374 = ADVANCED_FACE ( 'NONE', ( #11794 ), #2872, .F. ) ;
#12375 = EDGE_CURVE ( 'NONE', #4329, #432, #5935, .T. ) ;
#12376 = ADVANCED_FACE ( 'NONE', ( #4967 ), #5875, .F. ) ;
#12377 = VECTOR ( 'NONE', #6475, 1000.000000000000114 ) ;
#12378 = VERTEX_POINT ( 'NONE', #11667 ) ;
#12379 = DIRECTION ( 'NONE',  ( -0.000000000000000000, 0.2588190451025140781, 0.9659258262890700886 ) ) ;
#12380 = LINE ( 'NONE', #4455, #8921 ) ;
#12381 = LINE ( 'NONE', #6535, #10844 ) ;
#12382 = VECTOR ( 'NONE', #6996, 1000.000000000000000 ) ;
#12383 = CARTESIAN_POINT ( 'NONE',  ( 7.239000000000002544, 8.064499999999998892, 1.651000000000000023 ) ) ;
#12384 = EDGE_CURVE ( 'NONE', #5248, #7352, #4901, .T. ) ;
#12385 = CARTESIAN_POINT ( 'NONE',  ( 18.16100000000000136, 7.239000000000000767, 1.650999999999999801 ) ) ;
#12386 = ORIENTED_EDGE ( 'NONE', *, *, #10148, .F. ) ;
#12387 = EDGE_CURVE ( 'NONE', #2457, #1303, #12838, .T. ) ;
#12388 = DIRECTION ( 'NONE',  ( 0.000000000000000000, -1.607907343367028359E-16, 1.000000000000000000 ) ) ;
#12389 = VECTOR ( 'NONE', #8121, 1000.000000000000000 ) ;
#12390 = DIRECTION ( 'NONE',  ( 0.000000000000000000, 0.000000000000000000, -1.000000000000000000 ) ) ;
#12391 = ORIENTED_EDGE ( 'NONE', *, *, #9683, .F. ) ;
#12392 = CARTESIAN_POINT ( 'NONE',  ( 2.920999999999999819, 8.064500000000002444, -0.8890000000000001235 ) ) ;
#12393 = EDGE_CURVE ( 'NONE', #8992, #9113, #11857, .T. ) ;
#12394 = AXIS2_PLACEMENT_3D ( 'NONE', #892, #12802, #11823 ) ;
#12395 = CARTESIAN_POINT ( 'NONE',  ( -0.3810000000000000053, 0.000000000000000000, 0.000000000000000000 ) ) ;
#12396 = ORIENTED_EDGE ( 'NONE', *, *, #1252, .T. ) ;
#12397 = VECTOR ( 'NONE', #12388, 1000.000000000000000 ) ;
#12398 = CARTESIAN_POINT ( 'NONE',  ( -0.3809999999999993947, 8.064500000000002444, -1.650999999999999801 ) ) ;
#12399 = VECTOR ( 'NONE', #7319, 1000.000000000000000 ) ;
#12400 = FILL_AREA_STYLE_COLOUR ( '', #1324 ) ;
#12401 = DIRECTION ( 'NONE',  ( 0.000000000000000000, 0.000000000000000000, -1.000000000000000000 ) ) ;
#12402 = CARTESIAN_POINT ( 'NONE',  ( -7.239000000000000767, 8.064499999999998892, 0.8889999999999999014 ) ) ;
#12403 = CARTESIAN_POINT ( 'NONE',  ( 2.920999999999999819, 7.239000000000000767, 1.650999999999999801 ) ) ;
#12404 = DIRECTION ( 'NONE',  ( 0.000000000000000000, 5.691349986800550837E-16, -1.000000000000000000 ) ) ;
#12405 = VERTEX_POINT ( 'NONE', #2088 ) ;
#12406 = ORIENTED_EDGE ( 'NONE', *, *, #1562, .T. ) ;
#12407 = EDGE_LOOP ( 'NONE', ( #11877, #10862, #4079, #1953 ) ) ;
#12408 = EDGE_CURVE ( 'NONE', #4558, #4726, #10218, .T. ) ;
#12409 = FACE_OUTER_BOUND ( 'NONE', #4897, .T. ) ;
#12410 = ORIENTED_EDGE ( 'NONE', *, *, #1881, .T. ) ;
#12411 = EDGE_CURVE ( 'NONE', #12621, #1294, #7164, .T. ) ;
#12412 = VERTEX_POINT ( 'NONE', #11199 ) ;
#12413 = DIRECTION ( 'NONE',  ( 0.7071067811865462405, -0.7071067811865489050, 0.000000000000000000 ) ) ;
#12414 = PLANE ( 'NONE',  #2461 ) ;
#12415 = COLOUR_RGB ( '',0.2509803921568627416, 0.2509803921568627416, 0.2509803921568627416 ) ;
#12416 = DIRECTION ( 'NONE',  ( 0.000000000000000000, 0.000000000000000000, 1.000000000000000000 ) ) ;
#12417 = DIRECTION ( 'NONE',  ( -0.000000000000000000, 1.000000000000000000, 1.733406087350420004E-16 ) ) ;
#12418 = LINE ( 'NONE', #5595, #6935 ) ;
#12419 = EDGE_LOOP ( 'NONE', ( #8402, #12476, #2306, #12732 ) ) ;
#12420 = LINE ( 'NONE', #3639, #898 ) ;
#12421 = CARTESIAN_POINT ( 'NONE',  ( 8.890000000000002345, 8.509000000000000341, -2.540000000000001812 ) ) ;
#12422 = ORIENTED_EDGE ( 'NONE', *, *, #8607, .T. ) ;
#12423 = ORIENTED_EDGE ( 'NONE', *, *, #5605, .T. ) ;
#12424 = ORIENTED_EDGE ( 'NONE', *, *, #10050, .T. ) ;
#12425 = VECTOR ( 'NONE', #11388, 1000.000000000000000 ) ;
#12426 =( NAMED_UNIT ( * ) SI_UNIT ( $, .STERADIAN. ) SOLID_ANGLE_UNIT ( ) );
#12427 = COLOUR_RGB ( '',0.2509803921568627416, 0.2509803921568627416, 0.2509803921568627416 ) ;
#12428 = EDGE_CURVE ( 'NONE', #682, #2138, #12164, .T. ) ;
#12429 = ORIENTED_EDGE ( 'NONE', *, *, #11899, .T. ) ;
#12430 = LINE ( 'NONE', #8101, #7608 ) ;
#12431 = CARTESIAN_POINT ( 'NONE',  ( -14.85899999999999999, 8.064499999999998892, 1.650999999999999801 ) ) ;
#12432 = CARTESIAN_POINT ( 'NONE',  ( -0.3809999999999993947, 7.239000000000000767, 1.650999999999999801 ) ) ;
#12433 = PRESENTATION_STYLE_ASSIGNMENT (( #1631 ) ) ;
#12434 = DIRECTION ( 'NONE',  ( 0.000000000000000000, -0.000000000000000000, 1.000000000000000000 ) ) ;
#12435 = LINE ( 'NONE', #3521, #966 ) ;
#12436 = CARTESIAN_POINT ( 'NONE',  ( -0.3809999999999993947, 7.239000000000000767, 0.8889999999999997904 ) ) ;
#12437 = DIRECTION ( 'NONE',  ( -1.000000000000000000, 0.000000000000000000, 0.000000000000000000 ) ) ;
#12438 = AXIS2_PLACEMENT_3D ( 'NONE', #6711, #10737, #4823 ) ;
#12439 = ORIENTED_EDGE ( 'NONE', *, *, #11335, .T. ) ;
#12440 = ORIENTED_EDGE ( 'NONE', *, *, #12701, .T. ) ;
#12441 = LINE ( 'NONE', #2338, #6609 ) ;
#12442 = DIRECTION ( 'NONE',  ( -1.000000000000000000, 0.000000000000000000, 0.000000000000000000 ) ) ;
#12443 = ORIENTED_EDGE ( 'NONE', *, *, #10660, .F. ) ;
#12444 = ORIENTED_EDGE ( 'NONE', *, *, #8405, .F. ) ;
#12445 = VECTOR ( 'NONE', #5687, 1000.000000000000000 ) ;
#12446 = VERTEX_POINT ( 'NONE', #11009 ) ;
#12447 = LINE ( 'NONE', #8490, #9532 ) ;
#12448 = LINE ( 'NONE', #3667, #9972 ) ;
#12449 = CARTESIAN_POINT ( 'NONE',  ( 11.43000000000000327, 4.336808689942017736E-16, -2.159000000000001140 ) ) ;
#12450 = DIRECTION ( 'NONE',  ( 0.000000000000000000, 0.000000000000000000, 1.000000000000000000 ) ) ;
#12451 = DIRECTION ( 'NONE',  ( 0.000000000000000000, -5.691349986800550837E-16, 1.000000000000000000 ) ) ;
#12452 = EDGE_CURVE ( 'NONE', #4505, #7398, #3250, .T. ) ;
#12453 = ORIENTED_EDGE ( 'NONE', *, *, #12079, .F. ) ;
#12454 = PLANE ( 'NONE',  #11573 ) ;
#12455 = VECTOR ( 'NONE', #11452, 1000.000000000000000 ) ;
#12456 = ADVANCED_FACE ( 'NONE', ( #11983 ), #7293, .F. ) ;
#12457 = DIRECTION ( 'NONE',  ( 0.000000000000000000, 1.019346266292635461E-16, 1.000000000000000000 ) ) ;
#12458 = ORIENTED_EDGE ( 'NONE', *, *, #12539, .T. ) ;
#12459 = CARTESIAN_POINT ( 'NONE',  ( -16.51000000000000156, 6.505213034913026604E-16, -2.540000000000000924 ) ) ;
#12460 = FACE_OUTER_BOUND ( 'NONE', #1617, .T. ) ;
#12461 = EDGE_CURVE ( 'NONE', #2503, #9466, #11259, .T. ) ;
#12462 = ORIENTED_EDGE ( 'NONE', *, *, #10871, .F. ) ;
#12463 = EDGE_CURVE ( 'NONE', #11687, #2735, #1288, .T. ) ;
#12464 = PRESENTATION_LAYER_ASSIGNMENT (  '', '', ( #1441 ) ) ;
#12465 = CARTESIAN_POINT ( 'NONE',  ( -7.239000000000000767, 8.064499999999998892, 1.651000000000000023 ) ) ;
#12466 = EDGE_CURVE ( 'NONE', #4490, #399, #242, .T. ) ;
#12467 = PLANE ( 'NONE',  #8849 ) ;
#12468 = DIRECTION ( 'NONE',  ( 1.000000000000000000, 0.000000000000000000, 0.000000000000000000 ) ) ;
#12469 = LINE ( 'NONE', #3554, #766 ) ;
#12470 = DIRECTION ( 'NONE',  ( -1.000000000000000000, 0.000000000000000000, 0.000000000000000000 ) ) ;
#12471 = ORIENTED_EDGE ( 'NONE', *, *, #1554, .F. ) ;
#12472 = EDGE_LOOP ( 'NONE', ( #4805, #4913, #9751, #5824 ) ) ;
#12473 = ORIENTED_EDGE ( 'NONE', *, *, #1688, .T. ) ;
#12474 = PLANE ( 'NONE',  #1560 ) ;
#12475 = EDGE_LOOP ( 'NONE', ( #2618, #11366, #988, #8978 ) ) ;
#12476 = ORIENTED_EDGE ( 'NONE', *, *, #41, .T. ) ;
#12477 = DIRECTION ( 'NONE',  ( 1.000000000000000000, 0.000000000000000000, 0.000000000000000000 ) ) ;
#12478 = PLANE ( 'NONE',  #12228 ) ;
#12479 = EDGE_CURVE ( 'NONE', #2707, #6839, #5150, .T. ) ;
#12480 = LINE ( 'NONE', #7604, #9692 ) ;
#12481 = CARTESIAN_POINT ( 'NONE',  ( -14.85899999999999999, 8.064500000000002444, -0.8890000000000001235 ) ) ;
#12482 = ORIENTED_EDGE ( 'NONE', *, *, #5760, .F. ) ;
#12483 = DIRECTION ( 'NONE',  ( -0.5773502691896268413, 0.5773502691896247319, -0.5773502691896256200 ) ) ;
#12484 = PLANE ( 'NONE',  #11280 ) ;
#12485 = ORIENTED_EDGE ( 'NONE', *, *, #8010, .F. ) ;
#12486 = ORIENTED_EDGE ( 'NONE', *, *, #5497, .F. ) ;
#12487 = ORIENTED_EDGE ( 'NONE', *, *, #7139, .F. ) ;
#12488 = EDGE_CURVE ( 'NONE', #12245, #10002, #12040, .T. ) ;
#12489 = CARTESIAN_POINT ( 'NONE',  ( 11.42999999999999972, 6.505213034913026604E-16, -2.540000000000000924 ) ) ;
#12490 = ORIENTED_EDGE ( 'NONE', *, *, #5659, .T. ) ;
#12491 = DIRECTION ( 'NONE',  ( 0.000000000000000000, 0.000000000000000000, 1.000000000000000000 ) ) ;
#12492 = DIRECTION ( 'NONE',  ( 0.000000000000000000, -1.000000000000000000, -1.733406087350420004E-16 ) ) ;
#12493 = FACE_OUTER_BOUND ( 'NONE', #7159, .T. ) ;
#12494 = CARTESIAN_POINT ( 'NONE',  ( 8.001000000000001222, 7.239000000000000767, -0.8890000000000001235 ) ) ;
#12495 = CARTESIAN_POINT ( 'NONE',  ( 13.97000000000000064, 8.509000000000000341, -2.540000000000001812 ) ) ;
#12496 = PLANE ( 'NONE',  #679 ) ;
#12497 = CARTESIAN_POINT ( 'NONE',  ( 0.1961031209927689978, -3.200400000000000134, -1.473199999999999843 ) ) ;
#12498 = ORIENTED_EDGE ( 'NONE', *, *, #2418, .T. ) ;
#12499 = EDGE_CURVE ( 'NONE', #12341, #9231, #1053, .T. ) ;
#12500 = ORIENTED_EDGE ( 'NONE', *, *, #7086, .T. ) ;
#12501 = ADVANCED_FACE ( 'NONE', ( #2270 ), #3122, .F. ) ;
#12502 = SURFACE_SIDE_STYLE ('',( #6722 ) ) ;
#12503 = DIRECTION ( 'NONE',  ( -1.000000000000000000, 0.000000000000000000, 0.000000000000000000 ) ) ;
#12504 = EDGE_LOOP ( 'NONE', ( #6488, #8662, #4287, #12366 ) ) ;
#12505 = ORIENTED_EDGE ( 'NONE', *, *, #2818, .T. ) ;
#12506 = VERTEX_POINT ( 'NONE', #2145 ) ;
#12507 = VECTOR ( 'NONE', #12282, 1000.000000000000000 ) ;
#12508 = EDGE_CURVE ( 'NONE', #7636, #12089, #4227, .T. ) ;
#12509 = LINE ( 'NONE', #9725, #4954 ) ;
#12510 = CARTESIAN_POINT ( 'NONE',  ( 3.810000000000000941, -8.578981026812224210E-17, 2.158999999999999364 ) ) ;
#12511 = CARTESIAN_POINT ( 'NONE',  ( -3.809999999999999165, 4.336808689942017736E-16, -2.159000000000001140 ) ) ;
#12512 = DIRECTION ( 'NONE',  ( 0.000000000000000000, 0.000000000000000000, 1.000000000000000000 ) ) ;
#12513 = CARTESIAN_POINT ( 'NONE',  ( -10.28699999999999903, 7.810500000000001997, -1.396999999999998021 ) ) ;
#12514 = ORIENTED_EDGE ( 'NONE', *, *, #838, .F. ) ;
#12515 = ADVANCED_FACE ( 'NONE', ( #9123 ), #9002, .F. ) ;
#12516 = PRESENTATION_STYLE_ASSIGNMENT (( #10308 ) ) ;
#12517 = DIRECTION ( 'NONE',  ( 0.000000000000000000, 1.607907343367028359E-16, -1.000000000000000000 ) ) ;
#12518 = ORIENTED_EDGE ( 'NONE', *, *, #3719, .T. ) ;
#12519 = DIRECTION ( 'NONE',  ( -0.5773502691896268413, 0.5773502691896247319, -0.5773502691896256200 ) ) ;
#12520 = VECTOR ( 'NONE', #12790, 1000.000000000000000 ) ;
#12521 = VECTOR ( 'NONE', #3062, 1000.000000000000000 ) ;
#12522 = CARTESIAN_POINT ( 'NONE',  ( 17.39900000000000091, 8.064500000000002444, -1.650999999999999801 ) ) ;
#12523 = ORIENTED_EDGE ( 'NONE', *, *, #4614, .T. ) ;
#12524 = PLANE ( 'NONE',  #5556 ) ;
#12525 = LINE ( 'NONE', #11624, #260 ) ;
#12526 = AXIS2_PLACEMENT_3D ( 'NONE', #7220, #7348, #431 ) ;
#12527 = VECTOR ( 'NONE', #864, 1000.000000000000000 ) ;
#12528 = CARTESIAN_POINT ( 'NONE',  ( 17.39900000000000091, 8.064499999999998892, 0.8889999999999999014 ) ) ;
#12529 = CARTESIAN_POINT ( 'NONE',  ( 13.52549999999999919, 8.509000000000000341, -2.095500000000001695 ) ) ;
#12530 = DIRECTION ( 'NONE',  ( 0.000000000000000000, -5.691349986800550837E-16, 1.000000000000000000 ) ) ;
#12531 = PLANE ( 'NONE',  #2553 ) ;
#12532 = VERTEX_POINT ( 'NONE', #183 ) ;
#12533 = ORIENTED_EDGE ( 'NONE', *, *, #5793, .T. ) ;
#12534 = EDGE_CURVE ( 'NONE', #5867, #6256, #4163, .T. ) ;
#12535 = ORIENTED_EDGE ( 'NONE', *, *, #8738, .F. ) ;
#12536 = ADVANCED_FACE ( 'NONE', ( #10160 ), #309, .F. ) ;
#12537 = FACE_OUTER_BOUND ( 'NONE', #11058, .T. ) ;
#12538 = ORIENTED_EDGE ( 'NONE', *, *, #7421, .F. ) ;
#12539 = EDGE_CURVE ( 'NONE', #4793, #4505, #3320, .T. ) ;
#12540 = VECTOR ( 'NONE', #3217, 1000.000000000000000 ) ;
#12541 = AXIS2_PLACEMENT_3D ( 'NONE', #1478, #4617, #5451 ) ;
#12542 = EDGE_CURVE ( 'NONE', #6497, #6555, #4501, .T. ) ;
#12543 = EDGE_LOOP ( 'NONE', ( #8800, #5821, #8065, #5020 ) ) ;
#12544 = EDGE_CURVE ( 'NONE', #9340, #12256, #5402, .T. ) ;
#12545 = CARTESIAN_POINT ( 'NONE',  ( -7.239000000000000767, 7.239000000000000767, 0.8889999999999997904 ) ) ;
#12546 = DIRECTION ( 'NONE',  ( -1.000000000000000000, -0.000000000000000000, -0.000000000000000000 ) ) ;
#12547 = DIRECTION ( 'NONE',  ( 1.000000000000000000, 0.000000000000000000, 0.000000000000000000 ) ) ;
#12548 = CARTESIAN_POINT ( 'NONE',  ( -19.05000000000000071, 0.000000000000000000, 0.000000000000000000 ) ) ;
#12549 = CARTESIAN_POINT ( 'NONE',  ( 8.001000000000001222, 7.239000000000000767, 1.650999999999999801 ) ) ;
#12550 = ORIENTED_EDGE ( 'NONE', *, *, #596, .T. ) ;
#12551 = VECTOR ( 'NONE', #10112, 1000.000000000000000 ) ;
#12552 = DIRECTION ( 'NONE',  ( 0.000000000000000000, 0.000000000000000000, -1.000000000000000000 ) ) ;
#12553 = VECTOR ( 'NONE', #4130, 1000.000000000000000 ) ;
#12554 = CARTESIAN_POINT ( 'NONE',  ( -6.349999999999999645, -8.578981026812224210E-17, 2.158999999999999364 ) ) ;
#12555 = ORIENTED_EDGE ( 'NONE', *, *, #10309, .F. ) ;
#12556 = EDGE_LOOP ( 'NONE', ( #10730, #2676, #10232, #8723 ) ) ;
#12557 = VERTEX_POINT ( 'NONE', #8539 ) ;
#12558 = CARTESIAN_POINT ( 'NONE',  ( 4.699000000000001620, 7.239000000000000767, -0.8890000000000001235 ) ) ;
#12559 = EDGE_CURVE ( 'NONE', #996, #6630, #8477, .T. ) ;
#12560 = ORIENTED_EDGE ( 'NONE', *, *, #278, .T. ) ;
#12561 = CARTESIAN_POINT ( 'NONE',  ( 3.810000000000000941, 0.000000000000000000, 2.539999999999999147 ) ) ;
#12562 = DIRECTION ( 'NONE',  ( -0.5773502691896258421, 0.5773502691896236216, -0.5773502691896278405 ) ) ;
#12563 = CARTESIAN_POINT ( 'NONE',  ( 13.52549999999999919, 8.509000000000000341, -2.540000000000001812 ) ) ;
#12564 = CARTESIAN_POINT ( 'NONE',  ( 6.350000000000001421, 0.5080000000000000071, 2.022881810244992806 ) ) ;
#12565 = DIRECTION ( 'NONE',  ( 0.000000000000000000, 1.000000000000000000, 3.058038798877906014E-16 ) ) ;
#12566 = DIRECTION ( 'NONE',  ( 0.5773502691896272854, -0.5773502691896250649, -0.5773502691896250649 ) ) ;
#12567 = VECTOR ( 'NONE', #2235, 1000.000000000000000 ) ;
#12568 = ORIENTED_EDGE ( 'NONE', *, *, #12466, .T. ) ;
#12569 = EDGE_LOOP ( 'NONE', ( #12272, #12351, #10857, #7370 ) ) ;
#12570 = DIRECTION ( 'NONE',  ( 1.000000000000000000, 0.000000000000000000, 0.000000000000000000 ) ) ;
#12571 = ORIENTED_EDGE ( 'NONE', *, *, #1873, .T. ) ;
#12572 = ORIENTED_EDGE ( 'NONE', *, *, #11742, .F. ) ;
#12573 = EDGE_CURVE ( 'NONE', #11279, #10295, #11589, .T. ) ;
#12574 = ORIENTED_EDGE ( 'NONE', *, *, #5296, .F. ) ;
#12575 = AXIS2_PLACEMENT_3D ( 'NONE', #6216, #5239, #10386 ) ;
#12576 = CARTESIAN_POINT ( 'NONE',  ( 16.51000000000000156, 0.000000000000000000, 2.539999999999999147 ) ) ;
#12577 = DIRECTION ( 'NONE',  ( 0.000000000000000000, 1.733406087350420004E-16, -1.000000000000000000 ) ) ;
#12578 = LINE ( 'NONE', #9538, #11283 ) ;
#12579 = FACE_OUTER_BOUND ( 'NONE', #4881, .T. ) ;
#12580 = FACE_OUTER_BOUND ( 'NONE', #920, .T. ) ;
#12581 = ORIENTED_EDGE ( 'NONE', *, *, #11005, .F. ) ;
#12582 = DIRECTION ( 'NONE',  ( -0.000000000000000000, 1.000000000000000000, 1.733406087350420004E-16 ) ) ;
#12583 = DIRECTION ( 'NONE',  ( 0.000000000000000000, 1.000000000000000000, 5.691349986800550837E-16 ) ) ;
#12584 = ORIENTED_EDGE ( 'NONE', *, *, #7364, .F. ) ;
#12585 = VECTOR ( 'NONE', #5000, 1000.000000000000000 ) ;
#12586 = DIRECTION ( 'NONE',  ( -0.000000000000000000, -0.7071067811865501263, -0.7071067811865449082 ) ) ;
#12587 = ORIENTED_EDGE ( 'NONE', *, *, #6084, .T. ) ;
#12588 = EDGE_CURVE ( 'NONE', #2800, #9575, #9389, .T. ) ;
#12589 = VECTOR ( 'NONE', #8434, 1000.000000000000000 ) ;
#12590 = DIRECTION ( 'NONE',  ( 0.000000000000000000, 0.9659258262890701996, 0.2588190451025140226 ) ) ;
#12591 = CARTESIAN_POINT ( 'NONE',  ( -11.43000000000000149, 0.5080000000000006732, -2.022881810244994583 ) ) ;
#12592 = VECTOR ( 'NONE', #11539, 1000.000000000000000 ) ;
#12593 = DIRECTION ( 'NONE',  ( 1.000000000000000000, 0.000000000000000000, -0.000000000000000000 ) ) ;
#12594 = CARTESIAN_POINT ( 'NONE',  ( 8.890000000000002345, 4.336808689942017736E-16, -2.159000000000001140 ) ) ;
#12595 = CARTESIAN_POINT ( 'NONE',  ( -1.270000000000000240, 8.509000000000000341, -2.095500000000001695 ) ) ;
#12596 = CARTESIAN_POINT ( 'NONE',  ( -2.920999999999999819, 7.239000000000000767, -0.8890000000000001235 ) ) ;
#12597 = ORIENTED_EDGE ( 'NONE', *, *, #2984, .F. ) ;
#12598 = EDGE_LOOP ( 'NONE', ( #2261, #12145, #487, #1047 ) ) ;
#12599 = ORIENTED_EDGE ( 'NONE', *, *, #12479, .F. ) ;
#12600 = DIRECTION ( 'NONE',  ( 1.000000000000000000, 0.000000000000000000, 0.000000000000000000 ) ) ;
#12601 = VECTOR ( 'NONE', #8970, 1000.000000000000000 ) ;
#12602 = VECTOR ( 'NONE', #7143, 1000.000000000000000 ) ;
#12603 = VECTOR ( 'NONE', #9714, 1000.000000000000000 ) ;
#12604 = ORIENTED_EDGE ( 'NONE', *, *, #12466, .F. ) ;
#12605 = DIRECTION ( 'NONE',  ( 1.000000000000000000, 0.000000000000000000, 0.000000000000000000 ) ) ;
#12606 = DIRECTION ( 'NONE',  ( 1.000000000000000000, 0.000000000000000000, 0.000000000000000000 ) ) ;
#12607 = CARTESIAN_POINT ( 'NONE',  ( -10.54100000000000037, 7.239000000000000767, -0.8890000000000001235 ) ) ;
#12608 = CARTESIAN_POINT ( 'NONE',  ( -7.239000000000000767, 7.239000000000000767, 1.650999999999999801 ) ) ;
#12609 = ORIENTED_EDGE ( 'NONE', *, *, #423, .F. ) ;
#12610 = CARTESIAN_POINT ( 'NONE',  ( -5.460999999999998522, 8.064500000000002444, -0.8890000000000001235 ) ) ;
#12611 = COLOUR_RGB ( '',0.2509803921568627416, 0.2509803921568627416, 0.2509803921568627416 ) ;
#12612 = EDGE_CURVE ( 'NONE', #3338, #8252, #4569, .T. ) ;
#12613 = DIRECTION ( 'NONE',  ( -1.000000000000000000, 0.000000000000000000, 0.000000000000000000 ) ) ;
#12614 = EDGE_LOOP ( 'NONE', ( #9621, #12078, #3734, #2341 ) ) ;
#12615 = EDGE_LOOP ( 'NONE', ( #10472, #190, #10394, #9944 ) ) ;
#12616 = EDGE_CURVE ( 'NONE', #210, #2704, #8410, .T. ) ;
#12617 = ORIENTED_EDGE ( 'NONE', *, *, #7806, .T. ) ;
#12618 = LINE ( 'NONE', #7684, #2866 ) ;
#12619 = EDGE_CURVE ( 'NONE', #2262, #7256, #2532, .T. ) ;
#12620 = AXIS2_PLACEMENT_3D ( 'NONE', #9993, #1065, #10769 ) ;
#12621 = VERTEX_POINT ( 'NONE', #4367 ) ;
#12622 = AXIS2_PLACEMENT_3D ( 'NONE', #2402, #6318, #11460 ) ;
#12623 = DIRECTION ( 'NONE',  ( 0.000000000000000000, -0.000000000000000000, -1.000000000000000000 ) ) ;
#12624 = EDGE_CURVE ( 'NONE', #9399, #7053, #10288, .T. ) ;
#12625 = CARTESIAN_POINT ( 'NONE',  ( 6.350000000000001421, 0.5080000000000000071, 2.022881810244992806 ) ) ;
#12626 = EDGE_CURVE ( 'NONE', #9495, #7594, #2596, .T. ) ;
#12627 = APPLICATION_CONTEXT ( 'automotive_design' ) ;
#12628 = DIRECTION ( 'NONE',  ( 0.000000000000000000, 0.000000000000000000, -1.000000000000000000 ) ) ;
#12629 = LINE ( 'NONE', #6656, #11006 ) ;
#12630 = CARTESIAN_POINT ( 'NONE',  ( 0.3809999999999993947, 7.239000000000000767, 1.650999999999999801 ) ) ;
#12631 = FACE_OUTER_BOUND ( 'NONE', #12598, .T. ) ;
#12632 = EDGE_CURVE ( 'NONE', #9575, #10150, #510, .T. ) ;
#12633 = FACE_OUTER_BOUND ( 'NONE', #4018, .T. ) ;
#12634 = LINE ( 'NONE', #4387, #2544 ) ;
#12635 = ORIENTED_EDGE ( 'NONE', *, *, #10306, .F. ) ;
#12636 = ORIENTED_EDGE ( 'NONE', *, *, #4523, .T. ) ;
#12637 = LINE ( 'NONE', #1889, #8687 ) ;
#12638 = AXIS2_PLACEMENT_3D ( 'NONE', #5462, #7420, #6440 ) ;
#12639 = CARTESIAN_POINT ( 'NONE',  ( 15.62099999999999866, 7.239000000000000767, -1.651000000000000023 ) ) ;
#12640 = ORIENTED_EDGE ( 'NONE', *, *, #10062, .F. ) ;
#12641 = ORIENTED_EDGE ( 'NONE', *, *, #7107, .F. ) ;
#12642 = EDGE_LOOP ( 'NONE', ( #7582, #3037, #2169, #4373 ) ) ;
#12643 = VECTOR ( 'NONE', #12814, 1000.000000000000000 ) ;
#12644 = CARTESIAN_POINT ( 'NONE',  ( -5.905500000000002636, 8.509000000000000341, -2.540000000000001812 ) ) ;
#12645 = FACE_OUTER_BOUND ( 'NONE', #9088, .T. ) ;
#12646 = CARTESIAN_POINT ( 'NONE',  ( -3.810000000000000941, 4.336808689942017736E-16, -2.159000000000001140 ) ) ;
#12647 = EDGE_CURVE ( 'NONE', #10426, #2800, #8604, .T. ) ;
#12648 = FACE_OUTER_BOUND ( 'NONE', #12006, .T. ) ;
#12649 = DIRECTION ( 'NONE',  ( 0.000000000000000000, 1.000000000000000000, -2.251701056906096594E-16 ) ) ;
#12650 = ORIENTED_EDGE ( 'NONE', *, *, #8837, .T. ) ;
#12651 = DIRECTION ( 'NONE',  ( -0.000000000000000000, 1.000000000000000000, 1.733406087350420004E-16 ) ) ;
#12652 = DIRECTION ( 'NONE',  ( -1.000000000000000000, 0.000000000000000000, 0.000000000000000000 ) ) ;
#12653 = EDGE_LOOP ( 'NONE', ( #5277, #10840, #12487, #7696 ) ) ;
#12654 = EDGE_CURVE ( 'NONE', #10587, #3493, #3585, .T. ) ;
#12655 = AXIS2_PLACEMENT_3D ( 'NONE', #12214, #9434, #11239 ) ;
#12656 = DIRECTION ( 'NONE',  ( 0.7071067811865462405, -0.7071067811865489050, 0.000000000000000000 ) ) ;
#12657 = ORIENTED_EDGE ( 'NONE', *, *, #3248, .T. ) ;
#12658 = CARTESIAN_POINT ( 'NONE',  ( 6.350000000000001421, 0.5080000000000006732, -2.022881810244994583 ) ) ;
#12659 = FACE_OUTER_BOUND ( 'NONE', #8415, .T. ) ;
#12660 = AXIS2_PLACEMENT_3D ( 'NONE', #6791, #5747, #8750 ) ;
#12661 = CARTESIAN_POINT ( 'NONE',  ( -0.3810000000000000053, 0.000000000000000000, 0.000000000000000000 ) ) ;
#12662 = PLANE ( 'NONE',  #883 ) ;
#12663 = ORIENTED_EDGE ( 'NONE', *, *, #2805, .F. ) ;
#12664 = CARTESIAN_POINT ( 'NONE',  ( -16.51000000000000156, 0.5080000000000006732, -2.022881810244994583 ) ) ;
#12665 = PLANE ( 'NONE',  #2975 ) ;
#12666 = VERTEX_POINT ( 'NONE', #10418 ) ;
#12667 = ORIENTED_EDGE ( 'NONE', *, *, #6163, .T. ) ;
#12668 = VERTEX_POINT ( 'NONE', #3451 ) ;
#12669 = EDGE_CURVE ( 'NONE', #2127, #11270, #9587, .T. ) ;
#12670 = CARTESIAN_POINT ( 'NONE',  ( -12.31900000000000084, 8.064500000000002444, -0.8890000000000000124 ) ) ;
#12671 = MECHANICAL_DESIGN_GEOMETRIC_PRESENTATION_REPRESENTATION (  '', ( #1035 ), #2690 ) ;
#12672 = ORIENTED_EDGE ( 'NONE', *, *, #8893, .T. ) ;
#12673 = LINE ( 'NONE', #9693, #5751 ) ;
#12674 = CARTESIAN_POINT ( 'NONE',  ( -11.42999999999999972, 4.336808689942017736E-16, -2.159000000000001140 ) ) ;
#12675 = EDGE_CURVE ( 'NONE', #1647, #3391, #5612, .T. ) ;
#12676 = CARTESIAN_POINT ( 'NONE',  ( 5.080000000000000959, 0.000000000000000000, 0.000000000000000000 ) ) ;
#12677 = LINE ( 'NONE', #12869, #4294 ) ;
#12678 = DIRECTION ( 'NONE',  ( 1.000000000000000000, -0.000000000000000000, -0.000000000000000000 ) ) ;
#12679 = SHAPE_REPRESENTATION ( 'NPTC152LFBN-RC', ( #4363, #12877, #10590, #10383, #3938, #11841, #6226, #4787, #6435, #4982, #822, #8105, #7483, #1862, #612, #2258, #9566 ), #7272 ) ;
#12680 = PLANE ( 'NONE',  #10105 ) ;
#12681 = CARTESIAN_POINT ( 'NONE',  ( 4.699000000000001620, 7.239000000000000767, 0.8889999999999997904 ) ) ;
#12682 = ORIENTED_EDGE ( 'NONE', *, *, #1432, .T. ) ;
#12683 = VERTEX_POINT ( 'NONE', #7625 ) ;
#12684 = EDGE_LOOP ( 'NONE', ( #11274, #9042, #4941, #3270 ) ) ;
#12685 = CARTESIAN_POINT ( 'NONE',  ( 0.3810000000000000053, 0.5079999999999997851, 1.473200000000000953 ) ) ;
#12686 = ORIENTED_EDGE ( 'NONE', *, *, #10235, .T. ) ;
#12687 = LINE ( 'NONE', #10544, #9910 ) ;
#12688 = DIRECTION ( 'NONE',  ( 0.000000000000000000, -0.9659258262890700886, 0.2588190451025140781 ) ) ;
#12689 = EDGE_CURVE ( 'NONE', #3959, #6110, #12361, .T. ) ;
#12690 = DIRECTION ( 'NONE',  ( -1.000000000000000000, 0.000000000000000000, 0.000000000000000000 ) ) ;
#12691 = CARTESIAN_POINT ( 'NONE',  ( -3.809999999999999165, 8.509000000000000341, -0.4444999999999982854 ) ) ;
#12692 = LINE ( 'NONE', #4767, #1268 ) ;
#12693 = CARTESIAN_POINT ( 'NONE',  ( -2.920999999999999819, 7.239000000000000767, 1.650999999999999801 ) ) ;
#12694 = CARTESIAN_POINT ( 'NONE',  ( -19.05000000000000071, 6.505213034913026604E-16, -2.540000000000000924 ) ) ;
#12695 = ORIENTED_EDGE ( 'NONE', *, *, #2160, .T. ) ;
#12696 = ORIENTED_EDGE ( 'NONE', *, *, #12375, .T. ) ;
#12697 = CARTESIAN_POINT ( 'NONE',  ( 3.810000000000000941, -8.578981026812224210E-17, 2.158999999999999364 ) ) ;
#12698 = CARTESIAN_POINT ( 'NONE',  ( -1.270000000000000240, -8.578981026812224210E-17, 2.158999999999999364 ) ) ;
#12699 = ORIENTED_EDGE ( 'NONE', *, *, #6096, .F. ) ;
#12700 = EDGE_CURVE ( 'NONE', #8996, #1608, #646, .T. ) ;
#12701 = EDGE_CURVE ( 'NONE', #621, #12666, #9325, .T. ) ;
#12702 = EDGE_CURVE ( 'NONE', #3816, #12286, #1563, .T. ) ;
#12703 = EDGE_CURVE ( 'NONE', #12795, #5681, #11653, .T. ) ;
#12704 = CARTESIAN_POINT ( 'NONE',  ( -10.54100000000000037, 8.064500000000002444, -0.8890000000000001235 ) ) ;
#12705 = ADVANCED_FACE ( 'NONE', ( #4824 ), #8792, .F. ) ;
#12706 = CARTESIAN_POINT ( 'NONE',  ( -16.51000000000000156, 0.5080000000000006732, -2.022881810244994583 ) ) ;
#12707 = CARTESIAN_POINT ( 'NONE',  ( -18.16100000000000136, 8.064499999999998892, 0.8889999999999999014 ) ) ;
#12708 = DIRECTION ( 'NONE',  ( 0.000000000000000000, 1.000000000000000000, 1.733406087350420004E-16 ) ) ;
#12709 = PLANE ( 'NONE',  #866 ) ;
#12710 = VECTOR ( 'NONE', #1372, 1000.000000000000000 ) ;
#12711 = CARTESIAN_POINT ( 'NONE',  ( -8.890000000000000568, 0.000000000000000000, 2.539999999999999147 ) ) ;
#12712 = ORIENTED_EDGE ( 'NONE', *, *, #807, .T. ) ;
#12713 =( LENGTH_UNIT ( ) NAMED_UNIT ( * ) SI_UNIT ( .MILLI., .METRE. ) );
#12714 = CARTESIAN_POINT ( 'NONE',  ( 10.54100000000000215, 8.064499999999998892, 1.650999999999999801 ) ) ;
#12715 = ORIENTED_EDGE ( 'NONE', *, *, #12221, .F. ) ;
#12716 = EDGE_CURVE ( 'NONE', #11848, #4208, #11902, .T. ) ;
#12717 = VECTOR ( 'NONE', #11129, 1000.000000000000000 ) ;
#12718 = CARTESIAN_POINT ( 'NONE',  ( -0.3809999999999993947, 7.239000000000000767, -1.651000000000000023 ) ) ;
#12719 = ORIENTED_EDGE ( 'NONE', *, *, #6743, .T. ) ;
#12720 = FACE_OUTER_BOUND ( 'NONE', #9068, .T. ) ;
#12721 = UNCERTAINTY_MEASURE_WITH_UNIT (LENGTH_MEASURE( 1.000000000000000082E-05 ), #1137, 'distance_accuracy_value', 'NONE');
#12722 = DIRECTION ( 'NONE',  ( 0.5773502691896258421, 0.5773502691896236216, -0.5773502691896278405 ) ) ;
#12723 = DIRECTION ( 'NONE',  ( -1.000000000000000000, -0.000000000000000000, -0.000000000000000000 ) ) ;
#12724 = FACE_BOUND ( 'NONE', #11030, .T. ) ;
#12725 = ORIENTED_EDGE ( 'NONE', *, *, #7610, .F. ) ;
#12726 = VECTOR ( 'NONE', #6476, 1000.000000000000000 ) ;
#12727 = LINE ( 'NONE', #7854, #1807 ) ;
#12728 = DIRECTION ( 'NONE',  ( -1.000000000000000000, -0.000000000000000000, -0.000000000000000000 ) ) ;
#12729 = VECTOR ( 'NONE', #2839, 1000.000000000000000 ) ;
#12730 = ORIENTED_EDGE ( 'NONE', *, *, #4768, .T. ) ;
#12731 = ORIENTED_EDGE ( 'NONE', *, *, #3588, .F. ) ;
#12732 = ORIENTED_EDGE ( 'NONE', *, *, #11432, .F. ) ;
#12733 = PLANE ( 'NONE',  #2608 ) ;
#12734 = ORIENTED_EDGE ( 'NONE', *, *, #2506, .F. ) ;
#12735 = AXIS2_PLACEMENT_3D ( 'NONE', #10934, #2991, #2013 ) ;
#12736 = CARTESIAN_POINT ( 'NONE',  ( -17.39900000000000091, 8.064499999999998892, 1.650999999999999801 ) ) ;
#12737 = VECTOR ( 'NONE', #7644, 1000.000000000000000 ) ;
#12738 = LINE ( 'NONE', #12674, #11479 ) ;
#12739 = EDGE_CURVE ( 'NONE', #4800, #9128, #2789, .T. ) ;
#12740 = CONTEXT_DEPENDENT_SHAPE_REPRESENTATION ( #6214, #438 ) ;
#12741 = CARTESIAN_POINT ( 'NONE',  ( -13.08099999999999952, 7.239000000000000767, 1.650999999999999801 ) ) ;
#12742 = LINE ( 'NONE', #10659, #9184 ) ;
#12743 = PLANE ( 'NONE',  #755 ) ;
#12744 = VECTOR ( 'NONE', #3233, 1000.000000000000000 ) ;
#12745 = DIRECTION ( 'NONE',  ( 0.000000000000000000, 2.923638691849597351E-16, -1.000000000000000000 ) ) ;
#12746 = ORIENTED_EDGE ( 'NONE', *, *, #8815, .F. ) ;
#12747 = ORIENTED_EDGE ( 'NONE', *, *, #2160, .F. ) ;
#12748 = EDGE_LOOP ( 'NONE', ( #12105, #4003, #8578, #7983 ) ) ;
#12749 =( GEOMETRIC_REPRESENTATION_CONTEXT ( 3 ) GLOBAL_UNCERTAINTY_ASSIGNED_CONTEXT ( ( #12721 ) ) GLOBAL_UNIT_ASSIGNED_CONTEXT ( ( #1137, #8180, #2788 ) ) REPRESENTATION_CONTEXT ( 'NONE', 'WORKASPACE' ) );
#12750 = VECTOR ( 'NONE', #348, 1000.000000000000000 ) ;
#12751 = PLANE ( 'NONE',  #6826 ) ;
#12752 = AXIS2_PLACEMENT_3D ( 'NONE', #7833, #1054, #11984 ) ;
#12753 = VERTEX_POINT ( 'NONE', #5800 ) ;
#12754 = CARTESIAN_POINT ( 'NONE',  ( -3.810000000000000941, 0.5080000000000000071, 2.022881810244992806 ) ) ;
#12755 = DIRECTION ( 'NONE',  ( 1.000000000000000000, 0.000000000000000000, 0.000000000000000000 ) ) ;
#12756 = EDGE_CURVE ( 'NONE', #8138, #6256, #9773, .T. ) ;
#12757 = FILL_AREA_STYLE ('',( #8791 ) ) ;
#12758 = DIRECTION ( 'NONE',  ( 0.000000000000000000, -1.607907343367028359E-16, 1.000000000000000000 ) ) ;
#12759 = CARTESIAN_POINT ( 'NONE',  ( -8.000999999999999446, 7.239000000000000767, -1.651000000000000023 ) ) ;
#12760 = CARTESIAN_POINT ( 'NONE',  ( -1.270000000000000240, 0.5080000000000006732, -2.022881810244994583 ) ) ;
#12761 = PLANE ( 'NONE',  #396 ) ;
#12762 = SURFACE_SIDE_STYLE ('',( #12828 ) ) ;
#12763 = VERTEX_POINT ( 'NONE', #3906 ) ;
#12764 = ORIENTED_EDGE ( 'NONE', *, *, #2853, .F. ) ;
#12765 =( NAMED_UNIT ( * ) SI_UNIT ( $, .STERADIAN. ) SOLID_ANGLE_UNIT ( ) );
#12766 = CARTESIAN_POINT ( 'NONE',  ( 13.08099999999999952, 7.239000000000000767, -1.651000000000000023 ) ) ;
#12767 = VERTEX_POINT ( 'NONE', #7703 ) ;
#12768 = ADVANCED_FACE ( 'NONE', ( #5919 ), #1752, .F. ) ;
#12769 = DIRECTION ( 'NONE',  ( 0.000000000000000000, 1.000000000000000000, 3.058038798877906014E-16 ) ) ;
#12770 = VECTOR ( 'NONE', #9352, 1000.000000000000000 ) ;
#12771 = CARTESIAN_POINT ( 'NONE',  ( 13.97000000000000064, 8.509000000000000341, -2.095500000000001695 ) ) ;
#12772 = PLANE ( 'NONE',  #10997 ) ;
#12773 = CARTESIAN_POINT ( 'NONE',  ( 16.51000000000000156, 8.509000000000000341, 2.540000000000001812 ) ) ;
#12774 = LINE ( 'NONE', #5817, #1489 ) ;
#12775 = FACE_OUTER_BOUND ( 'NONE', #1760, .T. ) ;
#12776 = VERTEX_POINT ( 'NONE', #5857 ) ;
#12777 = EDGE_CURVE ( 'NONE', #9595, #248, #12629, .T. ) ;
#12778 = FACE_OUTER_BOUND ( 'NONE', #2493, .T. ) ;
#12779 = DIRECTION ( 'NONE',  ( 1.000000000000000000, 0.000000000000000000, 0.000000000000000000 ) ) ;
#12780 = ADVANCED_FACE ( 'NONE', ( #7817 ), #2725, .F. ) ;
#12781 = ORIENTED_EDGE ( 'NONE', *, *, #6462, .T. ) ;
#12782 = EDGE_CURVE ( 'NONE', #530, #8216, #1882, .T. ) ;
#12783 = LINE ( 'NONE', #11805, #10304 ) ;
#12784 = ORIENTED_EDGE ( 'NONE', *, *, #9850, .T. ) ;
#12785 = CARTESIAN_POINT ( 'NONE',  ( -9.779000000000001691, 7.239000000000000767, 1.650999999999999801 ) ) ;
#12786 = DIRECTION ( 'NONE',  ( -1.000000000000000000, -0.000000000000000000, -0.000000000000000000 ) ) ;
#12787 = EDGE_CURVE ( 'NONE', #5555, #2716, #2922, .T. ) ;
#12788 = EDGE_CURVE ( 'NONE', #4863, #8883, #10675, .T. ) ;
#12789 = CARTESIAN_POINT ( 'NONE',  ( 6.350000000000001421, 0.5080000000000000071, 2.022881810244992806 ) ) ;
#12790 = DIRECTION ( 'NONE',  ( -0.5773502691896258421, 0.5773502691896236216, -0.5773502691896278405 ) ) ;
#12791 = ADVANCED_FACE ( 'NONE', ( #3779 ), #9648, .F. ) ;
#12792 = DIRECTION ( 'NONE',  ( -0.7071067811865462405, -0.7071067811865489050, 0.000000000000000000 ) ) ;
#12793 = VECTOR ( 'NONE', #5503, 999.9999999999998863 ) ;
#12794 = PLANE ( 'NONE',  #8601 ) ;
#12795 = VERTEX_POINT ( 'NONE', #10806 ) ;
#12796 = ORIENTED_EDGE ( 'NONE', *, *, #11162, .F. ) ;
#12797 = VERTEX_POINT ( 'NONE', #9835 ) ;
#12798 = CARTESIAN_POINT ( 'NONE',  ( -12.31900000000000084, 8.064500000000002444, -0.8890000000000001235 ) ) ;
#12799 = VECTOR ( 'NONE', #3483, 1000.000000000000000 ) ;
#12800 = ORIENTED_EDGE ( 'NONE', *, *, #11254, .F. ) ;
#12801 = AXIS2_PLACEMENT_3D ( 'NONE', #202, #10966, #9996 ) ;
#12802 = DIRECTION ( 'NONE',  ( 0.7071067811865462405, -0.7071067811865489050, 0.000000000000000000 ) ) ;
#12803 = DIRECTION ( 'NONE',  ( 1.000000000000000000, 0.000000000000000000, 0.000000000000000000 ) ) ;
#12804 = SHAPE_DEFINITION_REPRESENTATION ( #9299, #11464 ) ;
#12805 = LINE ( 'NONE', #2712, #4899 ) ;
#12806 = DIRECTION ( 'NONE',  ( 0.000000000000000000, 1.000000000000000000, -2.251701056906096594E-16 ) ) ;
#12807 = EDGE_CURVE ( 'NONE', #3975, #2503, #912, .T. ) ;
#12808 = VECTOR ( 'NONE', #4565, 1000.000000000000000 ) ;
#12809 = DIRECTION ( 'NONE',  ( 0.5773502691896259531, -0.5773502691896237327, -0.5773502691896276184 ) ) ;
#12810 = CARTESIAN_POINT ( 'NONE',  ( 19.30400000000000205, 0.000000000000000000, 2.539999999999999147 ) ) ;
#12811 = VERTEX_POINT ( 'NONE', #10866 ) ;
#12812 = ORIENTED_EDGE ( 'NONE', *, *, #7705, .T. ) ;
#12813 = EDGE_LOOP ( 'NONE', ( #1522, #6943, #6573, #5187 ) ) ;
#12814 = DIRECTION ( 'NONE',  ( 0.000000000000000000, 0.000000000000000000, -1.000000000000000000 ) ) ;
#12815 = VECTOR ( 'NONE', #12303, 1000.000000000000000 ) ;
#12816 = VECTOR ( 'NONE', #7429, 1000.000000000000000 ) ;
#12817 = EDGE_CURVE ( 'NONE', #8335, #11557, #6713, .T. ) ;
#12818 = ORIENTED_EDGE ( 'NONE', *, *, #4428, .F. ) ;
#12819 = VECTOR ( 'NONE', #3413, 1000.000000000000000 ) ;
#12820 = DIRECTION ( 'NONE',  ( -0.000000000000000000, 1.000000000000000000, 1.607907343367028359E-16 ) ) ;
#12821 = CARTESIAN_POINT ( 'NONE',  ( -13.97000000000000064, 4.336808689942017736E-16, -2.159000000000001140 ) ) ;
#12822 = VECTOR ( 'NONE', #10775, 1000.000000000000000 ) ;
#12823 = DIRECTION ( 'NONE',  ( -0.000000000000000000, -0.7071067811865482389, -0.7071067811865469066 ) ) ;
#12825 = FACE_OUTER_BOUND ( 'NONE', #8155, .T. ) ;
#12824 = AXIS2_PLACEMENT_3D ( 'NONE', #2171, #1138, #10010 ) ;
#12826 = CARTESIAN_POINT ( 'NONE',  ( -6.349999999999999645, 8.509000000000000341, 2.540000000000001812 ) ) ;
#12827 = CARTESIAN_POINT ( 'NONE',  ( 2.159000000000001140, 7.239000000000000767, 1.650999999999999801 ) ) ;
#12828 = SURFACE_STYLE_FILL_AREA ( #8860 ) ;
#12829 = ORIENTED_EDGE ( 'NONE', *, *, #1776, .F. ) ;
#12830 = ORIENTED_EDGE ( 'NONE', *, *, #8127, .F. ) ;
#12831 = CARTESIAN_POINT ( 'NONE',  ( 0.8255000000000033422, 8.509000000000000341, -2.540000000000001812 ) ) ;
#12832 = AXIS2_PLACEMENT_3D ( 'NONE', #6619, #11548, #613 ) ;
#12833 = CARTESIAN_POINT ( 'NONE',  ( 7.239000000000002544, 7.239000000000000767, 1.650999999999999801 ) ) ;
#12834 = ORIENTED_EDGE ( 'NONE', *, *, #6837, .T. ) ;
#12835 = ADVANCED_FACE ( 'NONE', ( #8668 ), #8734, .F. ) ;
#12836 = DIRECTION ( 'NONE',  ( 0.000000000000000000, 3.058038798877906014E-16, -1.000000000000000000 ) ) ;
#12837 = DIRECTION ( 'NONE',  ( 1.000000000000000000, 0.000000000000000000, 0.000000000000000000 ) ) ;
#12838 = LINE ( 'NONE', #3923, #7685 ) ;
#12839 = DIRECTION ( 'NONE',  ( 0.000000000000000000, 0.000000000000000000, -1.000000000000000000 ) ) ;
#12840 = DIRECTION ( 'NONE',  ( 0.000000000000000000, -1.000000000000000000, -3.058038798877906014E-16 ) ) ;
#12841 = VECTOR ( 'NONE', #1344, 1000.000000000000000 ) ;
#12842 = DIRECTION ( 'NONE',  ( -0.000000000000000000, 1.000000000000000000, 1.733406087350420004E-16 ) ) ;
#12843 = ORIENTED_EDGE ( 'NONE', *, *, #12675, .T. ) ;
#12844 = CARTESIAN_POINT ( 'NONE',  ( 10.54100000000000215, 7.239000000000000767, -0.8890000000000001235 ) ) ;
#12845 = LINE ( 'NONE', #8818, #6528 ) ;
#12846 = VERTEX_POINT ( 'NONE', #10741 ) ;
#12847 = VECTOR ( 'NONE', #5037, 1000.000000000000000 ) ;
#12848 = VECTOR ( 'NONE', #6841, 1000.000000000000000 ) ;
#12849 = DIRECTION ( 'NONE',  ( -0.3420201433256661594, -0.9396926207859093161, 2.197857363660188051E-16 ) ) ;
#12850 = VERTEX_POINT ( 'NONE', #1820 ) ;
#12851 = DIRECTION ( 'NONE',  ( -1.000000000000000000, -0.000000000000000000, -0.000000000000000000 ) ) ;
#12852 = CARTESIAN_POINT ( 'NONE',  ( -3.809999999999999165, -8.578981026812224210E-17, 2.158999999999999364 ) ) ;
#12853 = EDGE_CURVE ( 'NONE', #12352, #11791, #8005, .T. ) ;
#12854 = LINE ( 'NONE', #12383, #7821 ) ;
#12855 = DIRECTION ( 'NONE',  ( -1.000000000000000000, -0.000000000000000000, -0.000000000000000000 ) ) ;
#12856 = DIRECTION ( 'NONE',  ( 0.000000000000000000, -0.9659258262890701996, -0.2588190451025140226 ) ) ;
#12857 = VECTOR ( 'NONE', #1412, 1000.000000000000000 ) ;
#12858 = CARTESIAN_POINT ( 'NONE',  ( -14.85899999999999999, 8.064499999999998892, 1.650999999999999801 ) ) ;
#12859 = EDGE_LOOP ( 'NONE', ( #11379, #7727, #8102, #6305 ) ) ;
#12860 = ORIENTED_EDGE ( 'NONE', *, *, #8165, .T. ) ;
#12861 = ORIENTED_EDGE ( 'NONE', *, *, #448, .F. ) ;
#12862 = DIRECTION ( 'NONE',  ( 0.000000000000000000, 0.000000000000000000, 1.000000000000000000 ) ) ;
#12863 = EDGE_CURVE ( 'NONE', #10779, #5081, #9106, .T. ) ;
#12864 = ADVANCED_FACE ( 'NONE', ( #4211, #5133, #1040 ), #12027, .F. ) ;
#12865 = ORIENTED_EDGE ( 'NONE', *, *, #3719, .F. ) ;
#12866 = AXIS2_PLACEMENT_3D ( 'NONE', #8024, #3065, #6246 ) ;
#12867 = DIRECTION ( 'NONE',  ( -0.5773502691896259531, -0.5773502691896237327, -0.5773502691896276184 ) ) ;
#12868 = ADVANCED_FACE ( 'NONE', ( #49 ), #4278, .F. ) ;
#12869 = CARTESIAN_POINT ( 'NONE',  ( -15.62099999999999866, 8.064499999999998892, 1.650999999999999801 ) ) ;
#12870 = FACE_OUTER_BOUND ( 'NONE', #5170, .T. ) ;
#12871 = DIRECTION ( 'NONE',  ( -0.000000000000000000, 1.000000000000000000, 1.733406087350420004E-16 ) ) ;
#12872 = FACE_OUTER_BOUND ( 'NONE', #12291, .T. ) ;
#12873 = ORIENTED_EDGE ( 'NONE', *, *, #11572, .F. ) ;
#12874 = ORIENTED_EDGE ( 'NONE', *, *, #10792, .T. ) ;
#12875 = ORIENTED_EDGE ( 'NONE', *, *, #12619, .F. ) ;
#12876 = CARTESIAN_POINT ( 'NONE',  ( 18.60550000000000281, 8.509000000000000341, 0.4444999999999970086 ) ) ;
#12877 = AXIS2_PLACEMENT_3D ( 'NONE', #630, #9435, #3431 ) ;
#12878 =( REPRESENTATION_RELATIONSHIP ('NONE','NONE', #12679, #10636 ) REPRESENTATION_RELATIONSHIP_WITH_TRANSFORMATION ( #156 )SHAPE_REPRESENTATION_RELATIONSHIP( ) );
#12879 = ORIENTED_EDGE ( 'NONE', *, *, #6450, .F. ) ;
#12880 = NEXT_ASSEMBLY_USAGE_OCCURRENCE ( 'NAUO1', ' ', ' ', #592, #837, $ ) ;
#12881 = NEXT_ASSEMBLY_USAGE_OCCURRENCE ( 'NAUO2', ' ', ' ', #592, #11965, $ ) ;
#12882 = NEXT_ASSEMBLY_USAGE_OCCURRENCE ( 'NAUO3', ' ', ' ', #592, #11965, $ ) ;
#12883 = NEXT_ASSEMBLY_USAGE_OCCURRENCE ( 'NAUO4', ' ', ' ', #592, #11965, $ ) ;
#12884 = NEXT_ASSEMBLY_USAGE_OCCURRENCE ( 'NAUO5', ' ', ' ', #592, #11965, $ ) ;
#12885 = NEXT_ASSEMBLY_USAGE_OCCURRENCE ( 'NAUO6', ' ', ' ', #592, #11965, $ ) ;
#12886 = NEXT_ASSEMBLY_USAGE_OCCURRENCE ( 'NAUO7', ' ', ' ', #592, #11965, $ ) ;
#12887 = NEXT_ASSEMBLY_USAGE_OCCURRENCE ( 'NAUO8', ' ', ' ', #592, #11965, $ ) ;
#12888 = NEXT_ASSEMBLY_USAGE_OCCURRENCE ( 'NAUO9', ' ', ' ', #592, #11965, $ ) ;
#12889 = NEXT_ASSEMBLY_USAGE_OCCURRENCE ( 'NAUO10', ' ', ' ', #592, #11965, $ ) ;
#12890 = NEXT_ASSEMBLY_USAGE_OCCURRENCE ( 'NAUO11', ' ', ' ', #592, #11965, $ ) ;
#12891 = NEXT_ASSEMBLY_USAGE_OCCURRENCE ( 'NAUO12', ' ', ' ', #592, #11965, $ ) ;
#12892 = NEXT_ASSEMBLY_USAGE_OCCURRENCE ( 'NAUO13', ' ', ' ', #592, #11965, $ ) ;
#12893 = NEXT_ASSEMBLY_USAGE_OCCURRENCE ( 'NAUO14', ' ', ' ', #592, #11965, $ ) ;
#12894 = NEXT_ASSEMBLY_USAGE_OCCURRENCE ( 'NAUO15', ' ', ' ', #592, #11965, $ ) ;
#12895 = NEXT_ASSEMBLY_USAGE_OCCURRENCE ( 'NAUO16', ' ', ' ', #592, #11965, $ ) ;
ENDSEC;
END-ISO-10303-21;
